deid_patient_id,n_images
patient00001,1
patient00002,3
patient00003,1
patient00004,2
patient00005,4
patient00006,1
patient00007,2
patient00008,2
patient00009,2
patient00010,2
patient00011,14
patient00012,6
patient00013,2
patient00014,2
patient00015,2
patient00016,2
patient00017,2
patient00018,2
patient00019,5
patient00020,1
patient00021,1
patient00022,3
patient00023,20
patient00024,3
patient00025,4
patient00026,2
patient00027,2
patient00028,2
patient00029,1
patient00030,1
patient00031,3
patient00032,2
patient00033,1
patient00034,1
patient00035,4
patient00036,1
patient00037,2
patient00038,3
patient00039,11
patient00040,1
patient00041,2
patient00042,2
patient00043,4
patient00044,9
patient00045,2
patient00046,6
patient00047,5
patient00048,1
patient00049,3
patient00050,2
patient00051,2
patient00052,2
patient00053,1
patient00054,2
patient00055,4
patient00056,5
patient00057,3
patient00058,2
patient00059,2
patient00060,2
patient00061,6
patient00062,4
patient00063,6
patient00064,1
patient00065,4
patient00066,2
patient00067,5
patient00068,1
patient00069,47
patient00070,1
patient00071,3
patient00072,5
patient00073,2
patient00074,1
patient00075,4
patient00076,1
patient00077,2
patient00078,9
patient00079,2
patient00080,8
patient00081,4
patient00082,2
patient00083,1
patient00084,3
patient00085,4
patient00086,1
patient00087,5
patient00088,2
patient00089,2
patient00090,2
patient00091,1
patient00092,6
patient00093,1
patient00094,1
patient00095,1
patient00096,3
patient00097,2
patient00098,8
patient00099,2
patient00100,10
patient00101,4
patient00102,3
patient00103,4
patient00104,1
patient00105,1
patient00106,2
patient00107,1
patient00108,2
patient00109,4
patient00110,1
patient00111,4
patient00112,3
patient00113,2
patient00114,20
patient00115,2
patient00116,5
patient00117,3
patient00118,4
patient00119,6
patient00120,1
patient00121,1
patient00122,9
patient00123,4
patient00124,8
patient00125,2
patient00126,1
patient00127,1
patient00128,28
patient00129,1
patient00130,2
patient00131,2
patient00132,3
patient00133,2
patient00134,9
patient00135,7
patient00136,5
patient00137,4
patient00138,9
patient00139,6
patient00140,19
patient00141,3
patient00142,12
patient00143,3
patient00144,2
patient00145,3
patient00146,31
patient00147,15
patient00148,3
patient00149,3
patient00150,3
patient00151,7
patient00152,2
patient00153,1
patient00154,2
patient00155,9
patient00156,2
patient00157,3
patient00158,4
patient00159,2
patient00160,3
patient00161,2
patient00162,2
patient00163,2
patient00164,2
patient00165,3
patient00166,2
patient00167,2
patient00168,9
patient00169,3
patient00170,12
patient00171,7
patient00172,5
patient00173,1
patient00174,2
patient00175,4
patient00176,2
patient00177,5
patient00178,13
patient00179,4
patient00180,4
patient00181,1
patient00182,2
patient00183,5
patient00184,7
patient00185,2
patient00186,2
patient00187,1
patient00188,1
patient00189,4
patient00190,3
patient00191,1
patient00192,1
patient00193,2
patient00194,4
patient00195,2
patient00196,2
patient00197,1
patient00198,2
patient00199,2
patient00200,1
patient00201,4
patient00202,4
patient00203,4
patient00204,21
patient00205,2
patient00206,2
patient00207,1
patient00208,6
patient00209,8
patient00210,28
patient00211,2
patient00212,2
patient00213,2
patient00214,1
patient00215,2
patient00216,1
patient00217,3
patient00218,3
patient00219,2
patient00220,3
patient00221,20
patient00222,2
patient00223,1
patient00224,2
patient00225,2
patient00226,4
patient00227,2
patient00228,1
patient00229,1
patient00230,2
patient00231,2
patient00232,2
patient00233,1
patient00234,1
patient00235,17
patient00236,3
patient00237,19
patient00238,1
patient00239,2
patient00240,2
patient00241,1
patient00242,1
patient00243,2
patient00244,1
patient00245,6
patient00246,3
patient00247,1
patient00248,3
patient00249,10
patient00250,12
patient00251,10
patient00252,4
patient00253,4
patient00254,1
patient00255,16
patient00256,5
patient00257,1
patient00258,1
patient00259,21
patient00260,1
patient00261,7
patient00262,4
patient00263,2
patient00264,3
patient00265,2
patient00266,1
patient00267,3
patient00268,3
patient00269,4
patient00270,3
patient00271,4
patient00272,1
patient00273,3
patient00274,2
patient00275,2
patient00276,2
patient00277,13
patient00278,2
patient00279,1
patient00280,7
patient00281,5
patient00282,4
patient00283,5
patient00284,2
patient00285,4
patient00286,9
patient00287,6
patient00288,2
patient00289,2
patient00290,2
patient00291,9
patient00292,2
patient00293,2
patient00294,21
patient00295,1
patient00296,2
patient00297,1
patient00298,7
patient00299,2
patient00300,1
patient00301,2
patient00302,2
patient00303,2
patient00304,2
patient00305,2
patient00306,1
patient00307,4
patient00308,6
patient00309,3
patient00310,42
patient00311,1
patient00312,3
patient00313,2
patient00314,36
patient00315,1
patient00316,2
patient00317,9
patient00318,2
patient00319,4
patient00320,3
patient00321,4
patient00322,1
patient00323,4
patient00324,2
patient00325,6
patient00326,21
patient00327,4
patient00328,2
patient00329,4
patient00330,4
patient00331,3
patient00332,2
patient00333,3
patient00334,2
patient00335,8
patient00336,6
patient00337,6
patient00338,4
patient00339,2
patient00340,4
patient00341,7
patient00342,1
patient00343,1
patient00344,2
patient00345,2
patient00346,8
patient00347,6
patient00348,5
patient00349,3
patient00350,3
patient00351,3
patient00352,1
patient00353,1
patient00354,2
patient00355,2
patient00356,1
patient00357,2
patient00358,1
patient00359,11
patient00360,1
patient00361,1
patient00362,2
patient00363,3
patient00364,3
patient00365,1
patient00366,2
patient00367,4
patient00368,1
patient00369,2
patient00370,10
patient00371,1
patient00372,10
patient00373,6
patient00374,2
patient00375,4
patient00376,2
patient00377,1
patient00378,2
patient00379,1
patient00380,1
patient00381,2
patient00382,1
patient00383,1
patient00384,1
patient00385,2
patient00386,1
patient00387,2
patient00388,1
patient00389,4
patient00390,2
patient00391,5
patient00392,10
patient00393,2
patient00394,1
patient00395,4
patient00396,2
patient00397,8
patient00398,2
patient00399,2
patient00400,7
patient00401,1
patient00402,1
patient00403,5
patient00404,4
patient00405,2
patient00406,2
patient00407,1
patient00408,6
patient00409,2
patient00410,9
patient00411,3
patient00412,8
patient00413,2
patient00414,6
patient00415,6
patient00416,2
patient00417,2
patient00418,2
patient00419,2
patient00420,3
patient00421,3
patient00422,2
patient00423,2
patient00424,2
patient00425,1
patient00426,44
patient00427,2
patient00428,1
patient00429,3
patient00430,1
patient00431,7
patient00432,2
patient00433,1
patient00434,2
patient00435,6
patient00436,1
patient00437,4
patient00438,5
patient00439,1
patient00440,1
patient00441,6
patient00442,2
patient00443,2
patient00444,5
patient00445,1
patient00446,3
patient00447,1
patient00448,2
patient00449,2
patient00450,2
patient00451,2
patient00452,1
patient00453,4
patient00454,2
patient00455,2
patient00456,3
patient00457,8
patient00458,1
patient00459,2
patient00460,2
patient00461,6
patient00462,1
patient00463,26
patient00464,1
patient00465,2
patient00466,10
patient00467,51
patient00468,7
patient00469,5
patient00470,2
patient00471,2
patient00472,3
patient00473,5
patient00474,2
patient00475,2
patient00476,2
patient00477,4
patient00478,6
patient00479,2
patient00480,19
patient00481,2
patient00482,2
patient00483,1
patient00484,1
patient00485,2
patient00486,2
patient00487,5
patient00488,2
patient00489,5
patient00490,2
patient00491,4
patient00492,2
patient00493,2
patient00494,4
patient00495,4
patient00496,7
patient00497,7
patient00498,5
patient00499,1
patient00500,3
patient00501,5
patient00502,1
patient00503,1
patient00504,12
patient00505,2
patient00506,1
patient00507,1
patient00508,4
patient00509,2
patient00510,3
patient00511,1
patient00512,1
patient00513,2
patient00514,2
patient00515,14
patient00516,6
patient00517,2
patient00518,2
patient00519,2
patient00520,1
patient00521,4
patient00522,4
patient00523,1
patient00524,3
patient00525,2
patient00526,3
patient00527,1
patient00528,6
patient00529,2
patient00530,1
patient00531,2
patient00532,4
patient00533,4
patient00534,5
patient00535,4
patient00536,1
patient00537,7
patient00538,4
patient00539,1
patient00540,2
patient00541,11
patient00542,6
patient00543,11
patient00544,4
patient00545,3
patient00546,4
patient00547,4
patient00548,2
patient00549,3
patient00550,6
patient00551,2
patient00552,2
patient00553,1
patient00554,1
patient00555,3
patient00556,1
patient00557,3
patient00558,1
patient00559,6
patient00560,1
patient00561,2
patient00562,4
patient00563,3
patient00564,1
patient00565,3
patient00566,1
patient00567,4
patient00568,1
patient00569,2
patient00570,2
patient00571,1
patient00572,4
patient00573,3
patient00574,2
patient00575,3
patient00576,1
patient00577,2
patient00578,1
patient00579,2
patient00580,3
patient00581,1
patient00582,1
patient00583,9
patient00584,14
patient00585,1
patient00586,3
patient00587,2
patient00588,2
patient00589,4
patient00590,2
patient00591,2
patient00592,5
patient00593,1
patient00594,3
patient00595,4
patient00596,8
patient00597,2
patient00598,4
patient00599,1
patient00600,2
patient00601,6
patient00602,6
patient00603,6
patient00604,2
patient00605,2
patient00606,2
patient00607,4
patient00608,2
patient00609,2
patient00610,2
patient00611,7
patient00612,2
patient00613,2
patient00614,2
patient00615,3
patient00616,4
patient00617,2
patient00618,2
patient00619,3
patient00620,1
patient00621,6
patient00622,1
patient00623,2
patient00624,12
patient00625,2
patient00626,1
patient00627,10
patient00628,9
patient00629,2
patient00630,2
patient00631,46
patient00632,2
patient00633,3
patient00634,2
patient00635,1
patient00636,2
patient00637,7
patient00638,2
patient00639,3
patient00640,1
patient00641,2
patient00642,4
patient00643,7
patient00644,8
patient00645,1
patient00646,5
patient00647,1
patient00648,2
patient00649,2
patient00650,2
patient00651,3
patient00652,3
patient00653,2
patient00654,1
patient00655,7
patient00656,2
patient00657,2
patient00658,2
patient00659,3
patient00660,2
patient00661,2
patient00662,2
patient00663,1
patient00664,1
patient00665,2
patient00666,2
patient00667,1
patient00668,1
patient00669,19
patient00670,2
patient00671,1
patient00672,2
patient00673,1
patient00674,11
patient00675,3
patient00676,1
patient00677,2
patient00678,14
patient00679,2
patient00680,4
patient00681,5
patient00682,2
patient00683,11
patient00684,2
patient00685,2
patient00686,4
patient00687,12
patient00688,1
patient00689,21
patient00690,6
patient00691,16
patient00692,2
patient00693,35
patient00694,5
patient00695,4
patient00696,14
patient00697,12
patient00698,4
patient00699,2
patient00700,1
patient00701,8
patient00702,3
patient00703,23
patient00704,6
patient00705,3
patient00706,3
patient00707,5
patient00708,3
patient00709,3
patient00710,2
patient00711,1
patient00712,2
patient00713,10
patient00714,7
patient00715,9
patient00716,1
patient00717,1
patient00718,2
patient00719,2
patient00720,3
patient00721,1
patient00722,2
patient00723,2
patient00724,2
patient00725,2
patient00726,1
patient00727,2
patient00728,4
patient00729,2
patient00730,2
patient00731,2
patient00732,2
patient00733,2
patient00734,4
patient00735,4
patient00736,1
patient00737,2
patient00738,18
patient00739,3
patient00740,3
patient00741,1
patient00742,8
patient00743,2
patient00744,6
patient00745,1
patient00746,1
patient00747,1
patient00748,3
patient00749,2
patient00750,40
patient00751,2
patient00752,3
patient00753,2
patient00754,9
patient00755,6
patient00756,2
patient00757,16
patient00758,1
patient00759,1
patient00760,2
patient00761,1
patient00762,1
patient00763,10
patient00764,9
patient00765,1
patient00766,2
patient00767,3
patient00768,1
patient00769,3
patient00770,4
patient00771,7
patient00772,6
patient00773,10
patient00774,1
patient00775,1
patient00776,2
patient00777,2
patient00778,2
patient00779,2
patient00780,6
patient00781,2
patient00782,4
patient00783,3
patient00784,6
patient00785,4
patient00786,2
patient00787,1
patient00788,1
patient00789,2
patient00790,2
patient00791,2
patient00792,2
patient00793,2
patient00794,4
patient00795,6
patient00796,3
patient00797,2
patient00798,2
patient00799,11
patient00800,3
patient00801,2
patient00802,1
patient00803,1
patient00804,2
patient00805,1
patient00806,3
patient00807,1
patient00808,2
patient00809,1
patient00810,2
patient00811,2
patient00812,2
patient00813,1
patient00814,5
patient00815,16
patient00816,3
patient00817,1
patient00818,2
patient00819,2
patient00820,2
patient00821,2
patient00822,1
patient00823,5
patient00824,5
patient00825,15
patient00826,31
patient00827,1
patient00828,1
patient00829,1
patient00830,3
patient00831,3
patient00832,1
patient00833,6
patient00834,3
patient00835,2
patient00836,18
patient00837,2
patient00838,1
patient00839,4
patient00840,12
patient00841,2
patient00842,4
patient00843,4
patient00844,6
patient00845,6
patient00846,6
patient00847,2
patient00848,18
patient00849,1
patient00850,1
patient00851,1
patient00852,2
patient00853,3
patient00854,2
patient00855,6
patient00856,2
patient00857,16
patient00858,3
patient00859,2
patient00860,3
patient00861,5
patient00862,2
patient00863,13
patient00864,1
patient00865,13
patient00866,4
patient00867,1
patient00868,7
patient00869,2
patient00870,4
patient00871,2
patient00872,2
patient00873,2
patient00874,5
patient00875,1
patient00876,2
patient00877,26
patient00878,2
patient00879,2
patient00880,5
patient00881,2
patient00882,1
patient00883,1
patient00884,9
patient00885,2
patient00886,4
patient00887,2
patient00888,21
patient00889,1
patient00890,1
patient00891,3
patient00892,1
patient00893,5
patient00894,3
patient00895,1
patient00896,3
patient00897,2
patient00898,2
patient00899,2
patient00900,4
patient00901,2
patient00902,2
patient00903,2
patient00904,2
patient00905,2
patient00906,1
patient00907,1
patient00908,1
patient00909,3
patient00910,10
patient00911,1
patient00912,4
patient00913,2
patient00914,2
patient00915,5
patient00916,2
patient00917,1
patient00918,1
patient00919,7
patient00920,1
patient00921,2
patient00922,5
patient00923,1
patient00924,3
patient00925,2
patient00926,2
patient00927,5
patient00928,1
patient00929,1
patient00930,2
patient00931,2
patient00932,4
patient00933,12
patient00934,1
patient00935,3
patient00936,8
patient00937,8
patient00938,1
patient00939,2
patient00940,2
patient00941,2
patient00942,8
patient00943,2
patient00944,2
patient00945,1
patient00946,2
patient00947,1
patient00948,2
patient00949,3
patient00950,2
patient00951,11
patient00952,7
patient00953,1
patient00954,2
patient00955,2
patient00956,5
patient00957,2
patient00958,4
patient00959,1
patient00960,4
patient00961,1
patient00962,9
patient00963,2
patient00964,2
patient00965,15
patient00966,14
patient00967,2
patient00968,1
patient00969,2
patient00970,1
patient00971,12
patient00972,12
patient00973,2
patient00974,4
patient00975,1
patient00976,2
patient00977,2
patient00978,2
patient00979,1
patient00980,10
patient00981,16
patient00982,2
patient00983,5
patient00984,7
patient00985,1
patient00986,2
patient00987,6
patient00988,1
patient00989,7
patient00990,5
patient00991,1
patient00992,5
patient00993,1
patient00994,4
patient00995,5
patient00996,3
patient00997,2
patient00998,1
patient00999,1
patient01000,1
patient01001,4
patient01002,2
patient01003,1
patient01004,2
patient01005,9
patient01006,2
patient01007,11
patient01008,4
patient01009,1
patient01010,4
patient01011,1
patient01012,2
patient01013,3
patient01014,1
patient01015,4
patient01016,4
patient01017,2
patient01018,9
patient01019,3
patient01020,1
patient01021,2
patient01022,3
patient01023,2
patient01024,2
patient01025,1
patient01026,1
patient01027,1
patient01028,1
patient01029,3
patient01030,1
patient01031,1
patient01032,13
patient01033,2
patient01034,3
patient01035,2
patient01036,2
patient01037,1
patient01038,1
patient01039,2
patient01040,2
patient01041,2
patient01042,1
patient01043,11
patient01044,2
patient01045,2
patient01046,5
patient01047,2
patient01048,2
patient01049,2
patient01050,2
patient01051,23
patient01052,1
patient01053,7
patient01054,3
patient01055,1
patient01056,1
patient01057,3
patient01058,1
patient01059,1
patient01060,1
patient01061,1
patient01062,9
patient01063,2
patient01064,2
patient01065,1
patient01066,11
patient01067,2
patient01068,3
patient01069,10
patient01070,2
patient01071,32
patient01072,7
patient01073,1
patient01074,3
patient01075,1
patient01076,1
patient01077,8
patient01078,2
patient01079,2
patient01080,10
patient01081,2
patient01082,3
patient01083,2
patient01084,2
patient01085,1
patient01086,6
patient01087,2
patient01088,2
patient01089,1
patient01090,14
patient01091,4
patient01092,1
patient01093,1
patient01094,12
patient01095,1
patient01096,3
patient01097,1
patient01098,1
patient01099,1
patient01100,10
patient01101,3
patient01102,2
patient01103,8
patient01104,1
patient01105,1
patient01106,1
patient01107,1
patient01108,1
patient01109,3
patient01110,17
patient01111,2
patient01112,2
patient01113,2
patient01114,2
patient01115,2
patient01116,6
patient01117,2
patient01118,2
patient01119,2
patient01120,2
patient01121,6
patient01122,2
patient01123,1
patient01124,7
patient01125,2
patient01126,1
patient01127,17
patient01128,1
patient01129,8
patient01130,2
patient01131,7
patient01132,9
patient01133,4
patient01134,2
patient01135,1
patient01136,2
patient01137,11
patient01138,1
patient01139,2
patient01140,1
patient01141,26
patient01142,2
patient01143,2
patient01144,1
patient01145,9
patient01146,3
patient01147,3
patient01148,9
patient01149,1
patient01150,3
patient01151,5
patient01152,4
patient01153,2
patient01154,2
patient01155,13
patient01156,2
patient01157,1
patient01158,2
patient01159,2
patient01160,2
patient01161,14
patient01162,2
patient01163,1
patient01164,1
patient01165,18
patient01166,2
patient01167,55
patient01168,1
patient01169,6
patient01170,1
patient01171,2
patient01172,4
patient01173,1
patient01174,3
patient01175,6
patient01176,1
patient01177,2
patient01178,5
patient01179,1
patient01180,1
patient01181,5
patient01182,4
patient01183,7
patient01184,3
patient01185,7
patient01186,4
patient01187,19
patient01188,1
patient01189,2
patient01190,4
patient01191,6
patient01192,2
patient01193,2
patient01194,1
patient01195,1
patient01196,1
patient01197,4
patient01198,2
patient01199,4
patient01200,3
patient01201,4
patient01202,5
patient01203,2
patient01204,4
patient01205,7
patient01206,2
patient01207,4
patient01208,2
patient01209,2
patient01210,1
patient01211,2
patient01212,1
patient01213,2
patient01214,3
patient01215,6
patient01216,1
patient01217,9
patient01218,2
patient01219,1
patient01220,1
patient01221,35
patient01222,10
patient01223,3
patient01224,4
patient01225,2
patient01226,4
patient01227,2
patient01228,3
patient01229,2
patient01230,1
patient01231,2
patient01232,2
patient01233,7
patient01234,5
patient01235,3
patient01236,1
patient01237,2
patient01238,2
patient01239,10
patient01240,1
patient01241,2
patient01242,2
patient01243,1
patient01244,2
patient01245,6
patient01246,2
patient01247,7
patient01248,2
patient01249,2
patient01250,1
patient01251,3
patient01252,5
patient01253,2
patient01254,11
patient01255,1
patient01256,1
patient01257,2
patient01258,2
patient01259,5
patient01260,2
patient01261,3
patient01262,16
patient01263,19
patient01264,2
patient01265,4
patient01266,2
patient01267,4
patient01268,3
patient01269,2
patient01270,1
patient01271,3
patient01272,2
patient01273,1
patient01274,3
patient01275,4
patient01276,1
patient01277,5
patient01278,2
patient01279,2
patient01280,4
patient01281,1
patient01282,2
patient01283,6
patient01284,3
patient01285,2
patient01286,2
patient01287,3
patient01288,3
patient01289,2
patient01290,1
patient01291,5
patient01292,5
patient01293,3
patient01294,3
patient01295,9
patient01296,2
patient01297,3
patient01298,1
patient01299,1
patient01300,5
patient01301,1
patient01302,3
patient01303,1
patient01304,2
patient01305,2
patient01306,2
patient01307,3
patient01308,1
patient01309,4
patient01310,2
patient01311,19
patient01312,2
patient01313,2
patient01314,1
patient01315,5
patient01316,1
patient01317,2
patient01318,2
patient01319,2
patient01320,4
patient01321,2
patient01322,1
patient01323,1
patient01324,6
patient01325,3
patient01326,2
patient01327,2
patient01328,2
patient01329,2
patient01330,1
patient01331,10
patient01332,2
patient01333,2
patient01334,1
patient01335,12
patient01336,1
patient01337,2
patient01338,7
patient01339,2
patient01340,14
patient01341,2
patient01342,13
patient01343,14
patient01344,4
patient01345,12
patient01346,1
patient01347,1
patient01348,7
patient01349,6
patient01350,1
patient01351,2
patient01352,2
patient01353,2
patient01354,1
patient01355,8
patient01356,4
patient01357,1
patient01358,2
patient01359,3
patient01360,2
patient01361,2
patient01362,4
patient01363,1
patient01364,1
patient01365,2
patient01366,2
patient01367,2
patient01368,2
patient01369,3
patient01370,1
patient01371,1
patient01372,1
patient01373,2
patient01374,2
patient01375,6
patient01376,6
patient01377,2
patient01378,1
patient01379,2
patient01380,2
patient01381,2
patient01382,2
patient01383,4
patient01384,1
patient01385,23
patient01386,10
patient01387,2
patient01388,2
patient01389,2
patient01390,4
patient01391,2
patient01392,2
patient01393,2
patient01394,6
patient01395,2
patient01396,1
patient01397,4
patient01398,2
patient01399,2
patient01400,1
patient01401,3
patient01402,4
patient01403,2
patient01404,1
patient01405,2
patient01406,2
patient01407,2
patient01408,2
patient01409,8
patient01410,4
patient01411,3
patient01412,3
patient01413,1
patient01414,5
patient01415,2
patient01416,2
patient01417,2
patient01418,2
patient01419,3
patient01420,5
patient01421,2
patient01422,1
patient01423,17
patient01424,1
patient01425,4
patient01426,3
patient01427,2
patient01428,2
patient01429,2
patient01430,2
patient01431,2
patient01432,2
patient01433,1
patient01434,2
patient01435,2
patient01436,1
patient01437,12
patient01438,5
patient01439,1
patient01440,23
patient01441,3
patient01442,3
patient01443,5
patient01444,12
patient01445,2
patient01446,4
patient01447,5
patient01448,19
patient01449,2
patient01450,2
patient01451,2
patient01452,2
patient01453,7
patient01454,15
patient01455,1
patient01456,2
patient01457,65
patient01458,1
patient01459,5
patient01460,11
patient01461,2
patient01462,2
patient01463,2
patient01464,8
patient01465,6
patient01466,1
patient01467,3
patient01468,1
patient01469,9
patient01470,2
patient01471,18
patient01472,4
patient01473,1
patient01474,6
patient01475,10
patient01476,1
patient01477,4
patient01478,2
patient01479,7
patient01480,1
patient01481,3
patient01482,3
patient01483,2
patient01484,8
patient01485,6
patient01486,3
patient01487,3
patient01488,7
patient01489,37
patient01490,4
patient01491,1
patient01492,2
patient01493,2
patient01494,19
patient01495,2
patient01496,2
patient01497,1
patient01498,12
patient01499,4
patient01500,2
patient01501,4
patient01502,2
patient01503,6
patient01504,2
patient01505,15
patient01506,3
patient01507,6
patient01508,2
patient01509,2
patient01510,6
patient01511,2
patient01512,2
patient01513,1
patient01514,2
patient01515,1
patient01516,9
patient01517,1
patient01518,3
patient01519,1
patient01520,13
patient01521,1
patient01522,2
patient01523,7
patient01524,2
patient01525,1
patient01526,2
patient01527,3
patient01528,4
patient01529,6
patient01530,2
patient01531,2
patient01532,2
patient01533,2
patient01534,2
patient01535,1
patient01536,2
patient01537,8
patient01538,14
patient01539,6
patient01540,1
patient01541,5
patient01542,1
patient01543,13
patient01544,2
patient01545,27
patient01546,6
patient01547,14
patient01548,1
patient01549,9
patient01550,11
patient01551,5
patient01552,7
patient01553,2
patient01554,7
patient01555,2
patient01556,2
patient01557,1
patient01558,4
patient01559,4
patient01560,1
patient01561,2
patient01562,3
patient01563,2
patient01564,2
patient01565,5
patient01566,5
patient01567,1
patient01568,1
patient01569,1
patient01570,4
patient01571,1
patient01572,2
patient01573,10
patient01574,4
patient01575,2
patient01576,3
patient01577,5
patient01578,4
patient01579,3
patient01580,3
patient01581,2
patient01582,2
patient01583,1
patient01584,2
patient01585,1
patient01586,1
patient01587,2
patient01588,2
patient01589,1
patient01590,2
patient01591,2
patient01592,1
patient01593,2
patient01594,1
patient01595,28
patient01596,5
patient01597,1
patient01598,2
patient01599,5
patient01600,5
patient01601,1
patient01602,1
patient01603,1
patient01604,1
patient01605,2
patient01606,4
patient01607,2
patient01608,6
patient01609,2
patient01610,1
patient01611,1
patient01612,1
patient01613,3
patient01614,2
patient01615,2
patient01616,2
patient01617,4
patient01618,1
patient01619,2
patient01620,1
patient01621,6
patient01622,8
patient01623,1
patient01624,3
patient01625,1
patient01626,2
patient01627,7
patient01628,2
patient01629,2
patient01630,11
patient01631,2
patient01632,1
patient01633,2
patient01634,4
patient01635,2
patient01636,1
patient01637,8
patient01638,5
patient01639,6
patient01640,1
patient01641,3
patient01642,5
patient01643,3
patient01644,1
patient01645,9
patient01646,3
patient01647,1
patient01648,2
patient01649,1
patient01650,2
patient01651,2
patient01652,3
patient01653,3
patient01654,4
patient01655,2
patient01656,2
patient01657,2
patient01658,3
patient01659,1
patient01660,1
patient01661,7
patient01662,2
patient01663,8
patient01664,7
patient01665,2
patient01666,2
patient01667,5
patient01668,1
patient01669,2
patient01670,1
patient01671,29
patient01672,8
patient01673,6
patient01674,1
patient01675,1
patient01676,1
patient01677,5
patient01678,11
patient01679,2
patient01680,2
patient01681,2
patient01682,4
patient01683,1
patient01684,1
patient01685,2
patient01686,2
patient01687,3
patient01688,9
patient01689,11
patient01690,4
patient01691,2
patient01692,1
patient01693,2
patient01694,11
patient01695,4
patient01696,15
patient01697,1
patient01698,2
patient01699,3
patient01700,9
patient01701,5
patient01702,1
patient01703,2
patient01704,1
patient01705,8
patient01706,1
patient01707,2
patient01708,4
patient01709,3
patient01710,2
patient01711,2
patient01712,1
patient01713,2
patient01714,2
patient01715,2
patient01716,2
patient01717,4
patient01718,1
patient01719,1
patient01720,1
patient01721,3
patient01722,2
patient01723,4
patient01724,2
patient01725,2
patient01726,1
patient01727,2
patient01728,11
patient01729,1
patient01730,1
patient01731,1
patient01732,1
patient01733,6
patient01734,2
patient01735,3
patient01736,4
patient01737,2
patient01738,2
patient01739,2
patient01740,2
patient01741,2
patient01742,5
patient01743,5
patient01744,15
patient01745,2
patient01746,1
patient01747,1
patient01748,1
patient01749,4
patient01750,4
patient01751,1
patient01752,7
patient01753,4
patient01754,2
patient01755,1
patient01756,2
patient01757,7
patient01758,2
patient01759,2
patient01760,2
patient01761,3
patient01762,3
patient01763,3
patient01764,1
patient01765,1
patient01766,2
patient01767,4
patient01768,3
patient01769,1
patient01770,10
patient01771,1
patient01772,31
patient01773,1
patient01774,3
patient01775,2
patient01776,7
patient01777,3
patient01778,2
patient01779,2
patient01780,4
patient01781,2
patient01782,2
patient01783,5
patient01784,1
patient01785,9
patient01786,2
patient01787,12
patient01788,3
patient01789,7
patient01790,2
patient01791,7
patient01792,1
patient01793,10
patient01794,2
patient01795,1
patient01796,1
patient01797,1
patient01798,4
patient01799,4
patient01800,2
patient01801,10
patient01802,10
patient01803,4
patient01804,1
patient01805,5
patient01806,2
patient01807,1
patient01808,25
patient01809,2
patient01810,1
patient01811,1
patient01812,7
patient01813,3
patient01814,9
patient01815,4
patient01816,2
patient01817,23
patient01818,3
patient01819,11
patient01820,3
patient01821,4
patient01822,1
patient01823,1
patient01824,13
patient01825,3
patient01826,8
patient01827,3
patient01828,1
patient01829,1
patient01830,6
patient01831,11
patient01832,20
patient01833,9
patient01834,2
patient01835,2
patient01836,5
patient01837,1
patient01838,4
patient01839,2
patient01840,2
patient01841,2
patient01842,1
patient01843,2
patient01844,62
patient01845,4
patient01846,1
patient01847,7
patient01848,3
patient01849,1
patient01850,1
patient01851,3
patient01852,2
patient01853,2
patient01854,4
patient01855,2
patient01856,4
patient01857,2
patient01858,2
patient01859,2
patient01860,2
patient01861,6
patient01862,2
patient01863,1
patient01864,8
patient01865,2
patient01866,2
patient01867,2
patient01868,2
patient01869,1
patient01870,1
patient01871,2
patient01872,1
patient01873,21
patient01874,7
patient01875,1
patient01876,3
patient01877,2
patient01878,2
patient01879,3
patient01880,2
patient01881,1
patient01882,4
patient01883,2
patient01884,2
patient01885,1
patient01886,2
patient01887,2
patient01888,2
patient01889,7
patient01890,3
patient01891,1
patient01892,1
patient01893,12
patient01894,1
patient01895,5
patient01896,2
patient01897,2
patient01898,6
patient01899,2
patient01900,4
patient01901,3
patient01902,5
patient01903,10
patient01904,5
patient01905,1
patient01906,4
patient01907,2
patient01908,2
patient01909,1
patient01910,4
patient01911,15
patient01912,4
patient01913,6
patient01914,4
patient01915,4
patient01916,2
patient01917,5
patient01918,2
patient01919,2
patient01920,2
patient01921,2
patient01922,9
patient01923,3
patient01924,12
patient01925,2
patient01926,2
patient01927,3
patient01928,6
patient01929,2
patient01930,6
patient01931,4
patient01932,19
patient01933,2
patient01934,1
patient01935,3
patient01936,6
patient01937,2
patient01938,2
patient01939,2
patient01940,2
patient01941,1
patient01942,2
patient01943,2
patient01944,2
patient01945,17
patient01946,2
patient01947,12
patient01948,1
patient01949,4
patient01950,2
patient01951,1
patient01952,2
patient01953,1
patient01954,4
patient01955,8
patient01956,2
patient01957,4
patient01958,2
patient01959,3
patient01960,2
patient01961,9
patient01962,1
patient01963,2
patient01964,2
patient01965,1
patient01966,2
patient01967,1
patient01968,2
patient01969,9
patient01970,1
patient01971,2
patient01972,1
patient01973,1
patient01974,3
patient01975,1
patient01976,1
patient01977,1
patient01978,1
patient01979,1
patient01980,1
patient01981,7
patient01982,3
patient01983,3
patient01984,9
patient01985,1
patient01986,1
patient01987,3
patient01988,3
patient01989,1
patient01990,1
patient01991,5
patient01992,1
patient01993,1
patient01994,2
patient01995,1
patient01996,5
patient01997,10
patient01998,2
patient01999,3
patient02000,2
patient02001,25
patient02002,1
patient02003,7
patient02004,4
patient02005,2
patient02006,4
patient02007,1
patient02008,4
patient02009,25
patient02010,14
patient02011,4
patient02012,2
patient02013,21
patient02014,2
patient02015,3
patient02016,2
patient02017,4
patient02018,4
patient02019,1
patient02020,2
patient02021,1
patient02022,3
patient02023,7
patient02024,2
patient02025,2
patient02026,2
patient02027,2
patient02028,1
patient02029,2
patient02030,2
patient02031,2
patient02032,2
patient02033,1
patient02034,2
patient02035,2
patient02036,4
patient02037,10
patient02038,2
patient02039,5
patient02040,6
patient02041,1
patient02042,1
patient02043,3
patient02044,14
patient02045,2
patient02046,1
patient02047,8
patient02048,1
patient02049,4
patient02050,2
patient02051,2
patient02052,4
patient02053,3
patient02054,4
patient02055,4
patient02056,2
patient02057,4
patient02058,1
patient02059,11
patient02060,1
patient02061,2
patient02062,2
patient02063,1
patient02064,4
patient02065,7
patient02066,2
patient02067,4
patient02068,2
patient02069,1
patient02070,3
patient02071,2
patient02072,2
patient02073,1
patient02074,16
patient02075,4
patient02076,11
patient02077,3
patient02078,1
patient02079,20
patient02080,43
patient02081,2
patient02082,10
patient02083,1
patient02084,8
patient02085,2
patient02086,1
patient02087,1
patient02088,3
patient02089,4
patient02090,1
patient02091,2
patient02092,5
patient02093,1
patient02094,1
patient02095,1
patient02096,1
patient02097,4
patient02098,3
patient02099,10
patient02100,11
patient02101,1
patient02102,1
patient02103,1
patient02104,2
patient02105,7
patient02106,2
patient02107,2
patient02108,2
patient02109,1
patient02110,2
patient02111,3
patient02112,2
patient02113,5
patient02114,1
patient02115,8
patient02116,2
patient02117,2
patient02118,1
patient02119,19
patient02120,2
patient02121,4
patient02122,5
patient02123,7
patient02124,6
patient02125,1
patient02126,2
patient02127,2
patient02128,1
patient02129,10
patient02130,2
patient02131,4
patient02132,2
patient02133,1
patient02134,2
patient02135,2
patient02136,1
patient02137,3
patient02138,1
patient02139,1
patient02140,1
patient02141,4
patient02142,2
patient02143,5
patient02144,3
patient02145,2
patient02146,23
patient02147,2
patient02148,2
patient02149,7
patient02150,2
patient02151,2
patient02152,1
patient02153,26
patient02154,6
patient02155,5
patient02156,5
patient02157,2
patient02158,2
patient02159,7
patient02160,5
patient02161,8
patient02162,2
patient02163,4
patient02164,4
patient02165,5
patient02166,3
patient02167,4
patient02168,1
patient02169,1
patient02170,3
patient02171,2
patient02172,4
patient02173,3
patient02174,1
patient02175,8
patient02176,3
patient02177,1
patient02178,3
patient02179,3
patient02180,2
patient02181,2
patient02182,2
patient02183,3
patient02184,3
patient02185,1
patient02186,1
patient02187,2
patient02188,1
patient02189,12
patient02190,2
patient02191,5
patient02192,1
patient02193,2
patient02194,2
patient02195,23
patient02196,1
patient02197,2
patient02198,13
patient02199,1
patient02200,5
patient02201,2
patient02202,1
patient02203,21
patient02204,1
patient02205,1
patient02206,2
patient02207,3
patient02208,2
patient02209,2
patient02210,4
patient02211,4
patient02212,2
patient02213,1
patient02214,3
patient02215,2
patient02216,10
patient02217,5
patient02218,3
patient02219,2
patient02220,4
patient02221,3
patient02222,11
patient02223,2
patient02224,1
patient02225,1
patient02226,4
patient02227,11
patient02228,2
patient02229,4
patient02230,5
patient02231,8
patient02232,2
patient02233,2
patient02234,2
patient02235,4
patient02236,2
patient02237,3
patient02238,1
patient02239,3
patient02240,1
patient02241,1
patient02242,5
patient02243,1
patient02244,8
patient02245,4
patient02246,3
patient02247,2
patient02248,4
patient02249,4
patient02250,2
patient02251,2
patient02252,3
patient02253,2
patient02254,4
patient02255,2
patient02256,1
patient02257,1
patient02258,5
patient02259,2
patient02260,1
patient02261,5
patient02262,2
patient02263,11
patient02264,5
patient02265,1
patient02266,3
patient02267,2
patient02268,2
patient02269,2
patient02270,3
patient02271,3
patient02272,2
patient02273,2
patient02274,3
patient02275,8
patient02276,2
patient02277,1
patient02278,2
patient02279,3
patient02280,5
patient02281,2
patient02282,1
patient02283,2
patient02284,1
patient02285,2
patient02286,11
patient02287,2
patient02288,1
patient02289,1
patient02290,1
patient02291,6
patient02292,6
patient02293,2
patient02294,1
patient02295,1
patient02296,2
patient02297,2
patient02298,6
patient02299,1
patient02300,8
patient02301,3
patient02302,2
patient02303,4
patient02304,2
patient02305,1
patient02306,1
patient02307,1
patient02308,3
patient02309,2
patient02310,4
patient02311,1
patient02312,18
patient02313,5
patient02314,9
patient02315,16
patient02316,6
patient02317,1
patient02318,3
patient02319,2
patient02320,16
patient02321,5
patient02322,2
patient02323,2
patient02324,12
patient02325,4
patient02326,1
patient02327,2
patient02328,5
patient02329,2
patient02330,3
patient02331,1
patient02332,4
patient02333,4
patient02334,2
patient02335,2
patient02336,4
patient02337,3
patient02338,4
patient02339,5
patient02340,2
patient02341,1
patient02342,2
patient02343,7
patient02344,2
patient02345,2
patient02346,9
patient02347,2
patient02348,4
patient02349,5
patient02350,2
patient02351,2
patient02352,3
patient02353,2
patient02354,14
patient02355,2
patient02356,3
patient02357,2
patient02358,1
patient02359,13
patient02360,13
patient02361,1
patient02362,8
patient02363,2
patient02364,2
patient02365,4
patient02366,3
patient02367,13
patient02368,2
patient02369,2
patient02370,1
patient02371,2
patient02372,2
patient02373,3
patient02374,2
patient02375,2
patient02376,1
patient02377,23
patient02378,27
patient02379,2
patient02380,1
patient02381,4
patient02382,36
patient02383,4
patient02384,2
patient02385,2
patient02386,1
patient02387,2
patient02388,1
patient02389,2
patient02390,1
patient02391,1
patient02392,2
patient02393,2
patient02394,1
patient02395,13
patient02396,2
patient02397,11
patient02398,3
patient02399,3
patient02400,3
patient02401,2
patient02402,2
patient02403,3
patient02404,1
patient02405,2
patient02406,11
patient02407,4
patient02408,6
patient02409,5
patient02410,1
patient02411,1
patient02412,2
patient02413,2
patient02414,1
patient02415,1
patient02416,2
patient02417,1
patient02418,4
patient02419,2
patient02420,4
patient02421,2
patient02422,2
patient02423,2
patient02424,14
patient02425,6
patient02426,3
patient02427,12
patient02428,8
patient02429,7
patient02430,1
patient02431,5
patient02432,5
patient02433,1
patient02434,2
patient02435,2
patient02436,2
patient02437,3
patient02438,2
patient02439,1
patient02440,3
patient02441,3
patient02442,1
patient02443,3
patient02444,1
patient02445,1
patient02446,4
patient02447,4
patient02448,3
patient02449,1
patient02450,4
patient02451,14
patient02452,1
patient02453,2
patient02454,3
patient02455,4
patient02456,9
patient02457,1
patient02458,12
patient02459,1
patient02460,2
patient02461,10
patient02462,18
patient02463,1
patient02464,2
patient02465,3
patient02466,1
patient02467,9
patient02468,3
patient02469,2
patient02470,1
patient02471,2
patient02472,2
patient02473,2
patient02474,2
patient02475,1
patient02476,39
patient02477,1
patient02478,2
patient02479,3
patient02480,2
patient02481,3
patient02482,3
patient02483,17
patient02484,5
patient02485,5
patient02486,2
patient02487,2
patient02488,1
patient02489,2
patient02490,1
patient02491,2
patient02492,1
patient02493,5
patient02494,12
patient02495,6
patient02496,1
patient02497,3
patient02498,6
patient02499,2
patient02500,2
patient02501,1
patient02502,7
patient02503,2
patient02504,1
patient02505,9
patient02506,4
patient02507,2
patient02508,4
patient02509,2
patient02510,2
patient02511,3
patient02512,2
patient02513,2
patient02514,7
patient02515,1
patient02516,2
patient02517,8
patient02518,2
patient02519,1
patient02520,2
patient02521,6
patient02522,2
patient02523,2
patient02524,15
patient02525,1
patient02526,5
patient02527,2
patient02528,3
patient02529,9
patient02530,1
patient02531,8
patient02532,6
patient02533,34
patient02534,2
patient02535,2
patient02536,2
patient02537,2
patient02538,3
patient02539,1
patient02540,2
patient02541,1
patient02542,1
patient02543,2
patient02544,18
patient02545,3
patient02546,1
patient02547,12
patient02548,3
patient02549,3
patient02550,2
patient02551,5
patient02552,1
patient02553,2
patient02554,2
patient02555,2
patient02556,3
patient02557,2
patient02558,1
patient02559,2
patient02560,3
patient02561,1
patient02562,2
patient02563,2
patient02564,2
patient02565,1
patient02566,3
patient02567,1
patient02568,5
patient02569,5
patient02570,2
patient02571,2
patient02572,2
patient02573,2
patient02574,4
patient02575,1
patient02576,2
patient02577,2
patient02578,2
patient02579,2
patient02580,1
patient02581,8
patient02582,2
patient02583,8
patient02584,2
patient02585,1
patient02586,1
patient02587,1
patient02588,2
patient02589,2
patient02590,6
patient02591,2
patient02592,6
patient02593,4
patient02594,6
patient02595,6
patient02596,1
patient02597,3
patient02598,1
patient02599,7
patient02600,2
patient02601,2
patient02602,2
patient02603,1
patient02604,1
patient02605,2
patient02606,1
patient02607,2
patient02608,2
patient02609,1
patient02610,2
patient02611,2
patient02612,4
patient02613,6
patient02614,1
patient02615,13
patient02616,3
patient02617,2
patient02618,4
patient02619,3
patient02620,2
patient02621,4
patient02622,5
patient02623,1
patient02624,8
patient02625,3
patient02626,6
patient02627,1
patient02628,1
patient02629,1
patient02630,5
patient02631,2
patient02632,10
patient02633,2
patient02634,1
patient02635,1
patient02636,2
patient02637,1
patient02638,8
patient02639,2
patient02640,1
patient02641,3
patient02642,4
patient02643,3
patient02644,4
patient02645,2
patient02646,6
patient02647,3
patient02648,5
patient02649,1
patient02650,2
patient02651,1
patient02652,9
patient02653,3
patient02654,2
patient02655,1
patient02656,1
patient02657,1
patient02658,8
patient02659,1
patient02660,3
patient02661,5
patient02662,34
patient02663,2
patient02664,4
patient02665,10
patient02666,4
patient02667,5
patient02668,4
patient02669,2
patient02670,1
patient02671,9
patient02672,2
patient02673,11
patient02674,1
patient02675,7
patient02676,3
patient02677,2
patient02678,2
patient02679,1
patient02680,1
patient02681,2
patient02682,2
patient02683,5
patient02684,3
patient02685,2
patient02686,2
patient02687,1
patient02688,11
patient02689,2
patient02690,2
patient02691,7
patient02692,15
patient02693,1
patient02694,9
patient02695,2
patient02696,25
patient02697,3
patient02698,2
patient02699,1
patient02700,2
patient02701,9
patient02702,3
patient02703,5
patient02704,1
patient02705,2
patient02706,10
patient02707,3
patient02708,4
patient02709,1
patient02710,4
patient02711,2
patient02712,5
patient02713,7
patient02714,5
patient02715,1
patient02716,2
patient02717,3
patient02718,10
patient02719,1
patient02720,1
patient02721,5
patient02722,1
patient02723,2
patient02724,1
patient02725,8
patient02726,3
patient02727,2
patient02728,14
patient02729,3
patient02730,2
patient02731,3
patient02732,9
patient02733,1
patient02734,2
patient02735,1
patient02736,3
patient02737,3
patient02738,2
patient02739,1
patient02740,1
patient02741,8
patient02742,7
patient02743,7
patient02744,4
patient02745,14
patient02746,3
patient02747,1
patient02748,2
patient02749,1
patient02750,4
patient02751,8
patient02752,2
patient02753,2
patient02754,8
patient02755,4
patient02756,3
patient02757,7
patient02758,5
patient02759,2
patient02760,12
patient02761,8
patient02762,16
patient02763,1
patient02764,7
patient02765,2
patient02766,15
patient02767,11
patient02768,6
patient02769,1
patient02770,2
patient02771,1
patient02772,2
patient02773,3
patient02774,9
patient02775,18
patient02776,3
patient02777,2
patient02778,20
patient02779,6
patient02780,2
patient02781,2
patient02782,1
patient02783,5
patient02784,2
patient02785,6
patient02786,6
patient02787,3
patient02788,1
patient02789,2
patient02790,5
patient02791,2
patient02792,4
patient02793,2
patient02794,2
patient02795,3
patient02796,2
patient02797,2
patient02798,1
patient02799,1
patient02800,1
patient02801,4
patient02802,2
patient02803,9
patient02804,2
patient02805,2
patient02806,1
patient02807,1
patient02808,1
patient02809,2
patient02810,2
patient02811,2
patient02812,2
patient02813,15
patient02814,1
patient02815,3
patient02816,2
patient02817,2
patient02818,1
patient02819,1
patient02820,2
patient02821,2
patient02822,2
patient02823,5
patient02824,3
patient02825,2
patient02826,4
patient02827,4
patient02828,2
patient02829,2
patient02830,16
patient02831,2
patient02832,5
patient02833,1
patient02834,2
patient02835,2
patient02836,2
patient02837,2
patient02838,2
patient02839,3
patient02840,4
patient02841,3
patient02842,2
patient02843,1
patient02844,3
patient02845,2
patient02846,2
patient02847,26
patient02848,1
patient02849,1
patient02850,2
patient02851,2
patient02852,2
patient02853,2
patient02854,2
patient02855,2
patient02856,2
patient02857,8
patient02858,1
patient02859,1
patient02860,15
patient02861,2
patient02862,2
patient02863,1
patient02864,20
patient02865,2
patient02866,3
patient02867,3
patient02868,2
patient02869,2
patient02870,1
patient02871,2
patient02872,1
patient02873,3
patient02874,2
patient02875,15
patient02876,3
patient02877,2
patient02878,5
patient02879,1
patient02880,3
patient02881,2
patient02882,9
patient02883,1
patient02884,5
patient02885,1
patient02886,9
patient02887,6
patient02888,3
patient02889,1
patient02890,2
patient02891,5
patient02892,9
patient02893,6
patient02894,3
patient02895,1
patient02896,9
patient02897,2
patient02898,2
patient02899,3
patient02900,1
patient02901,2
patient02902,2
patient02903,5
patient02904,1
patient02905,1
patient02906,1
patient02907,9
patient02908,1
patient02909,2
patient02910,3
patient02911,2
patient02912,2
patient02913,2
patient02914,5
patient02915,4
patient02916,1
patient02917,1
patient02918,14
patient02919,2
patient02920,14
patient02921,2
patient02922,4
patient02923,2
patient02924,6
patient02925,3
patient02926,2
patient02927,2
patient02928,6
patient02929,1
patient02930,4
patient02931,3
patient02932,2
patient02933,2
patient02934,2
patient02935,2
patient02936,32
patient02937,12
patient02938,1
patient02939,2
patient02940,1
patient02941,18
patient02942,2
patient02943,2
patient02944,1
patient02945,6
patient02946,14
patient02947,1
patient02948,2
patient02949,4
patient02950,2
patient02951,1
patient02952,1
patient02953,11
patient02954,2
patient02955,2
patient02956,2
patient02957,1
patient02958,2
patient02959,2
patient02960,13
patient02961,1
patient02962,9
patient02963,3
patient02964,1
patient02965,2
patient02966,4
patient02967,3
patient02968,3
patient02969,1
patient02970,3
patient02971,1
patient02972,2
patient02973,2
patient02974,1
patient02975,2
patient02976,2
patient02977,2
patient02978,2
patient02979,4
patient02980,2
patient02981,3
patient02982,2
patient02983,1
patient02984,2
patient02985,2
patient02986,7
patient02987,2
patient02988,2
patient02989,19
patient02990,2
patient02991,3
patient02992,3
patient02993,6
patient02994,2
patient02995,1
patient02996,2
patient02997,5
patient02998,2
patient02999,12
patient03000,2
patient03001,7
patient03002,2
patient03003,2
patient03004,3
patient03005,5
patient03006,10
patient03007,5
patient03008,2
patient03009,1
patient03010,2
patient03011,1
patient03012,4
patient03013,2
patient03014,3
patient03015,2
patient03016,1
patient03017,3
patient03018,2
patient03019,4
patient03020,2
patient03021,2
patient03022,2
patient03023,2
patient03024,4
patient03025,9
patient03026,3
patient03027,36
patient03028,2
patient03029,5
patient03030,2
patient03031,2
patient03032,3
patient03033,3
patient03034,2
patient03035,9
patient03036,1
patient03037,2
patient03038,3
patient03039,2
patient03040,4
patient03041,4
patient03042,3
patient03043,2
patient03044,3
patient03045,1
patient03046,4
patient03047,1
patient03048,20
patient03049,16
patient03050,8
patient03051,2
patient03052,2
patient03053,6
patient03054,2
patient03055,6
patient03056,2
patient03057,1
patient03058,10
patient03059,3
patient03060,3
patient03061,2
patient03062,2
patient03063,2
patient03064,2
patient03065,2
patient03066,4
patient03067,13
patient03068,2
patient03069,13
patient03070,19
patient03071,2
patient03072,6
patient03073,2
patient03074,2
patient03075,4
patient03076,15
patient03077,1
patient03078,3
patient03079,1
patient03080,2
patient03081,2
patient03082,4
patient03083,7
patient03084,1
patient03085,1
patient03086,1
patient03087,6
patient03088,2
patient03089,5
patient03090,4
patient03091,13
patient03092,8
patient03093,3
patient03094,6
patient03095,17
patient03096,1
patient03097,2
patient03098,2
patient03099,1
patient03100,2
patient03101,1
patient03102,2
patient03103,1
patient03104,1
patient03105,4
patient03106,4
patient03107,26
patient03108,6
patient03109,2
patient03110,3
patient03111,2
patient03112,2
patient03113,2
patient03114,2
patient03115,2
patient03116,1
patient03117,2
patient03118,2
patient03119,5
patient03120,4
patient03121,1
patient03122,76
patient03123,1
patient03124,18
patient03125,2
patient03126,3
patient03127,9
patient03128,3
patient03129,7
patient03130,3
patient03131,2
patient03132,7
patient03133,10
patient03134,18
patient03135,1
patient03136,2
patient03137,1
patient03138,13
patient03139,12
patient03140,2
patient03141,2
patient03142,1
patient03143,5
patient03144,2
patient03145,1
patient03146,1
patient03147,3
patient03148,2
patient03149,1
patient03150,1
patient03151,1
patient03152,3
patient03153,5
patient03154,1
patient03155,2
patient03156,2
patient03157,2
patient03158,1
patient03159,4
patient03160,1
patient03161,2
patient03162,2
patient03163,2
patient03164,18
patient03165,2
patient03166,2
patient03167,3
patient03168,2
patient03169,6
patient03170,2
patient03171,1
patient03172,2
patient03173,3
patient03174,2
patient03175,2
patient03176,10
patient03177,2
patient03178,2
patient03179,5
patient03180,2
patient03181,12
patient03182,2
patient03183,2
patient03184,2
patient03185,2
patient03186,4
patient03187,5
patient03188,1
patient03189,2
patient03190,3
patient03191,1
patient03192,2
patient03193,2
patient03194,2
patient03195,1
patient03196,1
patient03197,6
patient03198,6
patient03199,3
patient03200,8
patient03201,2
patient03202,1
patient03203,2
patient03204,1
patient03205,1
patient03206,3
patient03207,2
patient03208,4
patient03209,3
patient03210,9
patient03211,2
patient03212,4
patient03213,2
patient03214,1
patient03215,1
patient03216,1
patient03217,2
patient03218,2
patient03219,3
patient03220,1
patient03221,1
patient03222,1
patient03223,2
patient03224,4
patient03225,7
patient03226,1
patient03227,1
patient03228,2
patient03229,1
patient03230,20
patient03231,1
patient03232,5
patient03233,2
patient03234,1
patient03235,9
patient03236,2
patient03237,1
patient03238,8
patient03239,1
patient03240,2
patient03241,2
patient03242,3
patient03243,3
patient03244,2
patient03245,2
patient03246,2
patient03247,1
patient03248,1
patient03249,4
patient03250,4
patient03251,2
patient03252,4
patient03253,3
patient03254,8
patient03255,2
patient03256,1
patient03257,3
patient03258,3
patient03259,2
patient03260,2
patient03261,2
patient03262,1
patient03263,1
patient03264,2
patient03265,1
patient03266,2
patient03267,2
patient03268,2
patient03269,4
patient03270,9
patient03271,3
patient03272,1
patient03273,6
patient03274,1
patient03275,3
patient03276,14
patient03277,1
patient03278,5
patient03279,3
patient03280,3
patient03281,21
patient03282,12
patient03283,2
patient03284,1
patient03285,2
patient03286,5
patient03287,2
patient03288,2
patient03289,1
patient03290,6
patient03291,3
patient03292,2
patient03293,3
patient03294,10
patient03295,1
patient03296,5
patient03297,1
patient03298,2
patient03299,1
patient03300,1
patient03301,1
patient03302,1
patient03303,1
patient03304,11
patient03305,19
patient03306,8
patient03307,1
patient03308,2
patient03309,2
patient03310,1
patient03311,1
patient03312,4
patient03313,6
patient03314,2
patient03315,2
patient03316,2
patient03317,9
patient03318,1
patient03319,3
patient03320,2
patient03321,8
patient03322,1
patient03323,3
patient03324,5
patient03325,4
patient03326,3
patient03327,2
patient03328,2
patient03329,1
patient03330,5
patient03331,3
patient03332,2
patient03333,1
patient03334,2
patient03335,2
patient03336,2
patient03337,1
patient03338,2
patient03339,4
patient03340,1
patient03341,1
patient03342,3
patient03343,8
patient03344,1
patient03345,1
patient03346,2
patient03347,1
patient03348,1
patient03349,5
patient03350,2
patient03351,1
patient03352,1
patient03353,1
patient03354,3
patient03355,1
patient03356,3
patient03357,2
patient03358,1
patient03359,5
patient03360,1
patient03361,1
patient03362,6
patient03363,2
patient03364,2
patient03365,2
patient03366,2
patient03367,6
patient03368,2
patient03369,1
patient03370,6
patient03371,2
patient03372,3
patient03373,2
patient03374,1
patient03375,3
patient03376,2
patient03377,4
patient03378,1
patient03379,2
patient03380,11
patient03381,10
patient03382,2
patient03383,1
patient03384,1
patient03385,6
patient03386,3
patient03387,11
patient03388,6
patient03389,2
patient03390,8
patient03391,2
patient03392,2
patient03393,2
patient03394,11
patient03395,1
patient03396,6
patient03397,2
patient03398,1
patient03399,8
patient03400,6
patient03401,2
patient03402,3
patient03403,2
patient03404,2
patient03405,1
patient03406,18
patient03407,1
patient03408,1
patient03409,16
patient03410,4
patient03411,8
patient03412,2
patient03413,3
patient03414,2
patient03415,2
patient03416,2
patient03417,4
patient03418,1
patient03419,10
patient03420,4
patient03421,2
patient03422,4
patient03423,3
patient03424,3
patient03425,1
patient03426,1
patient03427,1
patient03428,33
patient03429,11
patient03430,4
patient03431,1
patient03432,5
patient03433,1
patient03434,2
patient03435,3
patient03436,20
patient03437,4
patient03438,4
patient03439,4
patient03440,2
patient03441,2
patient03442,3
patient03443,11
patient03444,2
patient03445,1
patient03446,1
patient03447,3
patient03448,2
patient03449,20
patient03450,2
patient03451,1
patient03452,37
patient03453,3
patient03454,18
patient03455,2
patient03456,1
patient03457,4
patient03458,2
patient03459,2
patient03460,1
patient03461,4
patient03462,8
patient03463,2
patient03464,1
patient03465,4
patient03466,1
patient03467,1
patient03468,1
patient03469,7
patient03470,1
patient03471,7
patient03472,2
patient03473,1
patient03474,1
patient03475,3
patient03476,3
patient03477,2
patient03478,21
patient03479,2
patient03480,2
patient03481,1
patient03482,6
patient03483,5
patient03484,2
patient03485,6
patient03486,2
patient03487,2
patient03488,3
patient03489,2
patient03490,2
patient03491,2
patient03492,3
patient03493,2
patient03494,5
patient03495,2
patient03496,4
patient03497,2
patient03498,4
patient03499,4
patient03500,25
patient03501,1
patient03502,4
patient03503,3
patient03504,8
patient03505,2
patient03506,2
patient03507,5
patient03508,1
patient03509,2
patient03510,2
patient03511,2
patient03512,4
patient03513,3
patient03514,3
patient03515,6
patient03516,2
patient03517,13
patient03518,1
patient03519,1
patient03520,5
patient03521,2
patient03522,2
patient03523,1
patient03524,2
patient03525,3
patient03526,1
patient03527,1
patient03528,4
patient03529,1
patient03530,2
patient03531,2
patient03532,25
patient03533,8
patient03534,12
patient03535,19
patient03536,1
patient03537,11
patient03538,4
patient03539,6
patient03540,2
patient03541,16
patient03542,9
patient03543,2
patient03544,10
patient03545,10
patient03546,8
patient03547,1
patient03548,2
patient03549,2
patient03550,6
patient03551,2
patient03552,6
patient03553,6
patient03554,1
patient03555,15
patient03556,2
patient03557,2
patient03558,5
patient03559,2
patient03560,2
patient03561,1
patient03562,5
patient03563,2
patient03564,3
patient03565,7
patient03566,10
patient03567,14
patient03568,3
patient03569,9
patient03570,1
patient03571,15
patient03572,3
patient03573,9
patient03574,1
patient03575,1
patient03576,1
patient03577,4
patient03578,2
patient03579,7
patient03580,2
patient03581,3
patient03582,3
patient03583,2
patient03584,2
patient03585,8
patient03586,1
patient03587,4
patient03588,2
patient03589,3
patient03590,1
patient03591,4
patient03592,1
patient03593,1
patient03594,8
patient03595,2
patient03596,1
patient03597,3
patient03598,3
patient03599,1
patient03600,3
patient03601,4
patient03602,2
patient03603,3
patient03604,1
patient03605,1
patient03606,2
patient03607,1
patient03608,2
patient03609,18
patient03610,3
patient03611,1
patient03612,5
patient03613,2
patient03614,5
patient03615,2
patient03616,1
patient03617,5
patient03618,2
patient03619,9
patient03620,6
patient03621,7
patient03622,2
patient03623,2
patient03624,5
patient03625,1
patient03626,4
patient03627,2
patient03628,1
patient03629,38
patient03630,2
patient03631,3
patient03632,1
patient03633,5
patient03634,2
patient03635,5
patient03636,4
patient03637,2
patient03638,1
patient03639,3
patient03640,2
patient03641,1
patient03642,1
patient03643,2
patient03644,2
patient03645,2
patient03646,2
patient03647,4
patient03648,2
patient03649,8
patient03650,3
patient03651,3
patient03652,4
patient03653,2
patient03654,1
patient03655,21
patient03656,4
patient03657,5
patient03658,2
patient03659,21
patient03660,1
patient03661,3
patient03662,1
patient03663,6
patient03664,4
patient03665,21
patient03666,1
patient03667,1
patient03668,2
patient03669,5
patient03670,2
patient03671,1
patient03672,7
patient03673,2
patient03674,2
patient03675,1
patient03676,4
patient03677,1
patient03678,1
patient03679,2
patient03680,1
patient03681,3
patient03682,1
patient03683,3
patient03684,2
patient03685,27
patient03686,1
patient03687,2
patient03688,2
patient03689,4
patient03690,5
patient03691,2
patient03692,2
patient03693,1
patient03694,3
patient03695,1
patient03696,2
patient03697,3
patient03698,4
patient03699,6
patient03700,2
patient03701,5
patient03702,1
patient03703,2
patient03704,1
patient03705,1
patient03706,5
patient03707,3
patient03708,2
patient03709,2
patient03710,1
patient03711,5
patient03712,2
patient03713,1
patient03714,2
patient03715,14
patient03716,3
patient03717,11
patient03718,4
patient03719,2
patient03720,7
patient03721,3
patient03722,2
patient03723,1
patient03724,1
patient03725,3
patient03726,1
patient03727,2
patient03728,1
patient03729,2
patient03730,1
patient03731,2
patient03732,2
patient03733,2
patient03734,2
patient03735,4
patient03736,1
patient03737,4
patient03738,15
patient03739,4
patient03740,3
patient03741,5
patient03742,1
patient03743,5
patient03744,1
patient03745,3
patient03746,1
patient03747,1
patient03748,3
patient03749,2
patient03750,2
patient03751,3
patient03752,2
patient03753,2
patient03754,3
patient03755,3
patient03756,2
patient03757,2
patient03758,1
patient03759,3
patient03760,6
patient03761,6
patient03762,1
patient03763,27
patient03764,2
patient03765,18
patient03766,2
patient03767,3
patient03768,1
patient03769,1
patient03770,3
patient03771,4
patient03772,2
patient03773,4
patient03774,2
patient03775,4
patient03776,6
patient03777,5
patient03778,9
patient03779,3
patient03780,1
patient03781,24
patient03782,2
patient03783,1
patient03784,2
patient03785,1
patient03786,1
patient03787,2
patient03788,3
patient03789,2
patient03790,3
patient03791,1
patient03792,2
patient03793,1
patient03794,1
patient03795,2
patient03796,8
patient03797,1
patient03798,1
patient03799,10
patient03800,5
patient03801,2
patient03802,2
patient03803,8
patient03804,11
patient03805,3
patient03806,2
patient03807,1
patient03808,12
patient03809,8
patient03810,5
patient03811,7
patient03812,2
patient03813,2
patient03814,1
patient03815,1
patient03816,2
patient03817,2
patient03818,2
patient03819,1
patient03820,2
patient03821,4
patient03822,2
patient03823,1
patient03824,4
patient03825,1
patient03826,2
patient03827,1
patient03828,15
patient03829,1
patient03830,1
patient03831,14
patient03832,2
patient03833,2
patient03834,1
patient03835,2
patient03836,1
patient03837,4
patient03838,2
patient03839,8
patient03840,1
patient03841,7
patient03842,2
patient03843,8
patient03844,11
patient03845,2
patient03846,2
patient03847,1
patient03848,3
patient03849,2
patient03850,1
patient03851,6
patient03852,2
patient03853,5
patient03854,8
patient03855,1
patient03856,2
patient03857,9
patient03858,3
patient03859,1
patient03860,2
patient03861,2
patient03862,1
patient03863,2
patient03864,1
patient03865,2
patient03866,1
patient03867,1
patient03868,6
patient03869,3
patient03870,2
patient03871,2
patient03872,3
patient03873,2
patient03874,2
patient03875,2
patient03876,2
patient03877,1
patient03878,1
patient03879,3
patient03880,5
patient03881,4
patient03882,2
patient03883,2
patient03884,1
patient03885,1
patient03886,1
patient03887,6
patient03888,3
patient03889,2
patient03890,1
patient03891,4
patient03892,4
patient03893,1
patient03894,6
patient03895,1
patient03896,2
patient03897,5
patient03898,1
patient03899,1
patient03900,2
patient03901,10
patient03902,6
patient03903,2
patient03904,1
patient03905,2
patient03906,4
patient03907,6
patient03908,8
patient03909,8
patient03910,3
patient03911,1
patient03912,11
patient03913,2
patient03914,3
patient03915,2
patient03916,3
patient03917,2
patient03918,1
patient03919,5
patient03920,1
patient03921,5
patient03922,17
patient03923,1
patient03924,3
patient03925,2
patient03926,4
patient03927,1
patient03928,1
patient03929,11
patient03930,2
patient03931,2
patient03932,3
patient03933,1
patient03934,2
patient03935,1
patient03936,4
patient03937,9
patient03938,10
patient03939,2
patient03940,3
patient03941,10
patient03942,1
patient03943,4
patient03944,2
patient03945,4
patient03946,6
patient03947,1
patient03948,2
patient03949,1
patient03950,2
patient03951,6
patient03952,6
patient03953,2
patient03954,2
patient03955,2
patient03956,5
patient03957,2
patient03958,5
patient03959,5
patient03960,9
patient03961,10
patient03962,4
patient03963,4
patient03964,2
patient03965,1
patient03966,1
patient03967,2
patient03968,2
patient03969,2
patient03970,2
patient03971,6
patient03972,7
patient03973,3
patient03974,2
patient03975,2
patient03976,2
patient03977,6
patient03978,5
patient03979,2
patient03980,2
patient03981,3
patient03982,2
patient03983,3
patient03984,2
patient03985,2
patient03986,2
patient03987,2
patient03988,3
patient03989,2
patient03990,4
patient03991,1
patient03992,6
patient03993,1
patient03994,2
patient03995,2
patient03996,2
patient03997,4
patient03998,2
patient03999,2
patient04000,2
patient04001,2
patient04002,4
patient04003,2
patient04004,1
patient04005,3
patient04006,2
patient04007,2
patient04008,1
patient04009,2
patient04010,2
patient04011,1
patient04012,1
patient04013,1
patient04014,2
patient04015,4
patient04016,2
patient04017,2
patient04018,3
patient04019,8
patient04020,2
patient04021,1
patient04022,1
patient04023,2
patient04024,10
patient04025,2
patient04026,2
patient04027,13
patient04028,4
patient04029,1
patient04030,1
patient04031,12
patient04032,9
patient04033,4
patient04034,11
patient04035,5
patient04036,2
patient04037,18
patient04038,2
patient04039,2
patient04040,2
patient04041,2
patient04042,1
patient04043,3
patient04044,19
patient04045,1
patient04046,4
patient04047,2
patient04048,3
patient04049,1
patient04050,36
patient04051,3
patient04052,3
patient04053,1
patient04054,3
patient04055,3
patient04056,2
patient04057,2
patient04058,2
patient04059,9
patient04060,1
patient04061,2
patient04062,2
patient04063,2
patient04064,28
patient04065,2
patient04066,14
patient04067,5
patient04068,2
patient04069,2
patient04070,5
patient04071,3
patient04072,2
patient04073,1
patient04074,2
patient04075,3
patient04076,7
patient04077,3
patient04078,12
patient04079,3
patient04080,2
patient04081,2
patient04082,1
patient04083,49
patient04084,2
patient04085,10
patient04086,1
patient04087,2
patient04088,4
patient04089,2
patient04090,3
patient04091,27
patient04092,11
patient04093,3
patient04094,15
patient04095,3
patient04096,1
patient04097,2
patient04098,7
patient04099,13
patient04100,5
patient04101,2
patient04102,37
patient04103,2
patient04104,1
patient04105,1
patient04106,1
patient04107,1
patient04108,4
patient04109,2
patient04110,5
patient04111,1
patient04112,2
patient04113,3
patient04114,5
patient04115,2
patient04116,2
patient04117,2
patient04118,3
patient04119,6
patient04120,2
patient04121,18
patient04122,7
patient04123,1
patient04124,1
patient04125,2
patient04126,1
patient04127,2
patient04128,1
patient04129,3
patient04130,1
patient04131,2
patient04132,1
patient04133,1
patient04134,1
patient04135,36
patient04136,1
patient04137,15
patient04138,1
patient04139,2
patient04140,3
patient04141,1
patient04142,1
patient04143,6
patient04144,1
patient04145,3
patient04146,3
patient04147,10
patient04148,2
patient04149,1
patient04150,2
patient04151,3
patient04152,2
patient04153,9
patient04154,3
patient04155,2
patient04156,1
patient04157,7
patient04158,1
patient04159,2
patient04160,2
patient04161,1
patient04162,5
patient04163,1
patient04164,6
patient04165,1
patient04166,6
patient04167,1
patient04168,1
patient04169,3
patient04170,10
patient04171,3
patient04172,10
patient04173,1
patient04174,2
patient04175,8
patient04176,8
patient04177,2
patient04178,2
patient04179,3
patient04180,2
patient04181,3
patient04182,1
patient04183,1
patient04184,4
patient04185,3
patient04186,2
patient04187,4
patient04188,4
patient04189,1
patient04190,2
patient04191,1
patient04192,1
patient04193,18
patient04194,1
patient04195,3
patient04196,2
patient04197,2
patient04198,2
patient04199,2
patient04200,12
patient04201,5
patient04202,1
patient04203,4
patient04204,2
patient04205,4
patient04206,5
patient04207,4
patient04208,1
patient04209,2
patient04210,8
patient04211,4
patient04212,2
patient04213,1
patient04214,2
patient04215,2
patient04216,4
patient04217,8
patient04218,1
patient04219,2
patient04220,1
patient04221,2
patient04222,2
patient04223,2
patient04224,2
patient04225,6
patient04226,1
patient04227,3
patient04228,6
patient04229,4
patient04230,2
patient04231,3
patient04232,3
patient04233,2
patient04234,9
patient04235,1
patient04236,1
patient04237,2
patient04238,1
patient04239,9
patient04240,1
patient04241,4
patient04242,19
patient04243,3
patient04244,2
patient04245,2
patient04246,3
patient04247,2
patient04248,13
patient04249,1
patient04250,3
patient04251,4
patient04252,3
patient04253,1
patient04254,1
patient04255,7
patient04256,5
patient04257,12
patient04258,2
patient04259,5
patient04260,10
patient04261,3
patient04262,2
patient04263,2
patient04264,2
patient04265,1
patient04266,6
patient04267,6
patient04268,2
patient04269,5
patient04270,1
patient04271,6
patient04272,2
patient04273,5
patient04274,3
patient04275,3
patient04276,4
patient04277,6
patient04278,2
patient04279,9
patient04280,2
patient04281,2
patient04282,2
patient04283,6
patient04284,6
patient04285,2
patient04286,7
patient04287,4
patient04288,1
patient04289,3
patient04290,19
patient04291,2
patient04292,1
patient04293,2
patient04294,2
patient04295,2
patient04296,1
patient04297,2
patient04298,5
patient04299,5
patient04300,1
patient04301,6
patient04302,3
patient04303,1
patient04304,12
patient04305,4
patient04306,2
patient04307,4
patient04308,14
patient04309,6
patient04310,6
patient04311,2
patient04312,1
patient04313,1
patient04314,4
patient04315,8
patient04316,1
patient04317,7
patient04318,2
patient04319,2
patient04320,2
patient04321,3
patient04322,2
patient04323,2
patient04324,2
patient04325,1
patient04326,8
patient04327,3
patient04328,3
patient04329,3
patient04330,2
patient04331,4
patient04332,5
patient04333,5
patient04334,2
patient04335,13
patient04336,2
patient04337,2
patient04338,11
patient04339,1
patient04340,2
patient04341,2
patient04342,3
patient04343,2
patient04344,9
patient04345,1
patient04346,2
patient04347,8
patient04348,1
patient04349,1
patient04350,2
patient04351,2
patient04352,6
patient04353,2
patient04354,1
patient04355,2
patient04356,6
patient04357,1
patient04358,3
patient04359,2
patient04360,2
patient04361,1
patient04362,23
patient04363,17
patient04364,2
patient04365,1
patient04366,28
patient04367,3
patient04368,2
patient04369,2
patient04370,5
patient04371,4
patient04372,3
patient04373,6
patient04374,1
patient04375,2
patient04376,1
patient04377,2
patient04378,4
patient04379,1
patient04380,2
patient04381,2
patient04382,2
patient04383,4
patient04384,3
patient04385,17
patient04386,1
patient04387,3
patient04388,2
patient04389,2
patient04390,1
patient04391,8
patient04392,2
patient04393,2
patient04394,2
patient04395,2
patient04396,2
patient04397,4
patient04398,2
patient04399,5
patient04400,1
patient04401,10
patient04402,2
patient04403,1
patient04404,1
patient04405,2
patient04406,2
patient04407,2
patient04408,2
patient04409,3
patient04410,4
patient04411,3
patient04412,2
patient04413,2
patient04414,8
patient04415,2
patient04416,2
patient04417,1
patient04418,5
patient04419,2
patient04420,4
patient04421,5
patient04422,2
patient04423,2
patient04424,1
patient04425,2
patient04426,4
patient04427,43
patient04428,1
patient04429,2
patient04430,2
patient04431,3
patient04432,2
patient04433,4
patient04434,3
patient04435,12
patient04436,1
patient04437,1
patient04438,19
patient04439,5
patient04440,7
patient04441,2
patient04442,2
patient04443,1
patient04444,1
patient04445,2
patient04446,6
patient04447,4
patient04448,1
patient04449,7
patient04450,2
patient04451,1
patient04452,3
patient04453,2
patient04454,13
patient04455,1
patient04456,4
patient04457,1
patient04458,2
patient04459,1
patient04460,2
patient04461,3
patient04462,89
patient04463,21
patient04464,2
patient04465,1
patient04466,2
patient04467,3
patient04468,27
patient04469,3
patient04470,13
patient04471,1
patient04472,1
patient04473,15
patient04474,3
patient04475,3
patient04476,2
patient04477,2
patient04478,3
patient04479,1
patient04480,1
patient04481,2
patient04482,2
patient04483,2
patient04484,1
patient04485,3
patient04486,2
patient04487,2
patient04488,1
patient04489,3
patient04490,1
patient04491,2
patient04492,2
patient04493,2
patient04494,6
patient04495,3
patient04496,8
patient04497,4
patient04498,1
patient04499,3
patient04500,3
patient04501,3
patient04502,1
patient04503,3
patient04504,1
patient04505,2
patient04506,4
patient04507,2
patient04508,3
patient04509,1
patient04510,10
patient04511,1
patient04512,1
patient04513,5
patient04514,1
patient04515,1
patient04516,3
patient04517,1
patient04518,1
patient04519,1
patient04520,2
patient04521,2
patient04522,2
patient04523,2
patient04524,1
patient04525,1
patient04526,4
patient04527,6
patient04528,2
patient04529,8
patient04530,1
patient04531,2
patient04532,7
patient04533,2
patient04534,6
patient04535,5
patient04536,2
patient04537,2
patient04538,3
patient04539,5
patient04540,2
patient04541,2
patient04542,2
patient04543,1
patient04544,2
patient04545,2
patient04546,1
patient04547,2
patient04548,6
patient04549,17
patient04550,2
patient04551,3
patient04552,5
patient04553,1
patient04554,2
patient04555,3
patient04556,5
patient04557,1
patient04558,2
patient04559,6
patient04560,5
patient04561,2
patient04562,7
patient04563,6
patient04564,2
patient04565,4
patient04566,5
patient04567,3
patient04568,9
patient04569,2
patient04570,1
patient04571,2
patient04572,14
patient04573,6
patient04574,9
patient04575,1
patient04576,2
patient04577,3
patient04578,3
patient04579,1
patient04580,10
patient04581,3
patient04582,5
patient04583,3
patient04584,3
patient04585,2
patient04586,7
patient04587,3
patient04588,2
patient04589,2
patient04590,3
patient04591,3
patient04592,2
patient04593,2
patient04594,4
patient04595,13
patient04596,7
patient04597,1
patient04598,3
patient04599,2
patient04600,8
patient04601,8
patient04602,1
patient04603,2
patient04604,2
patient04605,2
patient04606,5
patient04607,10
patient04608,6
patient04609,7
patient04610,3
patient04611,1
patient04612,3
patient04613,21
patient04614,4
patient04615,7
patient04616,1
patient04617,6
patient04618,2
patient04619,1
patient04620,2
patient04621,1
patient04622,3
patient04623,2
patient04624,2
patient04625,5
patient04626,2
patient04627,6
patient04628,2
patient04629,2
patient04630,1
patient04631,2
patient04632,1
patient04633,1
patient04634,2
patient04635,5
patient04636,1
patient04637,1
patient04638,1
patient04639,2
patient04640,2
patient04641,13
patient04642,2
patient04643,2
patient04644,4
patient04645,2
patient04646,2
patient04647,2
patient04648,6
patient04649,1
patient04650,4
patient04651,1
patient04652,2
patient04653,7
patient04654,33
patient04655,13
patient04656,2
patient04657,2
patient04658,1
patient04659,11
patient04660,10
patient04661,1
patient04662,11
patient04663,2
patient04664,1
patient04665,2
patient04666,3
patient04667,11
patient04668,6
patient04669,1
patient04670,4
patient04671,2
patient04672,2
patient04673,4
patient04674,6
patient04675,5
patient04676,2
patient04677,3
patient04678,3
patient04679,7
patient04680,3
patient04681,1
patient04682,2
patient04683,6
patient04684,8
patient04685,2
patient04686,6
patient04687,7
patient04688,4
patient04689,2
patient04690,1
patient04691,1
patient04692,2
patient04693,2
patient04694,4
patient04695,2
patient04696,2
patient04697,3
patient04698,11
patient04699,2
patient04700,17
patient04701,7
patient04702,13
patient04703,1
patient04704,1
patient04705,5
patient04706,2
patient04707,2
patient04708,1
patient04709,3
patient04710,2
patient04711,1
patient04712,2
patient04713,8
patient04714,1
patient04715,4
patient04716,2
patient04717,10
patient04718,1
patient04719,2
patient04720,2
patient04721,10
patient04722,30
patient04723,9
patient04724,13
patient04725,11
patient04726,1
patient04727,1
patient04728,5
patient04729,7
patient04730,11
patient04731,4
patient04732,1
patient04733,9
patient04734,2
patient04735,2
patient04736,2
patient04737,4
patient04738,17
patient04739,6
patient04740,1
patient04741,5
patient04742,2
patient04743,2
patient04744,2
patient04745,10
patient04746,2
patient04747,1
patient04748,1
patient04749,2
patient04750,2
patient04751,3
patient04752,2
patient04753,1
patient04754,10
patient04755,1
patient04756,2
patient04757,3
patient04758,3
patient04759,3
patient04760,6
patient04761,2
patient04762,1
patient04763,2
patient04764,1
patient04765,3
patient04766,5
patient04767,6
patient04768,13
patient04769,2
patient04770,1
patient04771,3
patient04772,6
patient04773,5
patient04774,30
patient04775,1
patient04776,2
patient04777,2
patient04778,7
patient04779,5
patient04780,6
patient04781,2
patient04782,4
patient04783,1
patient04784,1
patient04785,2
patient04786,1
patient04787,7
patient04788,1
patient04789,2
patient04790,2
patient04791,1
patient04792,1
patient04793,2
patient04794,1
patient04795,2
patient04796,4
patient04797,7
patient04798,2
patient04799,3
patient04800,3
patient04801,2
patient04802,3
patient04803,4
patient04804,6
patient04805,2
patient04806,3
patient04807,2
patient04808,1
patient04809,5
patient04810,2
patient04811,3
patient04812,5
patient04813,4
patient04814,3
patient04815,2
patient04816,5
patient04817,28
patient04818,1
patient04819,3
patient04820,6
patient04821,2
patient04822,2
patient04823,3
patient04824,1
patient04825,2
patient04826,3
patient04827,1
patient04828,2
patient04829,6
patient04830,5
patient04831,2
patient04832,1
patient04833,2
patient04834,3
patient04835,2
patient04836,12
patient04837,8
patient04838,2
patient04839,3
patient04840,2
patient04841,2
patient04842,18
patient04843,6
patient04844,2
patient04845,11
patient04846,7
patient04847,3
patient04848,1
patient04849,8
patient04850,5
patient04851,1
patient04852,5
patient04853,2
patient04854,6
patient04855,10
patient04856,2
patient04857,5
patient04858,2
patient04859,2
patient04860,2
patient04861,2
patient04862,1
patient04863,2
patient04864,4
patient04865,2
patient04866,1
patient04867,1
patient04868,1
patient04869,9
patient04870,1
patient04871,2
patient04872,1
patient04873,1
patient04874,3
patient04875,2
patient04876,2
patient04877,2
patient04878,2
patient04879,2
patient04880,2
patient04881,33
patient04882,2
patient04883,7
patient04884,2
patient04885,2
patient04886,4
patient04887,8
patient04888,11
patient04889,2
patient04890,2
patient04891,1
patient04892,1
patient04893,2
patient04894,2
patient04895,4
patient04896,17
patient04897,1
patient04898,12
patient04899,12
patient04900,1
patient04901,2
patient04902,16
patient04903,2
patient04904,13
patient04905,12
patient04906,2
patient04907,4
patient04908,2
patient04909,5
patient04910,16
patient04911,15
patient04912,2
patient04913,4
patient04914,2
patient04915,7
patient04916,6
patient04917,2
patient04918,8
patient04919,18
patient04920,4
patient04921,1
patient04922,4
patient04923,2
patient04924,12
patient04925,2
patient04926,1
patient04927,1
patient04928,1
patient04929,22
patient04930,1
patient04931,4
patient04932,12
patient04933,2
patient04934,2
patient04935,17
patient04936,1
patient04937,2
patient04938,5
patient04939,4
patient04940,2
patient04941,1
patient04942,11
patient04943,1
patient04944,1
patient04945,10
patient04946,12
patient04947,8
patient04948,2
patient04949,6
patient04950,5
patient04951,16
patient04952,1
patient04953,2
patient04954,2
patient04955,1
patient04956,2
patient04957,6
patient04958,7
patient04959,2
patient04960,2
patient04961,4
patient04962,2
patient04963,2
patient04964,2
patient04965,2
patient04966,6
patient04967,1
patient04968,21
patient04969,2
patient04970,2
patient04971,2
patient04972,4
patient04973,5
patient04974,1
patient04975,4
patient04976,2
patient04977,5
patient04978,8
patient04979,2
patient04980,1
patient04981,6
patient04982,3
patient04983,4
patient04984,1
patient04985,2
patient04986,4
patient04987,1
patient04988,1
patient04989,17
patient04990,9
patient04991,12
patient04992,2
patient04993,1
patient04994,8
patient04995,3
patient04996,4
patient04997,2
patient04998,33
patient04999,1
patient05000,4
patient05001,1
patient05002,2
patient05003,2
patient05004,1
patient05005,1
patient05006,2
patient05007,11
patient05008,5
patient05009,2
patient05010,6
patient05011,6
patient05012,2
patient05013,2
patient05014,2
patient05015,1
patient05016,2
patient05017,2
patient05018,1
patient05019,3
patient05020,2
patient05021,2
patient05022,2
patient05023,4
patient05024,1
patient05025,2
patient05026,18
patient05027,4
patient05028,3
patient05029,6
patient05030,2
patient05031,6
patient05032,2
patient05033,3
patient05034,2
patient05035,16
patient05036,2
patient05037,14
patient05038,1
patient05039,7
patient05040,1
patient05041,1
patient05042,2
patient05043,1
patient05044,5
patient05045,15
patient05046,6
patient05047,15
patient05048,3
patient05049,1
patient05050,8
patient05051,2
patient05052,17
patient05053,1
patient05054,4
patient05055,1
patient05056,19
patient05057,2
patient05058,3
patient05059,6
patient05060,8
patient05061,4
patient05062,5
patient05063,1
patient05064,1
patient05065,2
patient05066,15
patient05067,3
patient05068,46
patient05069,9
patient05070,17
patient05071,12
patient05072,4
patient05073,2
patient05074,2
patient05075,8
patient05076,2
patient05077,5
patient05078,6
patient05079,1
patient05080,2
patient05081,1
patient05082,1
patient05083,1
patient05084,2
patient05085,1
patient05086,4
patient05087,1
patient05088,2
patient05089,1
patient05090,9
patient05091,6
patient05092,3
patient05093,1
patient05094,15
patient05095,2
patient05096,2
patient05097,5
patient05098,3
patient05099,1
patient05100,1
patient05101,2
patient05102,2
patient05103,2
patient05104,2
patient05105,2
patient05106,4
patient05107,4
patient05108,14
patient05109,54
patient05110,18
patient05111,1
patient05112,2
patient05113,2
patient05114,5
patient05115,16
patient05116,9
patient05117,3
patient05118,2
patient05119,8
patient05120,2
patient05121,2
patient05122,2
patient05123,1
patient05124,7
patient05125,7
patient05126,10
patient05127,1
patient05128,3
patient05129,5
patient05130,5
patient05131,2
patient05132,5
patient05133,2
patient05134,8
patient05135,2
patient05136,2
patient05137,10
patient05138,2
patient05139,3
patient05140,6
patient05141,2
patient05142,1
patient05143,6
patient05144,1
patient05145,1
patient05146,1
patient05147,1
patient05148,2
patient05149,8
patient05150,2
patient05151,2
patient05152,5
patient05153,4
patient05154,3
patient05155,16
patient05156,1
patient05157,2
patient05158,2
patient05159,2
patient05160,3
patient05161,9
patient05162,3
patient05163,6
patient05164,4
patient05165,28
patient05166,13
patient05167,4
patient05168,2
patient05169,1
patient05170,3
patient05171,2
patient05172,1
patient05173,3
patient05174,3
patient05175,2
patient05176,2
patient05177,2
patient05178,1
patient05179,38
patient05180,8
patient05181,2
patient05182,1
patient05183,2
patient05184,1
patient05185,2
patient05186,5
patient05187,6
patient05188,11
patient05189,35
patient05190,2
patient05191,8
patient05192,3
patient05193,1
patient05194,4
patient05195,2
patient05196,3
patient05197,1
patient05198,3
patient05199,2
patient05200,7
patient05201,2
patient05202,9
patient05203,1
patient05204,2
patient05205,10
patient05206,2
patient05207,5
patient05208,4
patient05209,2
patient05210,2
patient05211,3
patient05212,1
patient05213,4
patient05214,2
patient05215,2
patient05216,14
patient05217,2
patient05218,2
patient05219,14
patient05220,1
patient05221,4
patient05222,1
patient05223,1
patient05224,4
patient05225,13
patient05226,4
patient05227,1
patient05228,1
patient05229,1
patient05230,2
patient05231,1
patient05232,51
patient05233,15
patient05234,5
patient05235,9
patient05236,7
patient05237,4
patient05238,7
patient05239,1
patient05240,2
patient05241,3
patient05242,9
patient05243,2
patient05244,7
patient05245,6
patient05246,1
patient05247,2
patient05248,6
patient05249,2
patient05250,2
patient05251,1
patient05252,2
patient05253,12
patient05254,1
patient05255,2
patient05256,9
patient05257,13
patient05258,3
patient05259,5
patient05260,8
patient05261,2
patient05262,4
patient05263,2
patient05264,3
patient05265,2
patient05266,2
patient05267,3
patient05268,8
patient05269,2
patient05270,11
patient05271,8
patient05272,7
patient05273,2
patient05274,10
patient05275,10
patient05276,2
patient05277,2
patient05278,1
patient05279,2
patient05280,2
patient05281,2
patient05282,2
patient05283,1
patient05284,4
patient05285,9
patient05286,2
patient05287,1
patient05288,1
patient05289,2
patient05290,1
patient05291,5
patient05292,2
patient05293,2
patient05294,4
patient05295,2
patient05296,2
patient05297,2
patient05298,2
patient05299,2
patient05300,3
patient05301,1
patient05302,3
patient05303,2
patient05304,1
patient05305,3
patient05306,3
patient05307,6
patient05308,4
patient05309,9
patient05310,2
patient05311,11
patient05312,1
patient05313,1
patient05314,6
patient05315,14
patient05316,14
patient05317,5
patient05318,6
patient05319,8
patient05320,3
patient05321,2
patient05322,2
patient05323,1
patient05324,2
patient05325,3
patient05326,1
patient05327,3
patient05328,4
patient05329,1
patient05330,9
patient05331,1
patient05332,2
patient05333,3
patient05334,3
patient05335,1
patient05336,3
patient05337,4
patient05338,4
patient05339,7
patient05340,5
patient05341,3
patient05342,5
patient05343,7
patient05344,3
patient05345,3
patient05346,2
patient05347,1
patient05348,3
patient05349,24
patient05350,2
patient05351,2
patient05352,1
patient05353,6
patient05354,2
patient05355,6
patient05356,2
patient05357,2
patient05358,3
patient05359,7
patient05360,1
patient05361,2
patient05362,4
patient05363,1
patient05364,1
patient05365,1
patient05366,9
patient05367,2
patient05368,2
patient05369,2
patient05371,1
patient05372,2
patient05373,1
patient05374,4
patient05375,3
patient05376,2
patient05377,1
patient05378,2
patient05379,3
patient05380,1
patient05381,8
patient05382,1
patient05383,11
patient05384,3
patient05385,2
patient05386,1
patient05387,2
patient05388,2
patient05389,2
patient05390,12
patient05391,15
patient05392,18
patient05393,1
patient05394,5
patient05395,2
patient05396,3
patient05397,4
patient05398,2
patient05399,1
patient05400,8
patient05401,8
patient05402,1
patient05403,4
patient05404,7
patient05405,17
patient05406,10
patient05407,2
patient05408,8
patient05409,1
patient05410,2
patient05411,4
patient05412,4
patient05413,2
patient05414,2
patient05415,1
patient05416,10
patient05417,1
patient05418,1
patient05419,3
patient05420,2
patient05421,2
patient05422,2
patient05423,1
patient05424,5
patient05425,2
patient05426,2
patient05427,2
patient05428,2
patient05429,2
patient05430,2
patient05431,6
patient05432,1
patient05433,17
patient05434,1
patient05435,2
patient05436,1
patient05437,1
patient05438,6
patient05439,10
patient05440,4
patient05441,1
patient05442,6
patient05443,17
patient05444,2
patient05445,2
patient05446,1
patient05447,3
patient05448,2
patient05449,2
patient05450,2
patient05451,2
patient05452,2
patient05453,3
patient05454,7
patient05455,3
patient05456,12
patient05457,4
patient05458,2
patient05459,6
patient05460,4
patient05461,1
patient05462,11
patient05463,2
patient05464,2
patient05465,2
patient05466,8
patient05467,1
patient05468,5
patient05469,1
patient05470,2
patient05471,2
patient05472,1
patient05473,3
patient05474,3
patient05475,1
patient05476,5
patient05477,3
patient05478,2
patient05479,4
patient05480,2
patient05481,2
patient05482,1
patient05483,5
patient05484,2
patient05485,2
patient05486,5
patient05487,10
patient05488,16
patient05489,2
patient05490,2
patient05491,1
patient05492,1
patient05493,2
patient05494,1
patient05495,5
patient05496,19
patient05497,7
patient05498,9
patient05499,2
patient05500,1
patient05501,1
patient05502,2
patient05503,2
patient05504,3
patient05505,9
patient05506,5
patient05507,2
patient05508,18
patient05509,2
patient05510,2
patient05511,4
patient05512,1
patient05513,4
patient05514,3
patient05515,2
patient05516,3
patient05517,2
patient05518,4
patient05519,5
patient05520,3
patient05521,1
patient05522,1
patient05523,1
patient05524,2
patient05525,2
patient05526,1
patient05527,2
patient05528,2
patient05529,2
patient05530,2
patient05531,1
patient05532,2
patient05533,1
patient05534,10
patient05535,2
patient05536,1
patient05537,15
patient05538,3
patient05539,1
patient05540,2
patient05541,2
patient05542,2
patient05543,2
patient05544,2
patient05545,2
patient05546,2
patient05547,1
patient05548,1
patient05549,1
patient05550,16
patient05551,5
patient05552,1
patient05553,1
patient05554,8
patient05555,1
patient05556,2
patient05557,5
patient05558,12
patient05559,1
patient05560,2
patient05561,2
patient05562,1
patient05563,1
patient05564,2
patient05565,1
patient05566,2
patient05567,4
patient05568,6
patient05569,2
patient05570,1
patient05571,2
patient05572,1
patient05573,2
patient05574,1
patient05575,6
patient05576,8
patient05577,1
patient05578,2
patient05579,1
patient05580,2
patient05581,6
patient05582,8
patient05583,6
patient05584,1
patient05585,2
patient05586,2
patient05587,5
patient05588,1
patient05589,5
patient05590,2
patient05591,3
patient05592,2
patient05593,2
patient05594,1
patient05595,2
patient05596,2
patient05597,4
patient05598,1
patient05599,2
patient05600,2
patient05601,5
patient05602,1
patient05603,5
patient05604,2
patient05605,1
patient05606,19
patient05607,5
patient05608,2
patient05609,1
patient05610,3
patient05611,7
patient05612,2
patient05613,18
patient05614,4
patient05615,2
patient05616,2
patient05617,3
patient05618,6
patient05619,8
patient05620,2
patient05621,10
patient05622,2
patient05623,1
patient05624,2
patient05625,2
patient05626,6
patient05627,6
patient05628,6
patient05629,4
patient05630,4
patient05631,2
patient05632,1
patient05633,2
patient05634,1
patient05635,2
patient05636,4
patient05637,6
patient05638,3
patient05639,5
patient05640,7
patient05641,5
patient05642,3
patient05643,2
patient05644,6
patient05645,2
patient05646,10
patient05647,1
patient05648,8
patient05649,1
patient05650,8
patient05651,2
patient05652,3
patient05653,1
patient05654,5
patient05655,15
patient05656,3
patient05657,1
patient05658,1
patient05659,1
patient05660,4
patient05661,4
patient05662,2
patient05663,7
patient05664,5
patient05665,1
patient05666,2
patient05667,2
patient05668,10
patient05669,2
patient05670,3
patient05671,3
patient05672,2
patient05673,2
patient05674,2
patient05675,7
patient05676,5
patient05677,2
patient05678,19
patient05679,4
patient05680,3
patient05681,2
patient05682,5
patient05683,2
patient05684,4
patient05685,1
patient05686,1
patient05687,6
patient05688,4
patient05689,1
patient05690,1
patient05691,4
patient05692,1
patient05693,2
patient05694,3
patient05695,10
patient05696,1
patient05697,2
patient05698,2
patient05699,3
patient05700,3
patient05701,2
patient05702,79
patient05703,1
patient05704,10
patient05705,2
patient05706,6
patient05707,2
patient05708,4
patient05709,2
patient05710,3
patient05711,1
patient05712,1
patient05713,4
patient05714,1
patient05715,1
patient05716,1
patient05717,2
patient05718,2
patient05719,1
patient05720,2
patient05721,1
patient05722,4
patient05723,1
patient05724,4
patient05725,4
patient05726,6
patient05727,2
patient05728,8
patient05729,2
patient05730,6
patient05731,5
patient05732,1
patient05733,12
patient05734,3
patient05735,27
patient05736,1
patient05737,2
patient05738,13
patient05739,2
patient05740,1
patient05741,2
patient05742,7
patient05743,3
patient05744,2
patient05745,23
patient05746,1
patient05747,6
patient05748,8
patient05749,2
patient05750,3
patient05751,1
patient05752,7
patient05753,3
patient05754,3
patient05755,2
patient05756,9
patient05757,1
patient05758,2
patient05759,6
patient05760,2
patient05761,4
patient05762,1
patient05763,2
patient05764,2
patient05765,2
patient05766,2
patient05767,1
patient05768,1
patient05769,2
patient05770,2
patient05771,3
patient05772,4
patient05773,9
patient05774,4
patient05775,1
patient05776,6
patient05777,2
patient05778,1
patient05779,2
patient05780,2
patient05781,2
patient05782,2
patient05783,2
patient05784,1
patient05785,1
patient05786,2
patient05787,5
patient05788,2
patient05789,1
patient05790,1
patient05791,8
patient05792,7
patient05793,2
patient05794,2
patient05795,2
patient05796,7
patient05797,5
patient05798,2
patient05799,1
patient05800,1
patient05801,1
patient05802,4
patient05803,6
patient05804,21
patient05805,10
patient05806,1
patient05807,2
patient05808,4
patient05809,10
patient05810,6
patient05811,1
patient05812,2
patient05813,2
patient05814,3
patient05815,3
patient05816,1
patient05817,2
patient05818,2
patient05819,2
patient05820,8
patient05821,2
patient05822,4
patient05823,1
patient05824,3
patient05825,2
patient05826,6
patient05827,6
patient05828,2
patient05829,5
patient05830,1
patient05831,3
patient05832,1
patient05833,1
patient05834,3
patient05835,10
patient05836,3
patient05837,6
patient05838,4
patient05839,3
patient05840,2
patient05841,3
patient05842,1
patient05843,27
patient05844,2
patient05845,2
patient05846,2
patient05847,4
patient05848,13
patient05849,2
patient05850,1
patient05851,1
patient05852,5
patient05853,2
patient05854,2
patient05855,2
patient05856,17
patient05857,4
patient05858,2
patient05859,4
patient05860,7
patient05861,1
patient05862,15
patient05863,2
patient05864,3
patient05865,2
patient05866,1
patient05867,3
patient05868,1
patient05869,1
patient05870,2
patient05871,2
patient05872,18
patient05873,3
patient05874,8
patient05875,3
patient05876,1
patient05877,2
patient05878,3
patient05879,4
patient05880,2
patient05881,17
patient05882,1
patient05883,4
patient05884,7
patient05885,3
patient05886,2
patient05887,1
patient05888,2
patient05889,1
patient05890,4
patient05891,8
patient05892,18
patient05893,2
patient05894,7
patient05895,4
patient05896,2
patient05897,3
patient05898,3
patient05899,2
patient05900,1
patient05901,4
patient05902,1
patient05903,1
patient05904,1
patient05905,5
patient05906,1
patient05907,2
patient05908,1
patient05909,2
patient05910,2
patient05911,13
patient05912,4
patient05913,2
patient05914,1
patient05915,1
patient05916,2
patient05917,1
patient05918,17
patient05919,2
patient05920,1
patient05921,1
patient05922,1
patient05923,3
patient05924,1
patient05925,2
patient05926,13
patient05927,6
patient05928,2
patient05929,2
patient05930,19
patient05931,2
patient05932,4
patient05933,8
patient05934,6
patient05935,4
patient05936,7
patient05937,8
patient05938,2
patient05939,5
patient05940,1
patient05941,2
patient05942,9
patient05943,4
patient05944,2
patient05945,5
patient05946,6
patient05947,5
patient05948,2
patient05949,2
patient05950,2
patient05951,4
patient05952,2
patient05953,2
patient05954,9
patient05955,2
patient05956,1
patient05957,2
patient05958,1
patient05959,8
patient05960,1
patient05961,10
patient05962,4
patient05963,2
patient05964,2
patient05965,1
patient05966,3
patient05967,2
patient05968,2
patient05969,1
patient05970,1
patient05971,1
patient05972,4
patient05973,5
patient05974,8
patient05975,8
patient05976,11
patient05977,2
patient05978,3
patient05979,2
patient05980,2
patient05981,2
patient05982,1
patient05983,1
patient05984,7
patient05985,2
patient05986,1
patient05987,8
patient05988,2
patient05989,2
patient05990,1
patient05991,11
patient05992,1
patient05993,2
patient05994,4
patient05995,14
patient05996,1
patient05997,2
patient05998,2
patient05999,1
patient06000,1
patient06001,1
patient06002,1
patient06003,1
patient06004,3
patient06005,1
patient06006,6
patient06007,2
patient06008,8
patient06009,2
patient06010,4
patient06011,2
patient06012,4
patient06013,2
patient06014,11
patient06015,1
patient06016,2
patient06017,1
patient06018,1
patient06019,2
patient06020,7
patient06021,2
patient06022,17
patient06023,2
patient06024,2
patient06025,1
patient06026,2
patient06027,2
patient06028,76
patient06029,2
patient06030,2
patient06031,1
patient06032,2
patient06033,1
patient06034,3
patient06035,6
patient06036,1
patient06037,2
patient06038,2
patient06039,2
patient06040,1
patient06041,4
patient06042,1
patient06043,2
patient06044,3
patient06045,2
patient06046,2
patient06047,2
patient06048,2
patient06049,3
patient06050,6
patient06051,20
patient06052,3
patient06053,6
patient06054,2
patient06055,2
patient06056,3
patient06057,42
patient06058,5
patient06059,2
patient06060,4
patient06061,11
patient06062,5
patient06063,2
patient06064,18
patient06065,1
patient06066,8
patient06067,3
patient06068,9
patient06069,1
patient06070,5
patient06071,1
patient06072,7
patient06073,1
patient06074,3
patient06075,16
patient06076,2
patient06077,1
patient06078,2
patient06079,2
patient06080,1
patient06081,19
patient06082,2
patient06083,2
patient06084,3
patient06085,5
patient06086,2
patient06087,2
patient06088,1
patient06089,12
patient06090,3
patient06091,11
patient06092,4
patient06093,6
patient06094,1
patient06095,1
patient06096,1
patient06097,1
patient06098,1
patient06099,2
patient06100,4
patient06101,2
patient06102,13
patient06103,1
patient06104,2
patient06105,5
patient06106,1
patient06107,2
patient06108,2
patient06109,6
patient06110,2
patient06111,2
patient06112,2
patient06113,2
patient06114,2
patient06115,8
patient06116,4
patient06117,2
patient06118,1
patient06119,3
patient06120,2
patient06121,5
patient06122,1
patient06123,14
patient06124,1
patient06125,2
patient06126,1
patient06127,2
patient06128,15
patient06129,1
patient06130,3
patient06131,1
patient06132,2
patient06133,6
patient06134,4
patient06135,5
patient06136,2
patient06137,4
patient06138,2
patient06139,8
patient06140,1
patient06141,1
patient06142,2
patient06143,2
patient06144,2
patient06145,2
patient06146,4
patient06147,2
patient06148,1
patient06149,3
patient06150,2
patient06151,7
patient06152,2
patient06153,2
patient06154,12
patient06155,11
patient06156,2
patient06157,16
patient06158,5
patient06159,1
patient06160,2
patient06161,3
patient06162,1
patient06163,2
patient06164,1
patient06165,18
patient06166,23
patient06167,2
patient06168,4
patient06169,6
patient06170,5
patient06171,19
patient06172,8
patient06173,1
patient06174,2
patient06175,2
patient06176,2
patient06177,1
patient06178,6
patient06179,4
patient06180,1
patient06181,11
patient06182,14
patient06183,11
patient06184,9
patient06185,3
patient06186,1
patient06187,4
patient06188,2
patient06189,9
patient06190,12
patient06191,1
patient06192,1
patient06193,8
patient06194,4
patient06195,13
patient06196,4
patient06197,2
patient06198,1
patient06199,20
patient06200,4
patient06201,2
patient06202,2
patient06203,2
patient06204,12
patient06205,6
patient06206,2
patient06207,6
patient06208,1
patient06209,10
patient06210,3
patient06211,1
patient06212,5
patient06213,2
patient06214,3
patient06215,1
patient06216,1
patient06217,6
patient06218,1
patient06219,8
patient06220,2
patient06221,8
patient06222,19
patient06223,6
patient06224,5
patient06225,5
patient06226,1
patient06227,2
patient06228,2
patient06229,1
patient06230,3
patient06231,3
patient06232,1
patient06233,3
patient06234,2
patient06235,1
patient06236,25
patient06237,3
patient06238,10
patient06239,11
patient06240,2
patient06241,3
patient06242,2
patient06243,4
patient06244,1
patient06245,2
patient06246,8
patient06247,4
patient06248,2
patient06249,3
patient06250,5
patient06251,2
patient06252,2
patient06253,2
patient06254,1
patient06255,1
patient06256,2
patient06257,2
patient06258,3
patient06259,9
patient06260,2
patient06261,1
patient06262,1
patient06263,5
patient06264,1
patient06265,1
patient06266,2
patient06267,2
patient06268,7
patient06269,2
patient06270,3
patient06271,5
patient06272,5
patient06273,1
patient06274,6
patient06275,2
patient06276,1
patient06277,3
patient06278,2
patient06279,4
patient06280,4
patient06281,1
patient06282,1
patient06283,2
patient06284,2
patient06285,1
patient06286,5
patient06287,3
patient06288,2
patient06289,1
patient06290,2
patient06291,6
patient06292,2
patient06293,2
patient06294,4
patient06295,2
patient06296,1
patient06297,1
patient06298,3
patient06299,8
patient06300,1
patient06301,2
patient06302,13
patient06303,1
patient06304,5
patient06305,6
patient06306,2
patient06307,2
patient06308,3
patient06309,34
patient06310,7
patient06311,4
patient06312,4
patient06313,2
patient06314,5
patient06315,1
patient06316,12
patient06317,2
patient06318,1
patient06319,15
patient06320,1
patient06321,1
patient06322,2
patient06323,1
patient06324,12
patient06325,2
patient06326,3
patient06327,2
patient06328,1
patient06329,2
patient06330,2
patient06331,1
patient06332,1
patient06333,2
patient06334,2
patient06335,1
patient06336,2
patient06337,3
patient06338,25
patient06339,1
patient06340,2
patient06341,2
patient06342,2
patient06343,1
patient06344,2
patient06345,2
patient06346,5
patient06347,1
patient06348,2
patient06349,5
patient06350,1
patient06351,5
patient06352,4
patient06353,2
patient06354,1
patient06355,3
patient06356,2
patient06357,9
patient06358,9
patient06359,4
patient06360,1
patient06361,1
patient06362,5
patient06363,2
patient06364,7
patient06365,9
patient06366,4
patient06367,2
patient06368,2
patient06369,2
patient06370,2
patient06371,13
patient06372,2
patient06373,2
patient06374,3
patient06375,1
patient06376,2
patient06377,2
patient06378,1
patient06379,2
patient06380,3
patient06381,3
patient06382,1
patient06383,1
patient06384,3
patient06385,9
patient06386,1
patient06387,1
patient06388,2
patient06389,26
patient06390,1
patient06391,3
patient06392,1
patient06393,2
patient06394,3
patient06395,21
patient06396,2
patient06397,2
patient06398,6
patient06399,1
patient06400,3
patient06401,1
patient06402,2
patient06403,4
patient06404,2
patient06405,3
patient06406,3
patient06407,3
patient06408,1
patient06409,2
patient06410,3
patient06411,2
patient06412,9
patient06413,2
patient06414,5
patient06415,1
patient06416,1
patient06417,2
patient06418,2
patient06419,13
patient06420,4
patient06421,2
patient06422,4
patient06423,2
patient06424,5
patient06425,7
patient06426,2
patient06427,4
patient06428,3
patient06429,1
patient06430,1
patient06431,1
patient06432,1
patient06433,3
patient06434,4
patient06435,5
patient06436,8
patient06437,2
patient06438,2
patient06439,1
patient06440,2
patient06441,6
patient06442,2
patient06443,1
patient06444,1
patient06445,1
patient06446,1
patient06447,2
patient06448,3
patient06449,31
patient06450,1
patient06451,1
patient06452,20
patient06453,2
patient06454,7
patient06455,2
patient06456,1
patient06457,2
patient06458,25
patient06459,5
patient06460,2
patient06461,1
patient06462,2
patient06463,3
patient06464,25
patient06465,8
patient06466,4
patient06467,2
patient06468,3
patient06469,5
patient06470,2
patient06471,2
patient06472,1
patient06473,1
patient06474,5
patient06475,1
patient06476,2
patient06477,8
patient06478,2
patient06479,19
patient06480,3
patient06481,17
patient06482,4
patient06483,3
patient06484,9
patient06485,2
patient06486,5
patient06487,13
patient06488,1
patient06489,1
patient06490,2
patient06491,2
patient06492,2
patient06493,3
patient06494,2
patient06495,12
patient06496,6
patient06497,2
patient06498,2
patient06499,2
patient06500,2
patient06501,2
patient06502,2
patient06503,2
patient06504,5
patient06505,3
patient06506,2
patient06507,3
patient06508,2
patient06509,1
patient06510,2
patient06511,2
patient06512,2
patient06513,2
patient06514,1
patient06515,4
patient06516,50
patient06517,2
patient06518,2
patient06519,2
patient06520,2
patient06521,4
patient06522,5
patient06523,4
patient06524,2
patient06525,2
patient06526,5
patient06527,2
patient06528,1
patient06529,3
patient06530,1
patient06531,2
patient06532,1
patient06533,1
patient06534,3
patient06535,3
patient06536,2
patient06537,4
patient06538,2
patient06539,3
patient06540,15
patient06541,2
patient06542,1
patient06543,2
patient06544,1
patient06545,2
patient06546,7
patient06547,1
patient06548,2
patient06549,7
patient06550,2
patient06551,1
patient06552,2
patient06553,1
patient06554,2
patient06555,2
patient06556,3
patient06557,5
patient06558,5
patient06559,4
patient06560,10
patient06561,2
patient06562,4
patient06563,18
patient06564,1
patient06565,1
patient06566,2
patient06567,1
patient06568,5
patient06569,1
patient06570,2
patient06571,3
patient06572,2
patient06573,2
patient06574,1
patient06575,15
patient06576,5
patient06577,2
patient06578,37
patient06579,6
patient06580,4
patient06581,5
patient06582,1
patient06583,6
patient06584,4
patient06585,4
patient06586,2
patient06587,1
patient06588,3
patient06589,5
patient06590,2
patient06591,29
patient06592,2
patient06593,2
patient06594,2
patient06595,3
patient06596,1
patient06597,5
patient06598,10
patient06599,3
patient06600,10
patient06601,2
patient06602,20
patient06603,5
patient06604,7
patient06605,2
patient06606,3
patient06607,2
patient06608,3
patient06609,2
patient06610,2
patient06611,1
patient06612,9
patient06613,2
patient06614,1
patient06615,3
patient06616,1
patient06617,2
patient06618,2
patient06619,1
patient06620,2
patient06621,1
patient06622,13
patient06623,2
patient06624,3
patient06625,6
patient06626,4
patient06627,2
patient06628,2
patient06629,1
patient06630,5
patient06631,3
patient06632,1
patient06633,1
patient06634,1
patient06635,1
patient06636,3
patient06637,3
patient06638,2
patient06639,1
patient06640,1
patient06641,1
patient06642,2
patient06643,4
patient06644,2
patient06645,1
patient06646,2
patient06647,1
patient06648,1
patient06649,1
patient06650,2
patient06651,1
patient06652,1
patient06653,2
patient06654,10
patient06655,21
patient06656,19
patient06657,3
patient06658,2
patient06659,5
patient06660,2
patient06661,1
patient06662,2
patient06663,2
patient06664,9
patient06665,2
patient06666,1
patient06667,2
patient06668,10
patient06669,2
patient06670,2
patient06671,2
patient06672,2
patient06673,4
patient06674,6
patient06675,2
patient06676,1
patient06677,4
patient06678,4
patient06679,2
patient06680,4
patient06681,2
patient06682,2
patient06683,2
patient06684,2
patient06685,2
patient06686,11
patient06687,1
patient06688,2
patient06689,4
patient06690,2
patient06691,5
patient06692,1
patient06693,10
patient06694,2
patient06695,4
patient06696,1
patient06697,4
patient06698,2
patient06699,2
patient06700,1
patient06701,3
patient06702,1
patient06703,1
patient06704,2
patient06705,6
patient06706,2
patient06707,1
patient06708,15
patient06709,4
patient06710,7
patient06711,5
patient06712,3
patient06713,2
patient06714,17
patient06715,1
patient06716,1
patient06717,8
patient06718,2
patient06719,1
patient06720,3
patient06721,6
patient06722,2
patient06723,2
patient06724,5
patient06725,2
patient06726,2
patient06727,8
patient06728,5
patient06729,12
patient06730,2
patient06731,1
patient06732,2
patient06733,10
patient06734,15
patient06735,1
patient06736,7
patient06737,1
patient06738,16
patient06739,2
patient06740,2
patient06741,4
patient06742,3
patient06743,4
patient06744,2
patient06745,8
patient06746,1
patient06747,7
patient06748,2
patient06749,13
patient06750,5
patient06751,5
patient06752,1
patient06753,7
patient06754,2
patient06755,1
patient06756,1
patient06757,2
patient06758,4
patient06759,2
patient06760,5
patient06761,1
patient06762,3
patient06763,4
patient06764,2
patient06765,4
patient06766,2
patient06767,2
patient06768,2
patient06769,3
patient06770,1
patient06771,3
patient06772,2
patient06773,4
patient06774,4
patient06775,1
patient06776,3
patient06777,1
patient06778,1
patient06779,2
patient06780,5
patient06781,4
patient06782,5
patient06783,10
patient06784,2
patient06785,10
patient06786,9
patient06787,1
patient06788,6
patient06789,1
patient06790,5
patient06791,4
patient06792,12
patient06793,2
patient06794,2
patient06795,2
patient06796,1
patient06797,2
patient06798,1
patient06799,1
patient06800,1
patient06801,2
patient06802,3
patient06803,5
patient06804,2
patient06805,1
patient06806,2
patient06807,1
patient06808,2
patient06809,2
patient06810,18
patient06811,5
patient06812,7
patient06813,5
patient06814,7
patient06815,3
patient06816,8
patient06817,2
patient06818,2
patient06819,23
patient06820,7
patient06821,2
patient06822,2
patient06823,1
patient06824,12
patient06825,2
patient06826,2
patient06827,2
patient06828,2
patient06829,7
patient06830,4
patient06831,3
patient06832,10
patient06833,1
patient06834,4
patient06835,4
patient06836,9
patient06837,3
patient06838,2
patient06839,1
patient06840,1
patient06841,1
patient06842,3
patient06843,2
patient06844,15
patient06845,9
patient06846,2
patient06847,2
patient06848,3
patient06849,1
patient06850,2
patient06851,4
patient06852,14
patient06853,1
patient06854,18
patient06855,1
patient06856,3
patient06857,20
patient06858,1
patient06859,1
patient06860,4
patient06861,18
patient06862,3
patient06863,12
patient06864,4
patient06865,1
patient06866,6
patient06867,2
patient06868,3
patient06869,1
patient06870,2
patient06871,3
patient06872,3
patient06873,5
patient06874,2
patient06875,2
patient06876,6
patient06877,21
patient06878,1
patient06879,1
patient06880,2
patient06881,2
patient06882,12
patient06883,9
patient06884,2
patient06885,3
patient06886,4
patient06887,18
patient06888,5
patient06889,1
patient06890,1
patient06891,2
patient06892,2
patient06893,2
patient06894,2
patient06895,1
patient06896,8
patient06897,1
patient06898,5
patient06899,2
patient06900,2
patient06901,1
patient06902,2
patient06903,6
patient06904,2
patient06905,11
patient06906,1
patient06907,1
patient06908,1
patient06909,2
patient06910,2
patient06911,2
patient06912,1
patient06913,2
patient06914,1
patient06915,1
patient06916,3
patient06917,1
patient06918,4
patient06919,1
patient06920,4
patient06921,1
patient06922,2
patient06923,1
patient06924,4
patient06925,1
patient06926,2
patient06927,1
patient06928,2
patient06929,2
patient06930,2
patient06931,10
patient06932,1
patient06933,1
patient06934,1
patient06935,2
patient06936,1
patient06937,1
patient06938,3
patient06939,2
patient06940,20
patient06941,8
patient06942,1
patient06943,1
patient06944,2
patient06945,2
patient06946,2
patient06947,1
patient06948,1
patient06949,16
patient06950,3
patient06951,11
patient06952,3
patient06953,1
patient06954,1
patient06955,2
patient06956,2
patient06957,4
patient06958,8
patient06959,3
patient06960,2
patient06961,2
patient06962,11
patient06963,2
patient06964,25
patient06965,4
patient06966,1
patient06967,1
patient06968,21
patient06969,2
patient06970,7
patient06971,5
patient06972,1
patient06973,1
patient06974,3
patient06975,2
patient06976,2
patient06977,14
patient06978,5
patient06979,9
patient06980,4
patient06981,9
patient06982,2
patient06983,3
patient06984,2
patient06985,3
patient06986,2
patient06987,20
patient06988,7
patient06989,2
patient06990,3
patient06991,11
patient06992,4
patient06993,8
patient06994,17
patient06995,7
patient06996,1
patient06997,1
patient06998,2
patient06999,9
patient07000,2
patient07001,10
patient07002,1
patient07003,16
patient07004,2
patient07005,1
patient07006,3
patient07007,1
patient07008,9
patient07009,1
patient07010,1
patient07011,3
patient07012,2
patient07013,2
patient07014,6
patient07015,1
patient07016,1
patient07017,1
patient07018,3
patient07019,2
patient07020,2
patient07021,2
patient07022,2
patient07023,47
patient07024,1
patient07025,7
patient07026,2
patient07027,10
patient07028,1
patient07029,1
patient07030,7
patient07031,3
patient07032,1
patient07033,2
patient07034,3
patient07035,21
patient07036,8
patient07037,1
patient07038,3
patient07039,6
patient07040,2
patient07041,1
patient07042,1
patient07043,2
patient07044,2
patient07045,6
patient07046,20
patient07047,3
patient07048,2
patient07049,2
patient07050,6
patient07051,1
patient07052,1
patient07053,11
patient07054,3
patient07055,5
patient07056,1
patient07057,1
patient07058,9
patient07059,5
patient07060,26
patient07061,44
patient07062,1
patient07063,1
patient07064,2
patient07065,2
patient07066,2
patient07067,25
patient07068,1
patient07069,1
patient07070,8
patient07071,4
patient07072,8
patient07073,2
patient07074,41
patient07075,4
patient07076,2
patient07077,9
patient07078,1
patient07079,2
patient07080,2
patient07081,31
patient07082,2
patient07083,10
patient07084,34
patient07085,5
patient07086,1
patient07087,1
patient07088,2
patient07089,4
patient07090,5
patient07091,10
patient07092,1
patient07093,7
patient07094,4
patient07095,1
patient07096,2
patient07097,1
patient07098,10
patient07099,2
patient07100,15
patient07101,31
patient07102,1
patient07103,2
patient07104,9
patient07105,7
patient07106,7
patient07107,1
patient07108,5
patient07109,1
patient07110,2
patient07111,15
patient07112,4
patient07113,4
patient07114,3
patient07115,5
patient07116,1
patient07117,4
patient07118,1
patient07119,15
patient07120,1
patient07121,1
patient07122,7
patient07123,14
patient07124,5
patient07125,2
patient07126,1
patient07127,3
patient07128,1
patient07129,1
patient07130,3
patient07131,2
patient07132,8
patient07133,2
patient07134,2
patient07135,1
patient07136,1
patient07137,3
patient07138,10
patient07139,2
patient07140,2
patient07141,10
patient07142,1
patient07143,3
patient07144,3
patient07145,8
patient07146,3
patient07147,1
patient07148,4
patient07149,2
patient07150,2
patient07151,1
patient07152,1
patient07153,2
patient07154,2
patient07155,2
patient07156,1
patient07157,2
patient07158,2
patient07159,2
patient07160,1
patient07161,7
patient07162,4
patient07163,2
patient07164,3
patient07165,3
patient07166,2
patient07167,2
patient07168,2
patient07169,4
patient07170,1
patient07171,2
patient07172,1
patient07173,2
patient07174,3
patient07175,4
patient07176,2
patient07177,2
patient07178,2
patient07179,2
patient07180,3
patient07181,2
patient07182,9
patient07183,13
patient07184,2
patient07185,3
patient07186,1
patient07187,7
patient07188,3
patient07189,2
patient07190,3
patient07191,3
patient07192,2
patient07193,3
patient07194,5
patient07195,1
patient07196,3
patient07197,2
patient07198,3
patient07199,1
patient07200,5
patient07201,2
patient07202,2
patient07203,5
patient07204,1
patient07205,2
patient07206,1
patient07207,3
patient07208,3
patient07209,6
patient07210,3
patient07211,3
patient07212,2
patient07213,6
patient07214,10
patient07215,2
patient07216,2
patient07217,1
patient07218,3
patient07219,1
patient07220,3
patient07221,2
patient07222,2
patient07223,5
patient07224,3
patient07225,13
patient07226,2
patient07227,3
patient07228,1
patient07229,1
patient07230,3
patient07231,2
patient07232,1
patient07233,2
patient07234,1
patient07235,2
patient07236,1
patient07237,2
patient07238,6
patient07239,19
patient07240,1
patient07241,2
patient07242,11
patient07243,2
patient07244,1
patient07245,1
patient07246,1
patient07247,2
patient07248,2
patient07249,5
patient07250,3
patient07251,2
patient07252,2
patient07253,1
patient07254,2
patient07255,2
patient07256,2
patient07257,10
patient07258,1
patient07259,3
patient07260,17
patient07261,1
patient07262,2
patient07263,1
patient07264,1
patient07265,3
patient07266,2
patient07267,2
patient07268,1
patient07269,2
patient07270,5
patient07271,2
patient07272,2
patient07273,3
patient07274,2
patient07275,1
patient07276,2
patient07277,3
patient07278,8
patient07279,1
patient07280,7
patient07281,4
patient07282,2
patient07283,1
patient07284,2
patient07285,2
patient07286,2
patient07287,2
patient07288,7
patient07289,7
patient07290,7
patient07291,2
patient07292,5
patient07293,2
patient07294,1
patient07295,2
patient07296,7
patient07297,9
patient07298,1
patient07299,1
patient07300,2
patient07301,1
patient07302,4
patient07303,16
patient07304,2
patient07305,1
patient07306,2
patient07307,6
patient07308,6
patient07309,3
patient07310,5
patient07311,1
patient07312,2
patient07313,1
patient07314,2
patient07315,4
patient07316,1
patient07317,2
patient07318,3
patient07319,1
patient07320,4
patient07321,5
patient07322,2
patient07323,1
patient07324,6
patient07325,2
patient07326,4
patient07327,1
patient07328,3
patient07329,3
patient07330,2
patient07331,2
patient07332,2
patient07333,1
patient07334,3
patient07335,1
patient07336,1
patient07337,1
patient07338,6
patient07339,14
patient07340,2
patient07341,1
patient07342,1
patient07343,5
patient07344,6
patient07345,4
patient07346,5
patient07347,7
patient07348,4
patient07349,2
patient07350,2
patient07351,2
patient07352,7
patient07353,1
patient07354,4
patient07355,2
patient07356,1
patient07357,4
patient07358,3
patient07359,1
patient07360,1
patient07361,1
patient07362,2
patient07363,2
patient07364,1
patient07365,1
patient07366,18
patient07367,3
patient07368,2
patient07369,1
patient07370,4
patient07371,2
patient07372,1
patient07373,1
patient07374,4
patient07375,4
patient07376,2
patient07377,2
patient07378,8
patient07379,28
patient07380,2
patient07381,2
patient07382,4
patient07383,3
patient07384,2
patient07385,2
patient07386,3
patient07387,1
patient07388,6
patient07389,3
patient07390,2
patient07391,2
patient07392,2
patient07393,5
patient07394,3
patient07395,1
patient07396,2
patient07397,18
patient07398,1
patient07399,2
patient07400,2
patient07401,2
patient07402,2
patient07403,1
patient07404,5
patient07405,2
patient07406,4
patient07407,4
patient07408,5
patient07409,3
patient07410,44
patient07411,2
patient07412,2
patient07413,1
patient07414,2
patient07415,4
patient07416,6
patient07417,3
patient07418,1
patient07419,2
patient07420,2
patient07421,4
patient07422,2
patient07423,1
patient07424,10
patient07425,1
patient07426,1
patient07427,2
patient07428,1
patient07429,1
patient07430,1
patient07431,3
patient07432,1
patient07433,2
patient07434,2
patient07435,1
patient07436,1
patient07437,2
patient07438,4
patient07439,1
patient07440,2
patient07441,12
patient07442,1
patient07443,2
patient07444,4
patient07445,10
patient07446,2
patient07447,2
patient07448,2
patient07449,2
patient07450,14
patient07451,1
patient07452,5
patient07453,1
patient07454,2
patient07455,3
patient07456,6
patient07457,1
patient07458,2
patient07459,2
patient07460,1
patient07461,2
patient07462,1
patient07463,2
patient07464,3
patient07465,1
patient07466,11
patient07467,2
patient07468,4
patient07469,2
patient07470,1
patient07471,2
patient07472,2
patient07473,7
patient07474,6
patient07475,4
patient07476,2
patient07477,9
patient07478,2
patient07479,1
patient07480,1
patient07481,2
patient07482,2
patient07483,4
patient07484,1
patient07485,2
patient07486,9
patient07487,2
patient07488,33
patient07489,2
patient07490,1
patient07491,2
patient07492,2
patient07493,1
patient07494,5
patient07495,5
patient07496,2
patient07497,1
patient07498,2
patient07499,2
patient07500,3
patient07501,2
patient07502,4
patient07503,2
patient07504,2
patient07505,2
patient07506,7
patient07507,4
patient07508,4
patient07509,5
patient07510,1
patient07511,2
patient07512,1
patient07513,10
patient07514,1
patient07515,2
patient07516,2
patient07517,3
patient07518,5
patient07519,1
patient07520,2
patient07521,3
patient07522,2
patient07523,1
patient07524,2
patient07525,3
patient07526,3
patient07527,1
patient07528,3
patient07529,7
patient07530,6
patient07531,1
patient07532,2
patient07533,2
patient07534,4
patient07535,2
patient07536,8
patient07537,1
patient07538,2
patient07539,5
patient07540,2
patient07541,18
patient07542,6
patient07543,1
patient07544,6
patient07545,3
patient07546,1
patient07547,1
patient07548,2
patient07549,5
patient07550,13
patient07551,2
patient07552,2
patient07553,2
patient07554,8
patient07555,2
patient07556,2
patient07557,2
patient07558,4
patient07559,3
patient07560,2
patient07561,2
patient07562,15
patient07563,2
patient07564,10
patient07565,8
patient07566,5
patient07567,4
patient07568,8
patient07569,4
patient07570,2
patient07571,15
patient07572,2
patient07573,5
patient07574,3
patient07575,1
patient07576,2
patient07577,2
patient07578,2
patient07579,1
patient07580,1
patient07581,5
patient07582,1
patient07583,2
patient07584,1
patient07585,7
patient07586,2
patient07587,4
patient07588,3
patient07589,9
patient07590,2
patient07591,2
patient07592,2
patient07593,2
patient07594,1
patient07595,2
patient07596,4
patient07597,16
patient07598,1
patient07599,2
patient07600,2
patient07601,7
patient07602,2
patient07603,2
patient07604,1
patient07605,4
patient07606,10
patient07607,5
patient07608,2
patient07609,1
patient07610,1
patient07611,2
patient07612,5
patient07613,3
patient07614,5
patient07615,1
patient07616,10
patient07617,2
patient07618,8
patient07619,2
patient07620,2
patient07621,9
patient07622,1
patient07623,2
patient07624,1
patient07625,4
patient07626,3
patient07627,1
patient07628,1
patient07629,2
patient07630,1
patient07631,3
patient07632,58
patient07633,2
patient07634,8
patient07635,2
patient07636,2
patient07637,8
patient07638,1
patient07639,1
patient07640,4
patient07641,7
patient07642,2
patient07643,1
patient07644,3
patient07645,7
patient07646,2
patient07647,1
patient07648,2
patient07649,6
patient07650,13
patient07651,13
patient07652,5
patient07653,1
patient07654,3
patient07655,2
patient07656,10
patient07657,1
patient07658,3
patient07659,3
patient07660,4
patient07661,5
patient07662,7
patient07663,2
patient07664,1
patient07665,4
patient07666,14
patient07667,2
patient07668,3
patient07669,2
patient07670,2
patient07671,2
patient07672,4
patient07673,4
patient07674,2
patient07675,2
patient07676,1
patient07677,1
patient07678,2
patient07679,6
patient07680,4
patient07681,3
patient07682,5
patient07683,3
patient07684,2
patient07685,3
patient07686,2
patient07687,3
patient07688,2
patient07689,2
patient07690,4
patient07691,2
patient07692,2
patient07693,13
patient07694,2
patient07695,1
patient07696,2
patient07697,6
patient07698,2
patient07699,7
patient07700,3
patient07701,2
patient07702,3
patient07703,3
patient07704,1
patient07705,2
patient07706,2
patient07707,1
patient07708,5
patient07709,2
patient07710,1
patient07711,1
patient07712,3
patient07713,1
patient07714,3
patient07715,2
patient07716,2
patient07717,1
patient07718,2
patient07719,5
patient07720,1
patient07721,2
patient07722,2
patient07723,4
patient07724,12
patient07725,1
patient07726,1
patient07727,5
patient07728,1
patient07729,2
patient07730,9
patient07731,1
patient07732,13
patient07733,2
patient07734,6
patient07735,2
patient07736,14
patient07737,13
patient07738,2
patient07739,2
patient07740,15
patient07741,8
patient07742,4
patient07743,1
patient07744,2
patient07745,1
patient07746,2
patient07747,12
patient07748,3
patient07749,9
patient07750,2
patient07751,4
patient07752,1
patient07753,1
patient07754,8
patient07755,7
patient07756,2
patient07757,3
patient07758,4
patient07759,6
patient07760,2
patient07761,17
patient07762,1
patient07763,38
patient07764,13
patient07765,5
patient07766,6
patient07767,2
patient07768,3
patient07769,2
patient07770,5
patient07771,2
patient07772,4
patient07773,2
patient07774,2
patient07775,8
patient07776,11
patient07777,2
patient07778,2
patient07779,2
patient07780,6
patient07781,3
patient07782,1
patient07783,2
patient07784,9
patient07785,1
patient07786,1
patient07787,2
patient07788,3
patient07789,2
patient07790,3
patient07791,8
patient07792,4
patient07793,4
patient07794,2
patient07795,2
patient07796,3
patient07797,2
patient07798,3
patient07799,10
patient07800,3
patient07801,2
patient07802,2
patient07803,2
patient07804,4
patient07805,5
patient07806,14
patient07807,2
patient07808,2
patient07809,3
patient07810,5
patient07811,1
patient07812,1
patient07813,3
patient07814,2
patient07815,22
patient07816,2
patient07817,1
patient07818,1
patient07819,14
patient07820,3
patient07821,2
patient07822,2
patient07823,2
patient07824,13
patient07825,11
patient07826,1
patient07827,1
patient07828,1
patient07829,1
patient07830,2
patient07831,2
patient07832,3
patient07833,1
patient07834,2
patient07835,12
patient07836,2
patient07837,8
patient07838,1
patient07839,1
patient07840,3
patient07841,9
patient07842,3
patient07843,2
patient07844,1
patient07845,2
patient07846,7
patient07847,1
patient07848,1
patient07849,1
patient07850,1
patient07851,2
patient07852,1
patient07853,6
patient07854,1
patient07855,1
patient07856,15
patient07857,3
patient07858,2
patient07859,2
patient07860,2
patient07861,2
patient07862,1
patient07863,2
patient07864,4
patient07865,4
patient07866,3
patient07867,5
patient07868,3
patient07869,2
patient07870,9
patient07871,1
patient07872,6
patient07873,1
patient07874,2
patient07875,1
patient07876,1
patient07877,3
patient07878,6
patient07879,1
patient07880,1
patient07881,1
patient07882,9
patient07883,4
patient07884,2
patient07885,1
patient07886,3
patient07887,2
patient07888,3
patient07889,4
patient07890,2
patient07891,2
patient07892,8
patient07893,2
patient07894,2
patient07895,2
patient07896,4
patient07897,5
patient07898,2
patient07899,9
patient07900,1
patient07901,1
patient07902,1
patient07903,26
patient07904,2
patient07905,2
patient07906,24
patient07907,14
patient07908,2
patient07909,3
patient07910,4
patient07911,1
patient07912,10
patient07913,52
patient07914,2
patient07915,2
patient07916,4
patient07917,2
patient07918,1
patient07919,14
patient07920,1
patient07921,1
patient07922,1
patient07923,5
patient07924,2
patient07925,1
patient07926,2
patient07927,2
patient07928,3
patient07929,2
patient07930,14
patient07931,5
patient07932,23
patient07933,2
patient07934,3
patient07935,2
patient07936,1
patient07937,1
patient07938,2
patient07939,1
patient07940,2
patient07941,2
patient07942,1
patient07943,1
patient07944,3
patient07945,12
patient07946,3
patient07947,4
patient07948,5
patient07949,1
patient07950,2
patient07951,6
patient07952,2
patient07953,23
patient07954,4
patient07955,2
patient07956,1
patient07957,1
patient07958,15
patient07959,4
patient07960,1
patient07961,10
patient07962,6
patient07963,2
patient07964,10
patient07965,1
patient07966,4
patient07967,2
patient07968,3
patient07969,7
patient07970,1
patient07971,6
patient07972,2
patient07973,5
patient07974,18
patient07975,12
patient07976,1
patient07977,2
patient07978,21
patient07979,25
patient07980,1
patient07981,2
patient07982,22
patient07983,2
patient07984,1
patient07985,5
patient07986,2
patient07987,6
patient07988,13
patient07989,1
patient07990,12
patient07991,1
patient07992,3
patient07993,4
patient07994,2
patient07995,2
patient07996,2
patient07997,2
patient07998,2
patient07999,1
patient08000,2
patient08001,2
patient08002,8
patient08003,3
patient08004,1
patient08005,2
patient08006,2
patient08007,1
patient08008,1
patient08009,11
patient08010,2
patient08011,1
patient08012,2
patient08013,14
patient08014,7
patient08015,5
patient08016,1
patient08017,8
patient08018,2
patient08019,2
patient08020,1
patient08021,2
patient08022,14
patient08023,2
patient08024,10
patient08025,1
patient08026,2
patient08027,8
patient08028,1
patient08029,4
patient08030,2
patient08031,6
patient08032,1
patient08033,2
patient08034,2
patient08035,2
patient08036,1
patient08037,2
patient08038,1
patient08039,6
patient08040,4
patient08041,1
patient08042,4
patient08043,1
patient08044,1
patient08045,3
patient08046,7
patient08047,1
patient08048,2
patient08049,2
patient08050,2
patient08051,4
patient08052,2
patient08053,2
patient08054,5
patient08055,3
patient08056,35
patient08057,3
patient08058,10
patient08059,2
patient08060,2
patient08061,2
patient08062,1
patient08063,2
patient08064,1
patient08065,1
patient08066,1
patient08067,2
patient08068,1
patient08069,3
patient08070,2
patient08071,14
patient08072,7
patient08073,2
patient08074,1
patient08075,5
patient08076,1
patient08077,2
patient08078,3
patient08079,2
patient08080,2
patient08081,12
patient08082,5
patient08083,2
patient08084,3
patient08085,2
patient08086,28
patient08087,7
patient08088,2
patient08089,2
patient08090,2
patient08091,1
patient08092,2
patient08093,7
patient08094,4
patient08095,1
patient08096,29
patient08097,11
patient08098,1
patient08099,2
patient08100,1
patient08101,1
patient08102,4
patient08103,1
patient08104,1
patient08105,2
patient08106,2
patient08107,19
patient08108,2
patient08109,2
patient08110,2
patient08111,3
patient08112,28
patient08113,5
patient08114,1
patient08115,2
patient08116,2
patient08117,1
patient08118,4
patient08119,1
patient08120,2
patient08121,3
patient08122,4
patient08123,2
patient08124,1
patient08125,8
patient08126,2
patient08127,1
patient08128,2
patient08129,7
patient08130,1
patient08131,2
patient08132,2
patient08133,2
patient08134,2
patient08135,4
patient08136,1
patient08137,5
patient08138,13
patient08139,6
patient08140,2
patient08141,4
patient08142,2
patient08143,1
patient08144,2
patient08145,7
patient08146,3
patient08147,1
patient08148,1
patient08149,1
patient08150,4
patient08151,2
patient08152,1
patient08153,1
patient08154,2
patient08155,2
patient08156,1
patient08157,2
patient08158,7
patient08159,2
patient08160,7
patient08161,1
patient08162,1
patient08163,1
patient08164,2
patient08165,1
patient08166,1
patient08167,6
patient08168,2
patient08169,5
patient08170,7
patient08171,2
patient08172,5
patient08173,54
patient08174,6
patient08176,3
patient08177,2
patient08178,2
patient08179,1
patient08180,1
patient08181,3
patient08182,1
patient08183,3
patient08184,2
patient08185,2
patient08186,2
patient08187,2
patient08188,6
patient08189,2
patient08190,2
patient08191,2
patient08192,1
patient08193,2
patient08194,3
patient08195,1
patient08196,2
patient08197,1
patient08198,1
patient08199,1
patient08200,1
patient08201,2
patient08202,3
patient08203,4
patient08204,2
patient08205,1
patient08206,1
patient08207,2
patient08208,4
patient08209,2
patient08210,1
patient08211,2
patient08212,4
patient08213,2
patient08214,2
patient08215,1
patient08216,2
patient08217,2
patient08218,7
patient08219,1
patient08220,24
patient08221,4
patient08222,2
patient08223,2
patient08224,1
patient08225,1
patient08226,2
patient08227,2
patient08228,2
patient08229,17
patient08230,2
patient08231,1
patient08232,1
patient08233,1
patient08234,3
patient08235,4
patient08236,11
patient08237,2
patient08238,2
patient08239,3
patient08240,2
patient08241,4
patient08242,1
patient08243,1
patient08244,6
patient08245,2
patient08246,2
patient08247,3
patient08248,2
patient08249,2
patient08250,2
patient08251,7
patient08252,4
patient08253,1
patient08254,1
patient08255,1
patient08256,11
patient08257,5
patient08258,1
patient08259,2
patient08260,7
patient08261,19
patient08262,7
patient08263,3
patient08264,4
patient08265,2
patient08266,3
patient08267,1
patient08268,1
patient08269,4
patient08270,2
patient08271,2
patient08272,1
patient08273,2
patient08274,9
patient08275,1
patient08276,9
patient08277,4
patient08278,2
patient08279,3
patient08280,1
patient08281,3
patient08282,1
patient08283,2
patient08284,1
patient08285,4
patient08286,2
patient08287,16
patient08288,1
patient08289,6
patient08290,1
patient08291,4
patient08292,2
patient08293,2
patient08294,26
patient08295,1
patient08296,2
patient08297,1
patient08298,5
patient08299,9
patient08300,6
patient08301,4
patient08302,6
patient08303,2
patient08304,2
patient08305,1
patient08306,5
patient08307,2
patient08308,1
patient08309,1
patient08310,3
patient08311,6
patient08312,2
patient08313,6
patient08314,2
patient08315,20
patient08316,3
patient08317,2
patient08318,27
patient08319,2
patient08320,4
patient08321,2
patient08322,4
patient08323,1
patient08324,5
patient08325,1
patient08326,1
patient08327,13
patient08328,8
patient08329,8
patient08330,1
patient08331,5
patient08332,4
patient08333,1
patient08334,7
patient08335,2
patient08336,5
patient08337,1
patient08338,5
patient08339,4
patient08340,10
patient08341,2
patient08342,3
patient08343,2
patient08344,3
patient08345,3
patient08346,1
patient08347,6
patient08348,1
patient08349,2
patient08350,2
patient08351,1
patient08352,3
patient08353,7
patient08354,3
patient08355,15
patient08356,8
patient08357,2
patient08358,2
patient08359,2
patient08360,3
patient08361,1
patient08362,2
patient08363,2
patient08364,3
patient08365,2
patient08366,1
patient08367,1
patient08368,3
patient08369,1
patient08370,3
patient08371,1
patient08372,5
patient08373,2
patient08374,3
patient08375,2
patient08376,2
patient08377,5
patient08378,3
patient08379,4
patient08380,1
patient08381,2
patient08382,6
patient08383,2
patient08384,2
patient08385,2
patient08386,1
patient08387,6
patient08388,2
patient08389,5
patient08390,4
patient08391,6
patient08392,1
patient08393,2
patient08394,2
patient08395,2
patient08396,4
patient08397,12
patient08398,5
patient08399,1
patient08400,1
patient08401,2
patient08402,1
patient08403,1
patient08404,2
patient08405,2
patient08406,3
patient08407,3
patient08408,2
patient08409,4
patient08410,3
patient08411,5
patient08412,2
patient08413,2
patient08414,1
patient08415,1
patient08416,4
patient08417,11
patient08418,6
patient08419,1
patient08420,2
patient08421,1
patient08422,3
patient08423,2
patient08424,3
patient08425,2
patient08426,1
patient08427,8
patient08428,7
patient08429,2
patient08430,2
patient08431,1
patient08432,2
patient08433,1
patient08434,2
patient08435,1
patient08436,1
patient08437,2
patient08438,2
patient08439,2
patient08440,5
patient08441,1
patient08442,2
patient08443,1
patient08444,2
patient08445,1
patient08446,2
patient08447,2
patient08448,14
patient08449,2
patient08450,20
patient08451,5
patient08452,2
patient08453,1
patient08454,8
patient08455,25
patient08456,7
patient08457,9
patient08458,1
patient08459,6
patient08460,3
patient08461,1
patient08462,2
patient08463,4
patient08464,12
patient08465,4
patient08466,1
patient08467,5
patient08468,11
patient08469,6
patient08470,1
patient08471,6
patient08472,1
patient08473,1
patient08474,1
patient08475,3
patient08476,1
patient08477,1
patient08478,20
patient08479,4
patient08480,1
patient08481,2
patient08482,2
patient08483,1
patient08484,3
patient08485,2
patient08486,2
patient08487,2
patient08488,2
patient08489,2
patient08490,2
patient08491,1
patient08492,3
patient08493,4
patient08494,2
patient08495,2
patient08496,6
patient08497,2
patient08498,2
patient08499,2
patient08500,6
patient08501,4
patient08502,2
patient08503,7
patient08504,2
patient08505,6
patient08506,1
patient08507,1
patient08508,3
patient08509,9
patient08510,3
patient08511,7
patient08512,1
patient08513,3
patient08514,5
patient08515,1
patient08516,4
patient08517,22
patient08518,3
patient08519,2
patient08520,1
patient08521,3
patient08522,2
patient08523,2
patient08524,6
patient08525,4
patient08526,1
patient08527,2
patient08528,6
patient08529,3
patient08530,2
patient08531,1
patient08532,4
patient08533,2
patient08534,1
patient08535,3
patient08536,5
patient08537,2
patient08538,2
patient08539,2
patient08540,4
patient08541,1
patient08542,2
patient08543,2
patient08544,2
patient08545,1
patient08546,2
patient08547,5
patient08548,4
patient08549,43
patient08550,1
patient08551,5
patient08552,2
patient08553,10
patient08554,2
patient08555,2
patient08556,2
patient08557,1
patient08558,2
patient08559,2
patient08560,1
patient08561,19
patient08562,6
patient08563,2
patient08564,2
patient08565,3
patient08566,5
patient08567,2
patient08568,2
patient08569,1
patient08570,7
patient08571,8
patient08572,4
patient08573,13
patient08574,4
patient08575,7
patient08576,10
patient08577,5
patient08578,1
patient08579,12
patient08580,1
patient08581,2
patient08582,1
patient08583,1
patient08584,1
patient08585,9
patient08586,5
patient08587,1
patient08588,5
patient08589,10
patient08590,2
patient08591,5
patient08592,2
patient08593,1
patient08594,4
patient08595,2
patient08596,3
patient08597,2
patient08598,2
patient08599,14
patient08600,2
patient08601,6
patient08602,2
patient08603,2
patient08604,1
patient08605,2
patient08606,6
patient08607,1
patient08608,1
patient08609,2
patient08610,8
patient08611,1
patient08612,2
patient08613,1
patient08614,4
patient08615,13
patient08616,1
patient08617,2
patient08618,3
patient08619,5
patient08620,6
patient08621,4
patient08622,3
patient08623,2
patient08624,1
patient08625,7
patient08626,1
patient08627,2
patient08628,2
patient08629,1
patient08630,1
patient08631,12
patient08632,1
patient08633,20
patient08634,1
patient08635,2
patient08636,6
patient08637,1
patient08638,9
patient08639,4
patient08640,4
patient08641,4
patient08642,1
patient08643,4
patient08644,2
patient08645,2
patient08646,1
patient08647,3
patient08648,2
patient08649,2
patient08650,2
patient08651,3
patient08652,4
patient08653,2
patient08654,1
patient08655,3
patient08656,2
patient08657,1
patient08658,3
patient08659,1
patient08660,1
patient08661,2
patient08662,3
patient08663,1
patient08664,5
patient08665,3
patient08666,2
patient08667,2
patient08668,11
patient08669,2
patient08670,3
patient08671,1
patient08672,2
patient08673,2
patient08674,6
patient08675,3
patient08676,2
patient08677,1
patient08678,1
patient08679,2
patient08680,1
patient08681,2
patient08682,2
patient08683,8
patient08684,2
patient08685,2
patient08686,2
patient08687,1
patient08688,3
patient08689,3
patient08690,2
patient08691,1
patient08692,1
patient08693,2
patient08694,5
patient08695,3
patient08696,1
patient08697,4
patient08698,8
patient08699,2
patient08700,12
patient08701,2
patient08702,8
patient08703,2
patient08704,1
patient08705,2
patient08706,1
patient08707,2
patient08708,6
patient08709,2
patient08710,2
patient08711,4
patient08712,5
patient08713,2
patient08714,1
patient08715,1
patient08716,2
patient08717,1
patient08718,4
patient08719,2
patient08720,2
patient08721,3
patient08722,1
patient08723,1
patient08724,4
patient08725,2
patient08726,10
patient08727,15
patient08728,2
patient08729,1
patient08730,3
patient08731,1
patient08732,15
patient08733,2
patient08734,2
patient08735,4
patient08736,1
patient08737,2
patient08738,1
patient08739,1
patient08740,27
patient08741,1
patient08742,1
patient08743,2
patient08744,9
patient08745,1
patient08746,13
patient08747,21
patient08748,11
patient08749,2
patient08750,2
patient08751,2
patient08752,3
patient08753,3
patient08754,19
patient08755,7
patient08756,2
patient08757,2
patient08758,2
patient08759,5
patient08760,5
patient08761,3
patient08762,2
patient08763,1
patient08764,3
patient08765,4
patient08766,12
patient08767,1
patient08768,2
patient08769,2
patient08770,10
patient08771,2
patient08772,1
patient08773,2
patient08774,1
patient08775,2
patient08776,2
patient08777,8
patient08778,1
patient08779,2
patient08780,2
patient08781,5
patient08782,3
patient08783,3
patient08784,1
patient08785,34
patient08786,5
patient08787,1
patient08788,3
patient08789,11
patient08790,2
patient08791,1
patient08792,2
patient08793,6
patient08794,2
patient08795,4
patient08796,2
patient08797,1
patient08798,2
patient08799,9
patient08800,1
patient08801,3
patient08802,5
patient08803,2
patient08804,2
patient08805,10
patient08806,6
patient08807,5
patient08808,2
patient08809,3
patient08810,8
patient08811,1
patient08812,3
patient08813,18
patient08814,5
patient08815,1
patient08816,2
patient08817,6
patient08818,2
patient08819,3
patient08820,1
patient08821,1
patient08822,1
patient08823,2
patient08824,12
patient08825,1
patient08826,1
patient08827,4
patient08828,2
patient08829,2
patient08830,2
patient08831,2
patient08832,2
patient08833,1
patient08834,5
patient08835,2
patient08836,1
patient08837,5
patient08838,2
patient08839,1
patient08840,15
patient08841,2
patient08842,6
patient08843,4
patient08844,15
patient08845,3
patient08846,2
patient08847,1
patient08848,2
patient08849,1
patient08850,3
patient08851,2
patient08852,1
patient08853,23
patient08854,4
patient08855,2
patient08856,1
patient08857,1
patient08858,8
patient08859,12
patient08860,2
patient08861,11
patient08862,2
patient08863,4
patient08864,2
patient08865,2
patient08866,2
patient08867,3
patient08869,4
patient08870,11
patient08871,1
patient08872,8
patient08873,1
patient08874,5
patient08875,3
patient08876,2
patient08877,3
patient08878,1
patient08879,2
patient08880,2
patient08881,1
patient08882,2
patient08883,7
patient08884,1
patient08885,1
patient08886,2
patient08887,4
patient08888,3
patient08889,5
patient08890,11
patient08891,7
patient08892,1
patient08893,2
patient08894,7
patient08895,6
patient08896,5
patient08897,6
patient08898,1
patient08899,3
patient08900,1
patient08901,5
patient08902,1
patient08903,13
patient08904,5
patient08905,2
patient08906,1
patient08907,5
patient08908,2
patient08909,4
patient08910,5
patient08911,5
patient08912,3
patient08913,2
patient08914,1
patient08915,7
patient08916,2
patient08917,1
patient08918,1
patient08919,4
patient08920,3
patient08921,2
patient08922,1
patient08923,10
patient08924,1
patient08925,4
patient08926,2
patient08927,4
patient08928,2
patient08929,2
patient08930,2
patient08931,2
patient08932,2
patient08933,2
patient08934,2
patient08935,5
patient08936,2
patient08937,1
patient08938,6
patient08939,1
patient08940,8
patient08941,8
patient08942,2
patient08943,12
patient08944,1
patient08945,3
patient08946,3
patient08947,2
patient08948,2
patient08949,2
patient08950,18
patient08951,6
patient08952,8
patient08953,2
patient08954,12
patient08955,2
patient08956,2
patient08957,2
patient08958,1
patient08959,3
patient08960,15
patient08961,4
patient08962,5
patient08963,18
patient08964,2
patient08965,2
patient08966,2
patient08967,12
patient08968,1
patient08969,5
patient08970,2
patient08971,2
patient08972,1
patient08973,3
patient08974,4
patient08975,15
patient08976,3
patient08977,7
patient08978,1
patient08979,2
patient08980,2
patient08981,14
patient08982,5
patient08983,4
patient08984,4
patient08985,1
patient08986,2
patient08987,2
patient08988,2
patient08989,1
patient08990,4
patient08991,2
patient08992,3
patient08993,1
patient08994,2
patient08995,1
patient08996,2
patient08997,2
patient08998,4
patient08999,8
patient09000,1
patient09001,4
patient09002,2
patient09003,1
patient09004,1
patient09005,19
patient09006,1
patient09007,1
patient09008,1
patient09009,1
patient09010,16
patient09011,15
patient09012,2
patient09013,1
patient09014,3
patient09015,6
patient09016,1
patient09017,2
patient09018,5
patient09019,2
patient09020,2
patient09021,1
patient09022,1
patient09023,2
patient09024,8
patient09025,1
patient09026,3
patient09027,8
patient09028,15
patient09029,1
patient09030,5
patient09031,7
patient09032,4
patient09033,2
patient09034,1
patient09035,2
patient09036,2
patient09037,4
patient09038,2
patient09039,2
patient09040,2
patient09041,2
patient09042,9
patient09043,10
patient09044,2
patient09045,1
patient09046,2
patient09047,5
patient09048,2
patient09049,1
patient09050,13
patient09051,2
patient09052,29
patient09053,3
patient09054,1
patient09055,2
patient09056,1
patient09057,2
patient09058,2
patient09059,2
patient09060,2
patient09061,4
patient09062,1
patient09063,1
patient09064,21
patient09065,5
patient09066,4
patient09067,2
patient09068,5
patient09069,2
patient09070,5
patient09071,10
patient09072,6
patient09073,7
patient09074,5
patient09075,1
patient09076,20
patient09077,1
patient09078,2
patient09079,2
patient09080,1
patient09081,4
patient09082,11
patient09083,2
patient09084,2
patient09085,2
patient09086,3
patient09087,13
patient09088,3
patient09089,2
patient09090,4
patient09091,6
patient09092,1
patient09093,12
patient09094,4
patient09095,8
patient09096,1
patient09097,9
patient09098,2
patient09099,4
patient09100,2
patient09101,2
patient09102,1
patient09103,7
patient09104,2
patient09105,2
patient09106,2
patient09107,1
patient09108,4
patient09109,7
patient09110,2
patient09111,2
patient09112,1
patient09113,1
patient09114,4
patient09115,7
patient09116,1
patient09117,2
patient09118,6
patient09119,1
patient09120,1
patient09121,1
patient09122,4
patient09123,1
patient09124,1
patient09125,2
patient09126,4
patient09127,1
patient09128,13
patient09129,2
patient09130,11
patient09131,3
patient09132,2
patient09133,5
patient09134,1
patient09135,2
patient09136,9
patient09137,1
patient09138,3
patient09139,1
patient09140,3
patient09141,5
patient09142,1
patient09143,2
patient09144,1
patient09145,2
patient09146,1
patient09147,2
patient09148,6
patient09149,1
patient09150,3
patient09151,2
patient09152,2
patient09153,7
patient09154,2
patient09155,8
patient09156,2
patient09157,5
patient09158,1
patient09159,1
patient09160,8
patient09161,1
patient09162,1
patient09163,1
patient09164,4
patient09165,4
patient09166,2
patient09167,9
patient09168,3
patient09169,10
patient09170,1
patient09171,2
patient09172,8
patient09173,2
patient09174,1
patient09175,2
patient09176,2
patient09177,1
patient09178,5
patient09179,3
patient09180,2
patient09181,1
patient09182,2
patient09183,8
patient09184,3
patient09185,6
patient09186,4
patient09187,1
patient09188,3
patient09189,12
patient09190,7
patient09191,5
patient09192,10
patient09193,29
patient09194,6
patient09195,2
patient09196,1
patient09197,6
patient09198,2
patient09199,2
patient09200,1
patient09201,13
patient09202,1
patient09203,2
patient09204,4
patient09205,2
patient09206,3
patient09207,2
patient09208,9
patient09209,3
patient09210,4
patient09211,11
patient09212,4
patient09213,10
patient09214,2
patient09215,6
patient09216,1
patient09217,20
patient09218,1
patient09219,1
patient09220,9
patient09221,1
patient09222,2
patient09223,1
patient09224,2
patient09225,5
patient09226,4
patient09227,2
patient09228,2
patient09229,3
patient09230,11
patient09231,4
patient09232,1
patient09233,4
patient09234,1
patient09235,3
patient09236,1
patient09237,6
patient09238,2
patient09239,3
patient09240,2
patient09241,1
patient09242,11
patient09243,7
patient09244,4
patient09245,1
patient09246,2
patient09247,2
patient09248,2
patient09249,1
patient09250,4
patient09251,2
patient09252,2
patient09253,2
patient09254,1
patient09255,2
patient09256,2
patient09257,11
patient09258,1
patient09259,5
patient09260,3
patient09261,2
patient09262,2
patient09263,2
patient09264,5
patient09265,4
patient09266,2
patient09267,5
patient09268,2
patient09269,2
patient09270,14
patient09271,33
patient09272,2
patient09273,5
patient09274,2
patient09275,2
patient09276,3
patient09277,4
patient09278,3
patient09279,12
patient09280,1
patient09281,1
patient09282,1
patient09283,1
patient09284,2
patient09285,2
patient09286,5
patient09287,6
patient09288,2
patient09289,4
patient09290,1
patient09291,7
patient09292,3
patient09293,5
patient09294,1
patient09295,2
patient09296,4
patient09297,2
patient09298,4
patient09299,1
patient09300,2
patient09301,2
patient09302,2
patient09303,1
patient09304,2
patient09305,2
patient09306,8
patient09307,1
patient09308,5
patient09309,2
patient09310,1
patient09311,13
patient09312,1
patient09313,3
patient09314,12
patient09315,4
patient09316,2
patient09317,16
patient09318,2
patient09319,1
patient09320,2
patient09321,8
patient09322,1
patient09323,2
patient09324,5
patient09325,2
patient09326,8
patient09327,2
patient09328,6
patient09329,7
patient09330,7
patient09331,10
patient09332,2
patient09333,2
patient09334,4
patient09335,2
patient09336,7
patient09337,4
patient09338,1
patient09339,4
patient09340,19
patient09341,4
patient09342,1
patient09343,3
patient09344,2
patient09345,1
patient09346,1
patient09347,1
patient09348,2
patient09349,1
patient09350,1
patient09351,3
patient09352,2
patient09353,1
patient09354,36
patient09355,2
patient09356,6
patient09357,4
patient09358,2
patient09359,3
patient09360,6
patient09361,2
patient09362,7
patient09363,1
patient09364,2
patient09365,4
patient09366,3
patient09367,2
patient09368,2
patient09369,1
patient09370,2
patient09371,3
patient09372,2
patient09373,1
patient09374,8
patient09375,1
patient09376,1
patient09377,3
patient09378,4
patient09379,1
patient09380,6
patient09381,1
patient09382,7
patient09383,1
patient09384,4
patient09385,1
patient09386,2
patient09387,11
patient09388,1
patient09389,2
patient09390,1
patient09391,4
patient09392,2
patient09393,4
patient09394,14
patient09395,9
patient09396,2
patient09397,2
patient09398,11
patient09399,3
patient09400,2
patient09401,1
patient09402,2
patient09403,2
patient09404,7
patient09405,1
patient09406,2
patient09407,16
patient09408,11
patient09409,7
patient09410,1
patient09411,4
patient09412,5
patient09413,5
patient09414,3
patient09415,1
patient09416,2
patient09417,5
patient09418,2
patient09419,9
patient09420,2
patient09421,6
patient09422,1
patient09423,2
patient09424,4
patient09425,2
patient09426,3
patient09427,5
patient09428,9
patient09429,2
patient09430,2
patient09431,3
patient09432,3
patient09433,1
patient09434,1
patient09435,2
patient09436,2
patient09437,18
patient09438,2
patient09439,4
patient09440,4
patient09441,1
patient09442,5
patient09443,24
patient09444,6
patient09445,1
patient09446,1
patient09447,1
patient09448,3
patient09449,2
patient09450,1
patient09451,3
patient09452,10
patient09453,6
patient09454,1
patient09455,1
patient09456,2
patient09457,11
patient09458,6
patient09459,3
patient09460,1
patient09461,17
patient09462,2
patient09463,1
patient09464,2
patient09465,4
patient09466,1
patient09467,2
patient09468,6
patient09469,2
patient09470,1
patient09471,2
patient09472,2
patient09473,13
patient09474,4
patient09475,1
patient09476,1
patient09477,16
patient09478,4
patient09479,8
patient09480,6
patient09481,2
patient09482,1
patient09483,14
patient09484,10
patient09485,7
patient09486,2
patient09487,1
patient09488,1
patient09489,7
patient09490,4
patient09491,2
patient09492,1
patient09493,4
patient09494,7
patient09495,2
patient09496,1
patient09497,2
patient09498,6
patient09499,14
patient09500,1
patient09501,1
patient09502,2
patient09503,9
patient09504,1
patient09505,2
patient09506,12
patient09507,12
patient09508,2
patient09509,1
patient09510,1
patient09511,2
patient09512,1
patient09513,1
patient09514,3
patient09515,2
patient09516,3
patient09517,1
patient09518,1
patient09519,1
patient09520,4
patient09521,3
patient09522,6
patient09523,10
patient09524,3
patient09525,1
patient09526,5
patient09527,3
patient09528,2
patient09529,2
patient09530,56
patient09531,16
patient09532,4
patient09533,2
patient09534,3
patient09535,2
patient09536,5
patient09537,4
patient09538,5
patient09539,2
patient09540,1
patient09541,2
patient09542,3
patient09543,1
patient09544,1
patient09545,2
patient09546,2
patient09547,4
patient09548,4
patient09549,2
patient09550,2
patient09551,11
patient09552,1
patient09553,1
patient09554,2
patient09555,2
patient09556,2
patient09557,1
patient09558,2
patient09559,2
patient09560,3
patient09561,1
patient09562,10
patient09563,8
patient09564,5
patient09565,4
patient09566,2
patient09567,1
patient09568,2
patient09569,1
patient09570,1
patient09571,4
patient09572,6
patient09573,4
patient09574,4
patient09575,2
patient09576,2
patient09577,10
patient09578,2
patient09579,27
patient09580,2
patient09581,2
patient09582,2
patient09583,1
patient09584,1
patient09585,4
patient09586,2
patient09587,2
patient09588,2
patient09589,2
patient09590,1
patient09591,3
patient09592,14
patient09593,20
patient09594,1
patient09595,6
patient09596,1
patient09597,4
patient09598,1
patient09599,5
patient09600,2
patient09601,1
patient09602,2
patient09603,6
patient09604,3
patient09605,2
patient09606,1
patient09607,4
patient09608,19
patient09609,1
patient09610,1
patient09611,10
patient09612,2
patient09613,11
patient09614,2
patient09615,4
patient09616,2
patient09617,13
patient09618,3
patient09619,4
patient09620,4
patient09621,2
patient09622,2
patient09623,4
patient09624,2
patient09625,2
patient09626,2
patient09627,1
patient09628,3
patient09629,3
patient09630,5
patient09631,2
patient09632,1
patient09633,2
patient09634,3
patient09635,2
patient09636,2
patient09637,1
patient09638,2
patient09639,7
patient09640,3
patient09641,2
patient09642,7
patient09643,4
patient09644,2
patient09645,4
patient09646,2
patient09647,8
patient09648,2
patient09649,22
patient09650,3
patient09651,6
patient09652,2
patient09653,5
patient09654,2
patient09655,2
patient09656,2
patient09657,2
patient09658,2
patient09659,2
patient09660,2
patient09661,7
patient09662,3
patient09663,1
patient09664,1
patient09665,3
patient09666,1
patient09667,5
patient09668,15
patient09669,5
patient09670,1
patient09671,7
patient09672,4
patient09673,2
patient09674,12
patient09675,2
patient09676,6
patient09677,4
patient09678,1
patient09679,1
patient09680,2
patient09681,1
patient09682,1
patient09683,3
patient09684,2
patient09685,2
patient09686,4
patient09687,2
patient09688,3
patient09689,5
patient09690,2
patient09691,4
patient09692,4
patient09693,2
patient09694,22
patient09695,2
patient09696,1
patient09697,2
patient09698,7
patient09699,9
patient09700,3
patient09701,2
patient09702,2
patient09703,6
patient09704,3
patient09705,2
patient09706,1
patient09707,10
patient09708,1
patient09709,2
patient09710,1
patient09711,4
patient09712,2
patient09713,5
patient09714,2
patient09715,1
patient09716,2
patient09717,5
patient09718,2
patient09719,4
patient09720,1
patient09721,2
patient09722,4
patient09723,8
patient09724,4
patient09725,1
patient09726,9
patient09727,2
patient09728,2
patient09729,2
patient09730,2
patient09731,2
patient09732,2
patient09733,1
patient09734,2
patient09735,9
patient09736,4
patient09737,2
patient09738,2
patient09739,13
patient09740,3
patient09741,3
patient09742,2
patient09743,2
patient09744,2
patient09745,2
patient09746,2
patient09747,2
patient09748,3
patient09749,1
patient09750,3
patient09751,6
patient09752,6
patient09753,12
patient09754,2
patient09755,3
patient09756,2
patient09757,2
patient09758,20
patient09759,2
patient09760,6
patient09761,3
patient09762,4
patient09763,2
patient09764,1
patient09765,4
patient09766,2
patient09767,17
patient09768,3
patient09769,2
patient09770,1
patient09771,1
patient09772,3
patient09773,6
patient09774,2
patient09775,1
patient09776,2
patient09777,2
patient09778,3
patient09779,7
patient09780,19
patient09781,3
patient09782,1
patient09783,6
patient09784,7
patient09785,5
patient09786,3
patient09787,1
patient09788,6
patient09789,3
patient09790,5
patient09791,4
patient09792,9
patient09793,73
patient09794,1
patient09795,3
patient09796,4
patient09797,11
patient09798,3
patient09799,4
patient09800,2
patient09801,6
patient09802,11
patient09803,2
patient09804,3
patient09805,2
patient09806,1
patient09807,1
patient09808,1
patient09809,4
patient09810,4
patient09811,2
patient09812,2
patient09813,2
patient09814,4
patient09815,1
patient09816,12
patient09817,2
patient09818,5
patient09819,1
patient09820,2
patient09821,1
patient09822,2
patient09823,6
patient09824,2
patient09825,2
patient09826,2
patient09827,6
patient09828,3
patient09829,2
patient09830,3
patient09831,1
patient09832,1
patient09833,2
patient09834,4
patient09835,2
patient09836,3
patient09837,2
patient09838,1
patient09839,3
patient09840,3
patient09841,1
patient09842,4
patient09843,6
patient09844,2
patient09845,6
patient09846,1
patient09847,4
patient09848,1
patient09849,1
patient09850,2
patient09851,3
patient09852,5
patient09853,2
patient09854,2
patient09855,10
patient09856,2
patient09857,2
patient09858,2
patient09859,2
patient09860,1
patient09861,2
patient09862,2
patient09863,2
patient09864,2
patient09865,2
patient09866,1
patient09867,1
patient09868,1
patient09869,4
patient09870,5
patient09871,1
patient09872,3
patient09873,8
patient09874,1
patient09875,1
patient09876,1
patient09877,3
patient09878,2
patient09879,1
patient09880,2
patient09881,1
patient09882,1
patient09883,9
patient09884,2
patient09885,7
patient09886,2
patient09887,1
patient09888,14
patient09889,5
patient09890,2
patient09891,2
patient09892,4
patient09893,5
patient09894,1
patient09895,4
patient09896,2
patient09897,2
patient09898,4
patient09899,1
patient09900,5
patient09901,2
patient09902,2
patient09903,24
patient09904,5
patient09905,2
patient09906,6
patient09907,3
patient09908,5
patient09909,6
patient09910,2
patient09911,2
patient09912,16
patient09913,11
patient09914,1
patient09915,1
patient09916,1
patient09917,17
patient09918,2
patient09919,2
patient09920,1
patient09921,2
patient09922,1
patient09923,2
patient09924,1
patient09925,4
patient09926,7
patient09927,1
patient09928,2
patient09929,1
patient09930,1
patient09931,2
patient09932,11
patient09933,1
patient09934,2
patient09935,3
patient09936,2
patient09937,2
patient09938,7
patient09939,1
patient09940,1
patient09941,1
patient09942,1
patient09943,3
patient09944,4
patient09945,1
patient09946,2
patient09947,2
patient09948,6
patient09949,4
patient09950,2
patient09951,2
patient09952,2
patient09953,1
patient09954,2
patient09955,2
patient09956,2
patient09957,23
patient09958,2
patient09959,1
patient09960,3
patient09961,20
patient09962,9
patient09963,1
patient09964,8
patient09965,1
patient09966,2
patient09967,2
patient09968,1
patient09969,5
patient09970,4
patient09971,2
patient09972,1
patient09973,4
patient09974,3
patient09975,2
patient09976,2
patient09977,2
patient09978,4
patient09979,2
patient09980,4
patient09981,23
patient09982,2
patient09983,1
patient09984,2
patient09985,2
patient09986,2
patient09987,3
patient09988,4
patient09989,2
patient09990,1
patient09991,1
patient09992,2
patient09993,2
patient09994,1
patient09995,3
patient09996,1
patient09997,2
patient09998,2
patient09999,2
patient10000,1
patient10001,16
patient10002,2
patient10003,3
patient10004,3
patient10005,7
patient10006,2
patient10007,10
patient10008,3
patient10009,2
patient10010,4
patient10011,21
patient10012,22
patient10013,8
patient10014,22
patient10015,1
patient10016,1
patient10017,2
patient10018,1
patient10019,2
patient10020,4
patient10021,2
patient10022,2
patient10023,1
patient10024,2
patient10025,7
patient10026,2
patient10027,4
patient10028,2
patient10029,5
patient10030,1
patient10031,3
patient10032,2
patient10033,3
patient10034,3
patient10035,1
patient10036,1
patient10037,11
patient10038,2
patient10039,2
patient10040,4
patient10041,1
patient10042,7
patient10043,2
patient10044,2
patient10045,1
patient10046,3
patient10047,3
patient10048,1
patient10049,5
patient10050,1
patient10051,3
patient10052,3
patient10053,1
patient10054,5
patient10055,1
patient10056,10
patient10057,2
patient10058,13
patient10059,2
patient10060,1
patient10061,1
patient10062,3
patient10063,1
patient10064,2
patient10065,1
patient10066,2
patient10067,1
patient10068,2
patient10069,4
patient10070,2
patient10071,3
patient10072,3
patient10073,2
patient10074,26
patient10075,2
patient10076,4
patient10077,1
patient10078,3
patient10079,4
patient10080,3
patient10081,14
patient10082,2
patient10083,2
patient10084,1
patient10085,2
patient10086,2
patient10087,4
patient10088,3
patient10089,1
patient10090,2
patient10091,2
patient10092,1
patient10093,12
patient10094,3
patient10095,2
patient10096,2
patient10097,2
patient10098,2
patient10099,10
patient10100,9
patient10101,2
patient10102,1
patient10103,2
patient10104,2
patient10105,60
patient10106,1
patient10107,1
patient10108,2
patient10109,5
patient10110,5
patient10111,4
patient10112,2
patient10113,1
patient10114,6
patient10115,6
patient10116,1
patient10117,2
patient10118,3
patient10119,1
patient10120,1
patient10121,2
patient10122,1
patient10123,4
patient10124,8
patient10125,1
patient10126,1
patient10127,18
patient10128,4
patient10129,3
patient10130,2
patient10131,1
patient10132,5
patient10133,4
patient10134,2
patient10135,2
patient10136,8
patient10137,9
patient10138,4
patient10139,67
patient10140,55
patient10141,1
patient10142,2
patient10143,3
patient10144,10
patient10145,4
patient10146,7
patient10147,1
patient10148,3
patient10149,5
patient10150,4
patient10151,4
patient10152,1
patient10153,1
patient10154,3
patient10155,1
patient10156,3
patient10157,2
patient10158,1
patient10159,12
patient10160,3
patient10161,1
patient10162,2
patient10163,2
patient10164,2
patient10165,6
patient10166,6
patient10167,2
patient10168,22
patient10169,1
patient10170,4
patient10171,7
patient10172,4
patient10173,3
patient10174,18
patient10175,1
patient10176,1
patient10177,2
patient10178,3
patient10179,4
patient10180,2
patient10181,3
patient10182,30
patient10183,3
patient10184,4
patient10185,2
patient10186,2
patient10187,2
patient10188,7
patient10189,3
patient10190,3
patient10191,19
patient10192,2
patient10193,5
patient10194,2
patient10195,8
patient10196,1
patient10197,3
patient10198,1
patient10199,11
patient10200,6
patient10201,2
patient10202,2
patient10203,5
patient10204,3
patient10205,1
patient10206,7
patient10207,2
patient10208,1
patient10209,19
patient10210,10
patient10211,25
patient10212,4
patient10213,2
patient10214,1
patient10215,2
patient10216,1
patient10217,4
patient10218,7
patient10219,2
patient10220,2
patient10221,6
patient10222,1
patient10223,2
patient10224,2
patient10225,1
patient10226,7
patient10227,1
patient10228,11
patient10229,3
patient10230,1
patient10231,2
patient10232,3
patient10233,4
patient10234,5
patient10235,10
patient10236,2
patient10237,1
patient10238,52
patient10239,1
patient10240,2
patient10241,1
patient10242,3
patient10243,2
patient10244,1
patient10245,3
patient10246,5
patient10247,3
patient10248,3
patient10249,27
patient10250,4
patient10251,2
patient10252,3
patient10253,3
patient10254,1
patient10255,2
patient10256,4
patient10257,2
patient10258,3
patient10259,4
patient10260,2
patient10261,5
patient10262,1
patient10263,3
patient10264,15
patient10265,1
patient10266,1
patient10267,2
patient10268,4
patient10269,2
patient10270,2
patient10271,4
patient10272,2
patient10273,1
patient10274,1
patient10275,2
patient10276,1
patient10277,1
patient10278,4
patient10279,3
patient10280,1
patient10281,3
patient10282,26
patient10283,7
patient10284,1
patient10285,3
patient10286,2
patient10287,4
patient10288,1
patient10289,1
patient10290,6
patient10291,2
patient10292,2
patient10293,1
patient10294,2
patient10295,2
patient10296,2
patient10297,2
patient10298,6
patient10299,4
patient10300,17
patient10301,2
patient10302,2
patient10303,2
patient10304,2
patient10305,14
patient10306,4
patient10307,2
patient10308,3
patient10309,3
patient10310,1
patient10311,5
patient10312,4
patient10313,2
patient10314,1
patient10315,3
patient10316,10
patient10317,2
patient10318,2
patient10319,1
patient10320,4
patient10321,11
patient10322,1
patient10323,4
patient10324,2
patient10325,5
patient10326,1
patient10327,4
patient10328,1
patient10329,8
patient10330,2
patient10331,1
patient10332,1
patient10333,2
patient10334,2
patient10335,3
patient10336,2
patient10337,1
patient10338,6
patient10339,3
patient10340,6
patient10341,10
patient10342,2
patient10343,4
patient10344,2
patient10345,12
patient10346,2
patient10347,2
patient10348,1
patient10349,6
patient10350,3
patient10351,3
patient10352,1
patient10353,3
patient10354,1
patient10355,6
patient10356,2
patient10357,2
patient10358,2
patient10359,1
patient10360,3
patient10361,2
patient10362,4
patient10363,6
patient10364,2
patient10365,1
patient10366,1
patient10367,2
patient10368,24
patient10369,2
patient10370,1
patient10371,5
patient10372,4
patient10373,2
patient10374,1
patient10375,2
patient10376,2
patient10377,2
patient10378,2
patient10379,4
patient10380,2
patient10381,2
patient10382,5
patient10383,3
patient10384,2
patient10385,1
patient10386,4
patient10387,2
patient10388,8
patient10389,2
patient10390,2
patient10391,2
patient10392,3
patient10393,1
patient10394,1
patient10395,2
patient10396,1
patient10397,11
patient10398,10
patient10399,8
patient10400,1
patient10401,2
patient10402,4
patient10403,7
patient10404,4
patient10405,2
patient10406,1
patient10407,2
patient10408,1
patient10409,1
patient10410,2
patient10411,3
patient10412,3
patient10413,10
patient10414,3
patient10415,1
patient10416,2
patient10417,5
patient10418,3
patient10419,2
patient10420,9
patient10421,3
patient10422,2
patient10423,3
patient10424,4
patient10425,2
patient10426,2
patient10427,9
patient10428,2
patient10429,2
patient10430,2
patient10431,2
patient10432,3
patient10433,6
patient10434,4
patient10435,1
patient10436,3
patient10437,1
patient10438,2
patient10439,1
patient10440,2
patient10441,2
patient10442,3
patient10443,1
patient10444,1
patient10445,4
patient10446,2
patient10447,2
patient10448,2
patient10449,6
patient10450,3
patient10451,2
patient10452,1
patient10453,2
patient10454,4
patient10455,7
patient10456,18
patient10457,2
patient10458,2
patient10459,13
patient10460,2
patient10461,1
patient10462,1
patient10463,2
patient10464,2
patient10465,7
patient10466,3
patient10467,15
patient10468,1
patient10469,3
patient10470,15
patient10471,1
patient10472,14
patient10473,2
patient10474,3
patient10475,2
patient10476,1
patient10477,2
patient10478,6
patient10479,8
patient10480,2
patient10481,3
patient10482,16
patient10483,3
patient10484,4
patient10485,2
patient10486,1
patient10487,8
patient10488,4
patient10489,2
patient10490,3
patient10491,3
patient10492,11
patient10493,1
patient10494,2
patient10495,6
patient10496,2
patient10497,15
patient10498,3
patient10499,1
patient10500,3
patient10501,11
patient10502,8
patient10503,2
patient10504,1
patient10505,2
patient10506,4
patient10507,3
patient10508,1
patient10509,5
patient10510,2
patient10511,43
patient10512,2
patient10513,4
patient10514,1
patient10515,2
patient10516,2
patient10517,2
patient10518,1
patient10519,1
patient10520,8
patient10521,1
patient10522,1
patient10523,2
patient10524,1
patient10525,16
patient10526,8
patient10527,36
patient10528,2
patient10529,2
patient10530,2
patient10531,2
patient10532,2
patient10533,10
patient10534,1
patient10535,2
patient10536,1
patient10537,16
patient10538,1
patient10539,2
patient10540,1
patient10541,3
patient10542,4
patient10543,1
patient10544,1
patient10545,6
patient10546,5
patient10547,1
patient10548,1
patient10549,1
patient10550,2
patient10551,7
patient10552,1
patient10553,2
patient10554,3
patient10555,2
patient10556,1
patient10557,4
patient10558,1
patient10559,2
patient10560,2
patient10561,2
patient10562,10
patient10563,1
patient10564,12
patient10565,2
patient10566,2
patient10567,5
patient10568,3
patient10569,5
patient10570,3
patient10571,1
patient10572,2
patient10573,2
patient10574,3
patient10575,2
patient10576,1
patient10577,2
patient10578,4
patient10579,2
patient10580,2
patient10581,1
patient10582,5
patient10583,1
patient10584,2
patient10585,12
patient10586,2
patient10587,2
patient10588,1
patient10589,4
patient10590,13
patient10591,2
patient10592,2
patient10593,2
patient10594,3
patient10595,10
patient10596,1
patient10597,2
patient10598,2
patient10599,2
patient10600,1
patient10601,4
patient10602,6
patient10603,14
patient10604,1
patient10605,7
patient10606,2
patient10607,1
patient10608,7
patient10609,2
patient10610,2
patient10611,2
patient10612,9
patient10613,2
patient10614,2
patient10615,9
patient10616,1
patient10617,3
patient10618,2
patient10619,1
patient10620,9
patient10621,1
patient10622,2
patient10623,2
patient10624,14
patient10625,1
patient10626,27
patient10627,1
patient10628,3
patient10629,7
patient10630,8
patient10631,1
patient10632,6
patient10633,1
patient10634,22
patient10635,2
patient10636,5
patient10637,3
patient10638,3
patient10639,2
patient10640,4
patient10641,1
patient10642,2
patient10643,2
patient10644,4
patient10645,4
patient10646,1
patient10647,3
patient10648,55
patient10649,3
patient10650,2
patient10651,2
patient10652,2
patient10653,2
patient10654,5
patient10655,1
patient10656,6
patient10657,3
patient10658,5
patient10659,2
patient10660,2
patient10661,14
patient10662,1
patient10663,2
patient10664,11
patient10665,1
patient10666,3
patient10667,3
patient10668,2
patient10669,1
patient10670,3
patient10671,2
patient10672,2
patient10673,1
patient10674,3
patient10675,2
patient10676,1
patient10677,6
patient10678,3
patient10679,1
patient10680,2
patient10681,2
patient10682,2
patient10683,2
patient10684,12
patient10685,2
patient10686,1
patient10687,2
patient10688,2
patient10689,13
patient10690,9
patient10691,4
patient10692,1
patient10693,1
patient10694,1
patient10695,1
patient10696,4
patient10697,3
patient10698,7
patient10699,1
patient10700,1
patient10701,2
patient10702,9
patient10703,4
patient10704,1
patient10705,2
patient10706,4
patient10707,2
patient10708,2
patient10709,7
patient10710,2
patient10711,1
patient10712,2
patient10713,6
patient10714,3
patient10715,7
patient10716,2
patient10717,1
patient10718,2
patient10719,2
patient10720,3
patient10721,2
patient10722,1
patient10723,1
patient10724,2
patient10725,5
patient10726,11
patient10727,21
patient10728,9
patient10729,1
patient10730,8
patient10731,6
patient10732,2
patient10733,4
patient10734,43
patient10735,12
patient10736,4
patient10737,6
patient10738,12
patient10739,1
patient10740,2
patient10741,4
patient10742,1
patient10743,1
patient10744,4
patient10745,4
patient10746,5
patient10747,2
patient10748,2
patient10749,2
patient10750,2
patient10751,22
patient10752,9
patient10753,19
patient10754,3
patient10755,9
patient10756,21
patient10757,3
patient10758,2
patient10759,5
patient10760,7
patient10761,4
patient10762,2
patient10763,3
patient10764,1
patient10765,1
patient10766,2
patient10767,2
patient10768,1
patient10769,2
patient10770,8
patient10771,1
patient10772,2
patient10773,5
patient10774,2
patient10775,9
patient10776,2
patient10777,2
patient10778,2
patient10779,1
patient10780,19
patient10781,5
patient10782,5
patient10783,3
patient10784,6
patient10785,1
patient10786,2
patient10787,2
patient10788,1
patient10789,1
patient10790,2
patient10791,8
patient10792,1
patient10793,3
patient10794,2
patient10795,1
patient10796,3
patient10797,1
patient10798,1
patient10799,11
patient10800,8
patient10801,9
patient10802,1
patient10803,7
patient10804,2
patient10805,3
patient10806,1
patient10807,1
patient10808,6
patient10809,15
patient10810,4
patient10811,2
patient10812,10
patient10813,1
patient10814,11
patient10815,2
patient10816,5
patient10817,2
patient10818,6
patient10819,1
patient10820,2
patient10821,3
patient10822,2
patient10823,9
patient10824,2
patient10825,4
patient10826,10
patient10827,1
patient10828,6
patient10829,1
patient10830,2
patient10831,1
patient10832,2
patient10833,2
patient10834,1
patient10835,2
patient10836,1
patient10837,1
patient10838,2
patient10839,2
patient10840,2
patient10841,2
patient10842,1
patient10843,1
patient10844,1
patient10845,6
patient10846,1
patient10847,8
patient10848,1
patient10849,1
patient10850,1
patient10851,2
patient10852,3
patient10853,1
patient10854,1
patient10855,6
patient10856,4
patient10857,3
patient10858,3
patient10859,2
patient10860,3
patient10861,4
patient10862,1
patient10863,2
patient10864,12
patient10865,6
patient10866,2
patient10867,2
patient10868,2
patient10869,5
patient10870,5
patient10871,13
patient10872,1
patient10873,4
patient10874,2
patient10875,2
patient10876,4
patient10877,9
patient10878,2
patient10879,4
patient10880,4
patient10881,7
patient10882,3
patient10883,1
patient10884,24
patient10885,3
patient10886,1
patient10887,1
patient10888,10
patient10889,2
patient10890,6
patient10891,3
patient10892,5
patient10893,1
patient10894,4
patient10895,12
patient10896,1
patient10897,2
patient10898,11
patient10899,2
patient10900,40
patient10901,2
patient10902,6
patient10903,2
patient10904,2
patient10905,1
patient10906,16
patient10907,43
patient10908,2
patient10909,8
patient10910,3
patient10911,1
patient10912,2
patient10913,23
patient10914,3
patient10915,2
patient10916,4
patient10917,6
patient10918,2
patient10919,5
patient10920,2
patient10921,1
patient10922,3
patient10923,9
patient10924,7
patient10925,3
patient10926,2
patient10927,1
patient10928,11
patient10929,3
patient10930,3
patient10931,3
patient10932,3
patient10933,2
patient10934,2
patient10935,4
patient10936,8
patient10937,3
patient10938,18
patient10939,2
patient10940,4
patient10941,3
patient10942,3
patient10943,1
patient10944,2
patient10945,3
patient10946,2
patient10947,7
patient10948,13
patient10949,3
patient10950,11
patient10951,5
patient10952,3
patient10953,2
patient10954,1
patient10955,2
patient10956,1
patient10957,2
patient10958,3
patient10959,1
patient10960,2
patient10961,7
patient10962,2
patient10963,7
patient10964,3
patient10965,7
patient10966,3
patient10967,24
patient10968,7
patient10969,1
patient10970,76
patient10971,6
patient10972,7
patient10973,2
patient10974,2
patient10975,1
patient10976,1
patient10977,1
patient10978,5
patient10979,2
patient10980,1
patient10981,5
patient10982,3
patient10983,7
patient10984,2
patient10985,1
patient10986,2
patient10987,2
patient10988,4
patient10989,2
patient10990,3
patient10991,5
patient10992,2
patient10993,7
patient10994,2
patient10995,1
patient10996,1
patient10997,1
patient10998,1
patient10999,4
patient11000,1
patient11001,1
patient11002,2
patient11003,1
patient11004,2
patient11005,1
patient11006,1
patient11007,1
patient11008,2
patient11009,2
patient11010,4
patient11011,1
patient11012,2
patient11013,2
patient11014,5
patient11015,9
patient11016,4
patient11017,12
patient11018,10
patient11019,21
patient11020,16
patient11021,6
patient11022,7
patient11023,1
patient11024,2
patient11025,2
patient11026,1
patient11027,22
patient11028,1
patient11029,1
patient11030,9
patient11031,2
patient11032,8
patient11033,2
patient11034,4
patient11035,2
patient11036,1
patient11037,6
patient11038,4
patient11039,1
patient11040,2
patient11041,3
patient11042,5
patient11043,2
patient11044,2
patient11045,4
patient11046,1
patient11047,1
patient11048,2
patient11049,2
patient11050,6
patient11051,2
patient11052,4
patient11053,2
patient11054,4
patient11055,2
patient11056,11
patient11057,2
patient11058,2
patient11059,2
patient11060,2
patient11061,1
patient11062,6
patient11063,2
patient11064,2
patient11065,2
patient11066,3
patient11067,4
patient11068,3
patient11069,6
patient11070,2
patient11071,1
patient11072,2
patient11073,2
patient11074,2
patient11075,2
patient11076,1
patient11077,1
patient11078,4
patient11079,7
patient11080,8
patient11081,1
patient11082,2
patient11083,1
patient11084,3
patient11085,1
patient11086,1
patient11087,3
patient11088,5
patient11089,1
patient11090,2
patient11091,5
patient11092,2
patient11093,2
patient11094,1
patient11095,1
patient11096,3
patient11097,5
patient11098,2
patient11099,4
patient11100,6
patient11101,3
patient11102,2
patient11103,2
patient11104,4
patient11105,3
patient11106,4
patient11107,1
patient11108,6
patient11109,2
patient11110,2
patient11111,21
patient11112,1
patient11113,6
patient11114,3
patient11115,2
patient11116,2
patient11117,4
patient11118,2
patient11119,2
patient11120,40
patient11121,1
patient11122,23
patient11123,7
patient11124,5
patient11125,3
patient11126,1
patient11127,27
patient11128,1
patient11129,2
patient11130,1
patient11131,2
patient11132,12
patient11133,6
patient11134,6
patient11135,2
patient11136,4
patient11137,3
patient11138,2
patient11139,22
patient11140,2
patient11141,2
patient11142,2
patient11143,2
patient11144,1
patient11145,1
patient11146,9
patient11147,1
patient11148,2
patient11149,2
patient11150,3
patient11151,7
patient11152,9
patient11153,2
patient11154,3
patient11155,1
patient11156,2
patient11157,1
patient11158,4
patient11159,5
patient11160,3
patient11161,1
patient11162,9
patient11163,1
patient11164,4
patient11165,2
patient11166,14
patient11167,6
patient11168,1
patient11169,2
patient11170,2
patient11171,15
patient11172,4
patient11173,2
patient11174,6
patient11175,1
patient11176,1
patient11177,2
patient11178,2
patient11179,1
patient11180,1
patient11181,11
patient11182,3
patient11183,2
patient11184,6
patient11185,2
patient11186,21
patient11187,2
patient11188,2
patient11189,3
patient11190,1
patient11191,2
patient11192,5
patient11193,2
patient11194,3
patient11195,1
patient11196,4
patient11197,17
patient11198,6
patient11199,3
patient11200,8
patient11201,6
patient11202,12
patient11203,2
patient11204,15
patient11205,4
patient11206,1
patient11207,2
patient11208,3
patient11209,8
patient11210,6
patient11211,2
patient11212,3
patient11213,2
patient11214,2
patient11215,1
patient11216,2
patient11217,4
patient11218,6
patient11219,3
patient11220,2
patient11221,2
patient11222,1
patient11223,1
patient11224,1
patient11225,3
patient11226,7
patient11227,1
patient11228,3
patient11229,1
patient11230,8
patient11231,1
patient11232,4
patient11233,2
patient11234,2
patient11235,1
patient11236,2
patient11237,1
patient11238,2
patient11239,4
patient11240,2
patient11241,9
patient11242,40
patient11243,5
patient11244,2
patient11245,4
patient11246,2
patient11247,1
patient11248,2
patient11249,2
patient11250,2
patient11251,1
patient11252,1
patient11253,1
patient11254,6
patient11255,2
patient11256,3
patient11257,2
patient11258,25
patient11259,4
patient11260,6
patient11261,6
patient11262,6
patient11263,4
patient11264,1
patient11265,5
patient11266,2
patient11267,1
patient11268,8
patient11269,2
patient11270,29
patient11271,2
patient11272,1
patient11273,6
patient11274,10
patient11275,2
patient11276,2
patient11277,2
patient11278,1
patient11279,36
patient11280,2
patient11281,2
patient11282,1
patient11283,2
patient11284,3
patient11285,2
patient11286,2
patient11287,1
patient11288,3
patient11289,1
patient11290,4
patient11291,2
patient11292,21
patient11293,15
patient11294,2
patient11295,4
patient11296,1
patient11297,2
patient11298,1
patient11299,2
patient11300,8
patient11301,2
patient11302,26
patient11303,2
patient11304,2
patient11305,13
patient11306,6
patient11307,2
patient11308,2
patient11309,3
patient11310,5
patient11311,1
patient11312,7
patient11313,13
patient11314,2
patient11315,3
patient11316,1
patient11317,1
patient11318,30
patient11319,3
patient11320,3
patient11321,2
patient11322,7
patient11323,6
patient11324,6
patient11325,14
patient11326,4
patient11327,6
patient11328,2
patient11329,1
patient11330,2
patient11331,4
patient11332,9
patient11333,9
patient11334,3
patient11335,1
patient11336,3
patient11337,16
patient11338,4
patient11339,2
patient11340,2
patient11341,2
patient11342,2
patient11343,2
patient11344,2
patient11345,4
patient11346,39
patient11347,12
patient11348,5
patient11349,2
patient11350,1
patient11351,2
patient11352,4
patient11353,7
patient11354,18
patient11355,2
patient11356,2
patient11357,2
patient11358,3
patient11359,1
patient11360,1
patient11361,9
patient11362,5
patient11363,3
patient11364,3
patient11365,2
patient11366,3
patient11367,1
patient11368,3
patient11369,8
patient11370,11
patient11371,6
patient11372,2
patient11373,1
patient11374,2
patient11375,4
patient11376,12
patient11377,2
patient11378,1
patient11379,6
patient11380,2
patient11381,6
patient11382,2
patient11383,6
patient11384,2
patient11385,10
patient11386,5
patient11387,2
patient11388,1
patient11389,9
patient11390,2
patient11391,6
patient11392,3
patient11393,8
patient11394,7
patient11395,4
patient11396,2
patient11397,2
patient11398,1
patient11399,1
patient11400,1
patient11401,4
patient11402,2
patient11403,14
patient11404,1
patient11405,1
patient11406,5
patient11407,4
patient11408,1
patient11409,2
patient11410,2
patient11411,6
patient11412,8
patient11413,4
patient11414,2
patient11415,12
patient11416,2
patient11417,5
patient11418,2
patient11419,3
patient11420,2
patient11421,1
patient11422,5
patient11423,6
patient11424,4
patient11425,3
patient11426,1
patient11427,8
patient11428,1
patient11429,6
patient11430,2
patient11431,6
patient11432,2
patient11433,1
patient11434,8
patient11435,10
patient11436,20
patient11437,4
patient11438,1
patient11439,11
patient11440,2
patient11441,2
patient11442,1
patient11443,7
patient11444,2
patient11445,1
patient11446,4
patient11447,34
patient11448,1
patient11449,2
patient11450,2
patient11451,2
patient11452,2
patient11453,11
patient11454,1
patient11455,5
patient11456,2
patient11457,4
patient11458,4
patient11459,3
patient11460,1
patient11461,6
patient11462,2
patient11463,1
patient11464,3
patient11465,4
patient11466,6
patient11467,1
patient11468,1
patient11469,5
patient11470,10
patient11471,2
patient11472,6
patient11473,4
patient11474,1
patient11475,3
patient11476,1
patient11477,24
patient11478,1
patient11479,3
patient11480,4
patient11481,12
patient11482,2
patient11483,6
patient11484,5
patient11485,33
patient11486,3
patient11487,2
patient11488,4
patient11489,2
patient11490,37
patient11491,1
patient11492,6
patient11493,17
patient11494,1
patient11495,3
patient11496,1
patient11497,4
patient11498,5
patient11499,3
patient11500,2
patient11501,2
patient11502,2
patient11503,1
patient11504,1
patient11505,2
patient11506,1
patient11507,2
patient11508,4
patient11509,3
patient11510,1
patient11511,2
patient11512,2
patient11513,1
patient11514,7
patient11515,3
patient11516,4
patient11517,1
patient11518,8
patient11519,11
patient11520,16
patient11521,11
patient11522,1
patient11523,4
patient11524,6
patient11525,28
patient11526,6
patient11527,2
patient11528,13
patient11529,5
patient11530,1
patient11531,2
patient11532,2
patient11533,1
patient11534,2
patient11535,1
patient11536,2
patient11537,7
patient11538,2
patient11539,4
patient11540,2
patient11541,2
patient11542,11
patient11543,3
patient11544,3
patient11545,4
patient11546,1
patient11547,1
patient11548,4
patient11549,1
patient11550,2
patient11551,2
patient11552,6
patient11553,2
patient11554,4
patient11555,4
patient11556,3
patient11557,1
patient11558,2
patient11559,2
patient11560,5
patient11561,4
patient11562,5
patient11563,9
patient11564,2
patient11565,3
patient11566,2
patient11567,3
patient11568,1
patient11569,2
patient11570,6
patient11571,1
patient11572,1
patient11573,5
patient11574,1
patient11575,15
patient11576,6
patient11577,3
patient11578,2
patient11579,2
patient11580,1
patient11581,4
patient11582,41
patient11583,13
patient11584,1
patient11585,3
patient11586,3
patient11587,2
patient11588,1
patient11589,1
patient11590,2
patient11591,1
patient11592,2
patient11593,2
patient11594,4
patient11595,2
patient11596,2
patient11597,2
patient11598,2
patient11599,4
patient11600,1
patient11601,2
patient11602,5
patient11603,1
patient11604,2
patient11605,2
patient11606,11
patient11607,1
patient11608,2
patient11609,4
patient11610,4
patient11611,2
patient11612,2
patient11613,2
patient11614,2
patient11615,5
patient11616,1
patient11617,2
patient11618,2
patient11619,2
patient11620,2
patient11621,2
patient11622,5
patient11623,2
patient11624,1
patient11625,6
patient11626,3
patient11627,1
patient11628,2
patient11629,1
patient11630,3
patient11631,2
patient11632,2
patient11633,1
patient11634,1
patient11635,2
patient11636,11
patient11637,4
patient11638,5
patient11639,2
patient11640,2
patient11641,2
patient11642,1
patient11643,1
patient11644,3
patient11645,22
patient11646,1
patient11647,5
patient11648,2
patient11649,9
patient11650,15
patient11651,2
patient11652,2
patient11653,3
patient11654,9
patient11655,1
patient11656,2
patient11657,6
patient11658,9
patient11659,1
patient11660,27
patient11661,5
patient11662,2
patient11663,4
patient11664,2
patient11665,24
patient11666,2
patient11667,2
patient11668,5
patient11669,1
patient11670,1
patient11671,2
patient11672,2
patient11673,2
patient11674,5
patient11675,2
patient11676,1
patient11677,1
patient11678,4
patient11679,2
patient11680,8
patient11681,3
patient11682,2
patient11683,2
patient11684,4
patient11685,3
patient11686,1
patient11687,4
patient11688,10
patient11689,1
patient11690,5
patient11691,3
patient11692,1
patient11693,1
patient11694,2
patient11695,13
patient11696,4
patient11697,3
patient11698,4
patient11699,2
patient11700,1
patient11701,2
patient11702,6
patient11703,7
patient11704,4
patient11705,2
patient11706,1
patient11707,7
patient11708,2
patient11709,2
patient11710,41
patient11711,2
patient11712,1
patient11713,1
patient11714,2
patient11715,7
patient11716,2
patient11717,3
patient11718,5
patient11719,3
patient11720,2
patient11721,2
patient11722,2
patient11723,26
patient11724,2
patient11725,3
patient11726,2
patient11727,2
patient11728,2
patient11729,2
patient11730,1
patient11731,2
patient11732,6
patient11733,1
patient11734,1
patient11735,18
patient11736,1
patient11737,3
patient11738,4
patient11739,2
patient11740,2
patient11741,2
patient11742,1
patient11743,9
patient11744,7
patient11745,2
patient11746,4
patient11747,3
patient11748,14
patient11749,4
patient11750,1
patient11751,23
patient11752,10
patient11753,3
patient11754,3
patient11755,2
patient11756,1
patient11757,2
patient11758,2
patient11759,3
patient11760,1
patient11761,1
patient11762,3
patient11763,4
patient11764,4
patient11765,2
patient11766,2
patient11767,2
patient11768,1
patient11769,4
patient11770,1
patient11771,1
patient11772,2
patient11773,1
patient11774,6
patient11775,7
patient11776,1
patient11777,9
patient11778,2
patient11779,1
patient11780,2
patient11781,1
patient11782,1
patient11783,1
patient11784,4
patient11785,2
patient11786,4
patient11787,2
patient11788,2
patient11789,2
patient11790,2
patient11791,2
patient11792,21
patient11793,1
patient11794,20
patient11795,3
patient11796,3
patient11797,2
patient11798,2
patient11799,1
patient11800,1
patient11801,2
patient11802,1
patient11803,1
patient11804,1
patient11805,1
patient11806,24
patient11807,2
patient11808,1
patient11809,1
patient11810,22
patient11811,1
patient11812,1
patient11813,1
patient11814,2
patient11815,2
patient11816,5
patient11817,1
patient11818,2
patient11819,2
patient11820,7
patient11821,2
patient11822,1
patient11823,4
patient11824,3
patient11825,9
patient11826,1
patient11827,3
patient11828,24
patient11829,1
patient11830,3
patient11831,2
patient11832,4
patient11833,2
patient11834,9
patient11835,3
patient11836,1
patient11837,5
patient11838,7
patient11839,10
patient11840,2
patient11841,1
patient11842,2
patient11843,1
patient11844,1
patient11845,1
patient11846,1
patient11847,4
patient11848,1
patient11849,1
patient11850,11
patient11851,10
patient11852,2
patient11853,1
patient11854,2
patient11855,2
patient11856,1
patient11857,4
patient11858,3
patient11859,19
patient11860,1
patient11861,10
patient11862,2
patient11863,1
patient11864,1
patient11865,4
patient11866,1
patient11867,3
patient11868,2
patient11869,10
patient11870,2
patient11871,2
patient11872,6
patient11873,2
patient11874,2
patient11875,2
patient11876,5
patient11877,7
patient11878,1
patient11879,2
patient11880,2
patient11881,1
patient11882,2
patient11883,1
patient11884,1
patient11885,2
patient11886,2
patient11887,2
patient11888,2
patient11889,3
patient11890,13
patient11891,2
patient11892,6
patient11893,3
patient11894,1
patient11895,3
patient11896,2
patient11897,8
patient11898,6
patient11899,2
patient11900,2
patient11901,7
patient11902,5
patient11903,1
patient11904,2
patient11905,2
patient11906,1
patient11907,4
patient11908,2
patient11909,1
patient11910,1
patient11911,1
patient11912,2
patient11913,9
patient11914,7
patient11915,7
patient11916,2
patient11917,2
patient11918,1
patient11919,4
patient11920,2
patient11921,6
patient11922,5
patient11923,7
patient11924,4
patient11925,1
patient11926,1
patient11927,3
patient11928,2
patient11929,7
patient11930,4
patient11931,1
patient11932,3
patient11933,12
patient11934,2
patient11935,2
patient11936,1
patient11937,15
patient11938,1
patient11939,1
patient11940,6
patient11941,5
patient11942,2
patient11943,2
patient11944,1
patient11945,2
patient11946,2
patient11947,2
patient11948,2
patient11949,1
patient11950,2
patient11951,2
patient11952,2
patient11953,4
patient11954,11
patient11955,1
patient11956,2
patient11957,4
patient11958,1
patient11959,1
patient11960,2
patient11961,5
patient11962,1
patient11963,2
patient11964,2
patient11965,1
patient11966,2
patient11967,1
patient11968,1
patient11969,4
patient11970,4
patient11971,7
patient11972,7
patient11973,2
patient11974,4
patient11975,7
patient11976,17
patient11977,2
patient11978,1
patient11979,21
patient11980,2
patient11981,8
patient11982,1
patient11983,5
patient11984,2
patient11985,5
patient11986,18
patient11987,2
patient11988,2
patient11989,3
patient11990,1
patient11991,2
patient11992,3
patient11993,2
patient11994,5
patient11995,2
patient11996,6
patient11997,7
patient11998,5
patient11999,8
patient12000,3
patient12001,1
patient12002,2
patient12003,1
patient12004,8
patient12005,3
patient12006,1
patient12007,3
patient12008,15
patient12009,2
patient12010,3
patient12011,2
patient12012,3
patient12013,15
patient12014,2
patient12015,5
patient12016,2
patient12017,1
patient12018,5
patient12019,1
patient12020,6
patient12021,2
patient12022,4
patient12023,1
patient12024,1
patient12025,1
patient12026,2
patient12027,1
patient12028,17
patient12029,2
patient12030,2
patient12031,5
patient12032,2
patient12033,1
patient12034,1
patient12035,4
patient12036,9
patient12037,3
patient12038,1
patient12039,1
patient12040,1
patient12041,1
patient12042,1
patient12043,2
patient12044,1
patient12045,1
patient12046,2
patient12047,2
patient12048,2
patient12049,2
patient12050,16
patient12051,1
patient12052,2
patient12053,3
patient12054,2
patient12055,10
patient12056,10
patient12057,1
patient12058,2
patient12059,1
patient12060,2
patient12061,1
patient12062,2
patient12063,2
patient12064,6
patient12065,1
patient12066,2
patient12067,2
patient12068,2
patient12069,2
patient12070,3
patient12071,2
patient12072,1
patient12073,10
patient12074,2
patient12075,1
patient12076,2
patient12077,1
patient12078,1
patient12079,1
patient12080,1
patient12081,1
patient12082,2
patient12083,2
patient12084,6
patient12085,1
patient12086,5
patient12087,2
patient12088,4
patient12089,1
patient12090,8
patient12091,2
patient12092,10
patient12093,6
patient12094,2
patient12095,3
patient12096,25
patient12097,2
patient12098,2
patient12099,2
patient12100,2
patient12101,2
patient12102,2
patient12103,3
patient12104,1
patient12105,1
patient12106,1
patient12107,2
patient12108,2
patient12109,2
patient12110,3
patient12111,1
patient12112,2
patient12113,2
patient12114,1
patient12115,17
patient12116,5
patient12117,5
patient12118,5
patient12119,2
patient12120,2
patient12121,1
patient12122,2
patient12123,1
patient12124,3
patient12125,4
patient12126,3
patient12127,13
patient12128,2
patient12129,8
patient12130,1
patient12131,10
patient12132,1
patient12133,2
patient12134,1
patient12135,2
patient12136,2
patient12137,6
patient12138,2
patient12139,2
patient12140,1
patient12141,1
patient12142,8
patient12143,12
patient12144,4
patient12145,13
patient12146,1
patient12147,2
patient12148,1
patient12149,2
patient12150,2
patient12151,5
patient12152,7
patient12153,2
patient12154,10
patient12155,2
patient12156,1
patient12157,2
patient12158,15
patient12159,3
patient12160,3
patient12161,3
patient12162,2
patient12163,4
patient12164,7
patient12165,1
patient12166,1
patient12167,1
patient12168,9
patient12169,4
patient12170,1
patient12171,3
patient12172,4
patient12173,1
patient12174,1
patient12175,12
patient12176,5
patient12177,5
patient12178,1
patient12179,14
patient12180,11
patient12181,2
patient12182,6
patient12183,8
patient12184,2
patient12185,1
patient12186,1
patient12187,5
patient12188,2
patient12189,3
patient12190,2
patient12191,1
patient12192,1
patient12193,3
patient12194,2
patient12195,5
patient12196,2
patient12197,8
patient12198,2
patient12199,1
patient12200,3
patient12201,1
patient12202,2
patient12203,20
patient12204,2
patient12205,2
patient12206,4
patient12207,3
patient12208,2
patient12209,4
patient12210,4
patient12211,3
patient12212,1
patient12213,4
patient12214,2
patient12215,2
patient12216,6
patient12217,1
patient12218,3
patient12219,3
patient12220,2
patient12221,1
patient12222,13
patient12223,13
patient12224,2
patient12225,4
patient12226,2
patient12227,2
patient12228,8
patient12229,3
patient12230,4
patient12231,2
patient12232,1
patient12233,5
patient12234,6
patient12235,2
patient12236,1
patient12237,8
patient12238,2
patient12239,3
patient12240,1
patient12241,7
patient12242,2
patient12243,4
patient12244,6
patient12245,4
patient12246,4
patient12247,2
patient12248,1
patient12249,4
patient12250,1
patient12251,2
patient12252,2
patient12253,2
patient12254,2
patient12255,2
patient12256,6
patient12257,3
patient12258,1
patient12259,2
patient12260,1
patient12261,12
patient12262,1
patient12263,3
patient12264,2
patient12265,8
patient12266,3
patient12267,2
patient12268,2
patient12269,4
patient12270,2
patient12271,8
patient12272,4
patient12273,4
patient12274,7
patient12275,2
patient12276,2
patient12277,1
patient12278,1
patient12279,1
patient12280,7
patient12281,2
patient12282,2
patient12283,5
patient12284,2
patient12285,1
patient12286,1
patient12287,4
patient12288,1
patient12289,1
patient12290,3
patient12291,2
patient12292,1
patient12293,1
patient12294,5
patient12295,1
patient12296,1
patient12297,3
patient12298,2
patient12299,1
patient12300,2
patient12301,2
patient12302,4
patient12303,4
patient12304,31
patient12305,1
patient12306,6
patient12307,2
patient12308,2
patient12309,4
patient12310,2
patient12311,3
patient12312,4
patient12313,3
patient12314,2
patient12315,1
patient12316,8
patient12317,14
patient12318,1
patient12319,7
patient12320,1
patient12321,4
patient12322,2
patient12323,9
patient12324,9
patient12325,4
patient12326,3
patient12327,2
patient12328,3
patient12329,2
patient12330,9
patient12331,2
patient12332,2
patient12333,3
patient12334,1
patient12335,1
patient12336,2
patient12337,3
patient12338,7
patient12339,6
patient12340,3
patient12341,2
patient12342,11
patient12343,4
patient12344,1
patient12345,2
patient12346,8
patient12347,1
patient12348,9
patient12349,29
patient12350,1
patient12351,4
patient12352,4
patient12353,2
patient12354,1
patient12355,4
patient12356,4
patient12357,6
patient12358,8
patient12359,1
patient12360,1
patient12361,1
patient12362,2
patient12363,2
patient12364,8
patient12365,2
patient12366,1
patient12367,20
patient12368,4
patient12369,2
patient12370,6
patient12371,6
patient12372,3
patient12373,1
patient12374,1
patient12375,3
patient12376,3
patient12377,3
patient12378,2
patient12379,1
patient12380,6
patient12381,1
patient12382,1
patient12383,4
patient12384,1
patient12385,2
patient12386,2
patient12387,4
patient12388,1
patient12389,1
patient12390,16
patient12391,1
patient12392,4
patient12393,1
patient12394,3
patient12395,2
patient12396,2
patient12397,2
patient12398,1
patient12399,1
patient12400,2
patient12401,6
patient12402,3
patient12403,2
patient12404,1
patient12405,2
patient12406,2
patient12407,1
patient12408,1
patient12409,1
patient12410,1
patient12411,2
patient12412,24
patient12413,2
patient12414,2
patient12415,4
patient12416,4
patient12417,2
patient12418,1
patient12419,5
patient12420,5
patient12421,3
patient12422,2
patient12423,2
patient12424,19
patient12425,9
patient12426,9
patient12427,19
patient12428,6
patient12429,2
patient12430,24
patient12431,10
patient12432,2
patient12433,1
patient12434,3
patient12435,2
patient12436,7
patient12437,2
patient12438,2
patient12439,2
patient12440,6
patient12441,4
patient12442,3
patient12443,2
patient12444,2
patient12445,11
patient12446,2
patient12447,3
patient12448,16
patient12449,16
patient12450,6
patient12451,3
patient12452,2
patient12453,2
patient12454,4
patient12455,2
patient12456,1
patient12457,1
patient12458,1
patient12459,1
patient12460,1
patient12461,12
patient12462,6
patient12463,2
patient12464,3
patient12465,5
patient12466,12
patient12467,2
patient12468,2
patient12469,3
patient12470,17
patient12471,4
patient12472,2
patient12473,4
patient12474,1
patient12475,3
patient12476,2
patient12477,1
patient12478,2
patient12479,2
patient12480,1
patient12481,10
patient12482,2
patient12483,2
patient12484,2
patient12485,3
patient12486,1
patient12487,1
patient12488,2
patient12489,9
patient12490,19
patient12491,1
patient12492,2
patient12493,1
patient12494,1
patient12495,5
patient12496,3
patient12497,1
patient12498,2
patient12499,2
patient12500,1
patient12501,2
patient12502,2
patient12503,3
patient12504,1
patient12505,2
patient12506,2
patient12507,3
patient12508,2
patient12509,2
patient12510,2
patient12511,2
patient12512,3
patient12513,1
patient12514,1
patient12515,1
patient12516,4
patient12517,4
patient12518,4
patient12519,1
patient12520,1
patient12521,2
patient12522,2
patient12523,3
patient12524,1
patient12525,2
patient12526,20
patient12527,1
patient12528,3
patient12529,2
patient12530,2
patient12531,2
patient12532,4
patient12533,4
patient12534,1
patient12535,6
patient12536,2
patient12537,1
patient12538,1
patient12539,3
patient12540,7
patient12541,1
patient12542,4
patient12543,2
patient12544,2
patient12545,2
patient12546,6
patient12547,1
patient12548,14
patient12549,2
patient12550,2
patient12551,2
patient12552,2
patient12553,1
patient12554,2
patient12555,2
patient12556,34
patient12557,5
patient12558,1
patient12559,4
patient12560,3
patient12561,4
patient12562,2
patient12563,3
patient12564,2
patient12565,2
patient12566,8
patient12567,2
patient12568,2
patient12569,2
patient12570,2
patient12571,2
patient12572,2
patient12573,7
patient12574,1
patient12575,1
patient12576,2
patient12577,6
patient12578,4
patient12579,2
patient12580,1
patient12581,1
patient12582,1
patient12583,5
patient12584,11
patient12585,1
patient12586,2
patient12587,2
patient12588,2
patient12589,2
patient12590,4
patient12591,1
patient12592,3
patient12593,1
patient12594,8
patient12595,2
patient12596,5
patient12597,12
patient12598,3
patient12599,1
patient12600,13
patient12601,12
patient12602,1
patient12603,2
patient12604,3
patient12605,2
patient12606,2
patient12607,5
patient12608,2
patient12609,2
patient12610,4
patient12611,2
patient12612,1
patient12613,2
patient12614,7
patient12615,3
patient12616,1
patient12617,2
patient12618,1
patient12619,6
patient12620,1
patient12621,1
patient12622,2
patient12623,1
patient12624,4
patient12625,4
patient12626,3
patient12627,3
patient12628,15
patient12629,2
patient12630,2
patient12631,4
patient12632,1
patient12633,2
patient12634,6
patient12635,7
patient12636,2
patient12637,5
patient12638,2
patient12639,15
patient12640,1
patient12641,6
patient12642,11
patient12643,2
patient12644,4
patient12645,2
patient12646,2
patient12647,5
patient12648,14
patient12649,5
patient12650,6
patient12651,2
patient12652,9
patient12653,2
patient12654,1
patient12655,2
patient12656,17
patient12657,2
patient12658,2
patient12659,2
patient12660,5
patient12661,9
patient12662,3
patient12663,6
patient12664,3
patient12665,1
patient12666,13
patient12667,2
patient12668,1
patient12669,10
patient12670,2
patient12671,2
patient12672,1
patient12673,4
patient12674,9
patient12675,2
patient12676,2
patient12677,1
patient12678,2
patient12679,17
patient12680,3
patient12681,9
patient12682,2
patient12683,2
patient12684,2
patient12685,3
patient12686,3
patient12687,2
patient12688,1
patient12689,2
patient12690,2
patient12691,2
patient12692,1
patient12693,10
patient12694,4
patient12695,2
patient12696,2
patient12697,1
patient12698,4
patient12699,2
patient12700,12
patient12701,11
patient12702,4
patient12703,2
patient12704,7
patient12705,1
patient12706,6
patient12707,2
patient12708,1
patient12709,28
patient12710,11
patient12711,22
patient12712,2
patient12713,24
patient12714,3
patient12715,2
patient12716,1
patient12717,2
patient12718,5
patient12719,2
patient12720,1
patient12721,5
patient12722,5
patient12723,1
patient12724,4
patient12725,1
patient12726,4
patient12727,3
patient12728,1
patient12729,2
patient12730,13
patient12731,2
patient12732,4
patient12733,2
patient12734,2
patient12735,3
patient12736,1
patient12737,4
patient12738,8
patient12739,1
patient12740,2
patient12741,3
patient12742,5
patient12743,1
patient12744,2
patient12745,7
patient12746,5
patient12747,2
patient12748,1
patient12749,2
patient12750,2
patient12751,1
patient12752,23
patient12753,21
patient12754,2
patient12755,2
patient12756,9
patient12757,7
patient12758,1
patient12759,1
patient12760,1
patient12761,2
patient12762,1
patient12763,2
patient12764,2
patient12765,6
patient12766,4
patient12767,1
patient12768,9
patient12769,2
patient12770,2
patient12771,2
patient12772,2
patient12773,8
patient12774,2
patient12775,10
patient12776,1
patient12777,2
patient12778,2
patient12779,6
patient12780,2
patient12781,2
patient12782,2
patient12783,1
patient12784,3
patient12785,2
patient12786,18
patient12787,2
patient12788,2
patient12789,11
patient12790,1
patient12791,4
patient12792,2
patient12793,2
patient12794,2
patient12795,4
patient12796,2
patient12797,2
patient12798,2
patient12799,2
patient12800,3
patient12801,2
patient12802,4
patient12803,2
patient12804,1
patient12805,3
patient12806,2
patient12807,4
patient12808,9
patient12809,23
patient12810,2
patient12811,7
patient12812,1
patient12813,3
patient12814,1
patient12815,1
patient12816,1
patient12817,2
patient12818,2
patient12819,10
patient12820,3
patient12821,5
patient12822,2
patient12823,3
patient12824,2
patient12825,2
patient12826,1
patient12827,2
patient12828,2
patient12829,3
patient12830,1
patient12831,2
patient12832,4
patient12833,2
patient12834,9
patient12835,5
patient12836,9
patient12837,7
patient12838,1
patient12839,2
patient12840,2
patient12841,9
patient12842,1
patient12843,2
patient12844,4
patient12845,7
patient12846,5
patient12847,11
patient12848,3
patient12849,1
patient12850,2
patient12851,2
patient12852,1
patient12853,2
patient12854,2
patient12855,11
patient12856,3
patient12857,2
patient12858,1
patient12859,2
patient12860,1
patient12861,2
patient12862,6
patient12863,2
patient12864,7
patient12865,4
patient12866,1
patient12867,2
patient12868,11
patient12869,6
patient12870,18
patient12871,9
patient12872,7
patient12873,2
patient12874,2
patient12875,2
patient12876,1
patient12877,5
patient12878,1
patient12879,2
patient12880,4
patient12881,25
patient12882,4
patient12883,2
patient12884,2
patient12885,2
patient12886,4
patient12887,8
patient12888,2
patient12889,2
patient12890,1
patient12891,3
patient12892,5
patient12893,2
patient12894,5
patient12895,4
patient12896,1
patient12897,9
patient12898,1
patient12899,6
patient12900,3
patient12901,5
patient12902,2
patient12903,3
patient12904,5
patient12905,14
patient12906,2
patient12907,12
patient12908,1
patient12909,1
patient12910,2
patient12911,3
patient12912,7
patient12913,3
patient12914,3
patient12915,2
patient12916,5
patient12917,2
patient12918,1
patient12919,4
patient12920,2
patient12921,2
patient12922,2
patient12923,8
patient12924,2
patient12925,1
patient12926,5
patient12927,3
patient12928,7
patient12929,3
patient12930,3
patient12931,2
patient12932,4
patient12933,2
patient12934,1
patient12935,1
patient12936,5
patient12937,2
patient12938,1
patient12939,5
patient12940,5
patient12941,2
patient12942,2
patient12943,3
patient12944,1
patient12945,7
patient12946,8
patient12947,2
patient12948,2
patient12949,2
patient12950,5
patient12951,3
patient12952,1
patient12953,3
patient12954,4
patient12955,13
patient12956,2
patient12957,10
patient12958,2
patient12959,5
patient12960,2
patient12961,24
patient12962,9
patient12963,36
patient12964,1
patient12965,6
patient12966,8
patient12967,1
patient12968,4
patient12969,2
patient12970,3
patient12971,2
patient12972,1
patient12973,1
patient12974,5
patient12975,3
patient12976,2
patient12977,5
patient12978,5
patient12979,3
patient12980,1
patient12981,4
patient12982,2
patient12983,4
patient12984,7
patient12985,4
patient12986,2
patient12987,3
patient12988,4
patient12989,4
patient12990,2
patient12991,11
patient12992,2
patient12993,3
patient12994,18
patient12995,2
patient12996,2
patient12997,2
patient12998,5
patient12999,1
patient13000,1
patient13001,2
patient13002,1
patient13003,2
patient13004,1
patient13005,1
patient13006,2
patient13007,3
patient13008,3
patient13009,2
patient13010,2
patient13011,79
patient13012,9
patient13013,4
patient13014,2
patient13015,2
patient13016,1
patient13017,26
patient13018,5
patient13019,5
patient13020,3
patient13021,2
patient13022,3
patient13023,3
patient13024,2
patient13025,4
patient13026,1
patient13027,2
patient13028,3
patient13029,4
patient13030,2
patient13031,2
patient13032,2
patient13033,5
patient13034,2
patient13035,20
patient13036,2
patient13037,5
patient13038,4
patient13039,2
patient13040,1
patient13041,2
patient13042,1
patient13043,4
patient13044,10
patient13045,4
patient13046,2
patient13047,3
patient13048,4
patient13049,2
patient13050,1
patient13051,4
patient13052,2
patient13053,1
patient13054,2
patient13055,2
patient13056,1
patient13057,1
patient13058,7
patient13059,4
patient13060,3
patient13061,2
patient13062,2
patient13063,5
patient13064,7
patient13065,2
patient13066,1
patient13067,1
patient13068,3
patient13069,2
patient13070,2
patient13071,14
patient13072,1
patient13073,1
patient13074,2
patient13075,2
patient13076,2
patient13077,11
patient13078,3
patient13079,2
patient13080,2
patient13081,3
patient13082,3
patient13083,2
patient13084,1
patient13085,6
patient13086,5
patient13087,2
patient13088,2
patient13089,3
patient13090,2
patient13091,2
patient13092,1
patient13093,1
patient13094,11
patient13095,4
patient13096,2
patient13097,2
patient13098,11
patient13099,18
patient13100,22
patient13101,13
patient13102,16
patient13103,2
patient13104,15
patient13105,1
patient13106,15
patient13107,3
patient13108,16
patient13109,4
patient13110,2
patient13111,12
patient13112,16
patient13113,2
patient13114,5
patient13115,2
patient13116,4
patient13117,2
patient13118,4
patient13119,3
patient13120,2
patient13121,2
patient13122,3
patient13123,6
patient13124,2
patient13125,10
patient13126,3
patient13127,2
patient13128,9
patient13129,15
patient13130,2
patient13131,3
patient13132,1
patient13133,2
patient13134,2
patient13135,2
patient13136,2
patient13137,1
patient13138,2
patient13139,2
patient13140,14
patient13141,2
patient13142,2
patient13143,2
patient13144,4
patient13145,7
patient13146,2
patient13147,3
patient13148,2
patient13149,2
patient13150,2
patient13151,1
patient13152,7
patient13153,9
patient13154,1
patient13155,2
patient13156,4
patient13157,9
patient13158,1
patient13159,2
patient13160,2
patient13161,8
patient13162,72
patient13163,1
patient13164,11
patient13165,5
patient13166,2
patient13167,15
patient13168,1
patient13169,2
patient13170,2
patient13171,3
patient13172,2
patient13173,7
patient13174,2
patient13175,6
patient13176,16
patient13177,1
patient13178,1
patient13179,3
patient13180,13
patient13181,57
patient13182,2
patient13183,4
patient13184,2
patient13185,2
patient13186,3
patient13187,8
patient13188,3
patient13189,3
patient13190,2
patient13191,2
patient13192,1
patient13193,19
patient13194,4
patient13195,17
patient13196,4
patient13197,5
patient13198,3
patient13199,1
patient13200,1
patient13201,1
patient13202,30
patient13203,4
patient13204,3
patient13205,1
patient13206,5
patient13207,1
patient13208,5
patient13209,4
patient13210,3
patient13211,14
patient13212,3
patient13213,17
patient13214,1
patient13215,1
patient13216,11
patient13217,8
patient13218,11
patient13219,2
patient13220,6
patient13221,4
patient13222,1
patient13223,3
patient13224,2
patient13225,7
patient13226,1
patient13227,21
patient13228,3
patient13229,3
patient13230,2
patient13231,4
patient13232,1
patient13233,2
patient13234,7
patient13235,4
patient13236,3
patient13237,1
patient13238,2
patient13239,1
patient13240,5
patient13241,2
patient13242,5
patient13243,2
patient13244,2
patient13245,1
patient13246,7
patient13247,1
patient13248,9
patient13249,1
patient13250,4
patient13251,2
patient13252,1
patient13253,11
patient13254,1
patient13255,2
patient13256,2
patient13257,2
patient13258,4
patient13259,2
patient13260,3
patient13261,4
patient13262,4
patient13263,1
patient13264,5
patient13265,5
patient13266,2
patient13267,4
patient13268,1
patient13269,2
patient13270,25
patient13271,2
patient13272,11
patient13273,2
patient13274,2
patient13275,2
patient13276,9
patient13277,1
patient13278,3
patient13279,7
patient13280,3
patient13281,1
patient13282,2
patient13283,9
patient13284,2
patient13285,1
patient13286,2
patient13287,2
patient13288,6
patient13289,1
patient13290,2
patient13291,2
patient13292,1
patient13293,2
patient13294,1
patient13295,2
patient13296,7
patient13297,2
patient13298,1
patient13299,2
patient13300,3
patient13301,1
patient13302,2
patient13303,11
patient13304,18
patient13305,2
patient13306,3
patient13307,2
patient13308,2
patient13309,33
patient13310,13
patient13311,4
patient13312,1
patient13313,1
patient13314,10
patient13315,3
patient13316,2
patient13317,5
patient13318,18
patient13319,4
patient13320,9
patient13321,2
patient13322,1
patient13323,2
patient13324,2
patient13325,4
patient13326,4
patient13327,1
patient13328,1
patient13329,1
patient13330,2
patient13331,7
patient13332,1
patient13333,2
patient13334,2
patient13335,17
patient13336,1
patient13337,4
patient13338,8
patient13339,3
patient13340,1
patient13341,1
patient13342,9
patient13343,2
patient13344,2
patient13345,1
patient13346,1
patient13347,2
patient13348,1
patient13349,2
patient13350,2
patient13351,2
patient13352,1
patient13353,2
patient13354,17
patient13355,2
patient13356,1
patient13357,5
patient13358,2
patient13359,2
patient13360,1
patient13361,3
patient13362,13
patient13363,4
patient13364,2
patient13365,2
patient13366,4
patient13367,9
patient13368,2
patient13369,3
patient13370,7
patient13371,3
patient13372,11
patient13373,2
patient13374,1
patient13375,4
patient13376,15
patient13377,1
patient13378,2
patient13379,2
patient13380,2
patient13381,2
patient13382,4
patient13383,7
patient13384,2
patient13385,1
patient13386,5
patient13387,1
patient13388,2
patient13389,2
patient13390,2
patient13391,4
patient13392,5
patient13393,2
patient13394,5
patient13395,2
patient13396,1
patient13397,2
patient13398,1
patient13399,1
patient13400,3
patient13401,2
patient13402,2
patient13403,1
patient13404,2
patient13405,2
patient13406,2
patient13407,2
patient13408,2
patient13409,2
patient13410,2
patient13411,2
patient13412,2
patient13413,2
patient13414,8
patient13415,13
patient13416,4
patient13417,6
patient13418,7
patient13419,3
patient13420,3
patient13421,2
patient13422,2
patient13423,5
patient13424,1
patient13425,5
patient13426,19
patient13427,4
patient13428,2
patient13429,3
patient13430,2
patient13431,2
patient13432,2
patient13433,4
patient13434,4
patient13435,2
patient13436,2
patient13437,2
patient13438,2
patient13439,3
patient13440,1
patient13441,4
patient13442,2
patient13443,2
patient13444,11
patient13445,5
patient13446,2
patient13447,2
patient13448,2
patient13449,1
patient13450,2
patient13451,1
patient13452,20
patient13453,1
patient13454,8
patient13455,3
patient13456,8
patient13457,9
patient13458,2
patient13459,1
patient13460,3
patient13461,3
patient13462,1
patient13463,4
patient13464,6
patient13465,5
patient13466,2
patient13467,3
patient13468,2
patient13469,3
patient13470,3
patient13471,2
patient13472,2
patient13473,2
patient13474,2
patient13475,11
patient13476,3
patient13477,2
patient13478,1
patient13479,3
patient13480,2
patient13481,2
patient13482,1
patient13483,2
patient13484,3
patient13485,2
patient13486,1
patient13487,11
patient13488,2
patient13489,5
patient13490,2
patient13491,11
patient13492,20
patient13493,2
patient13494,2
patient13495,2
patient13496,3
patient13497,8
patient13498,7
patient13499,1
patient13500,3
patient13501,3
patient13502,6
patient13503,2
patient13504,3
patient13505,2
patient13506,2
patient13507,4
patient13508,2
patient13509,7
patient13510,6
patient13511,2
patient13512,3
patient13513,8
patient13514,2
patient13515,15
patient13516,2
patient13517,5
patient13518,2
patient13519,3
patient13520,4
patient13521,7
patient13522,1
patient13523,18
patient13524,4
patient13525,1
patient13526,2
patient13527,5
patient13528,1
patient13529,2
patient13530,57
patient13531,8
patient13532,10
patient13533,2
patient13534,4
patient13535,1
patient13536,4
patient13537,6
patient13538,11
patient13539,17
patient13540,3
patient13541,5
patient13542,2
patient13543,4
patient13544,7
patient13545,1
patient13546,4
patient13547,2
patient13548,4
patient13549,2
patient13550,5
patient13551,12
patient13552,6
patient13553,2
patient13554,1
patient13555,2
patient13556,3
patient13557,2
patient13558,2
patient13559,5
patient13560,3
patient13561,3
patient13562,5
patient13563,9
patient13564,4
patient13565,1
patient13566,4
patient13567,1
patient13568,4
patient13569,2
patient13570,49
patient13571,3
patient13572,2
patient13573,3
patient13574,6
patient13575,2
patient13576,2
patient13577,2
patient13578,2
patient13579,2
patient13580,2
patient13581,2
patient13582,1
patient13583,1
patient13584,1
patient13585,3
patient13586,8
patient13587,2
patient13588,6
patient13589,1
patient13590,3
patient13591,1
patient13592,2
patient13593,26
patient13594,3
patient13595,3
patient13596,1
patient13597,2
patient13598,3
patient13599,1
patient13600,4
patient13601,3
patient13602,3
patient13603,2
patient13604,3
patient13605,4
patient13606,1
patient13607,7
patient13608,1
patient13609,4
patient13610,2
patient13611,2
patient13612,4
patient13613,1
patient13614,11
patient13615,3
patient13616,15
patient13617,5
patient13618,2
patient13619,2
patient13620,7
patient13621,1
patient13622,3
patient13623,2
patient13624,2
patient13625,9
patient13626,7
patient13627,2
patient13628,1
patient13629,1
patient13630,2
patient13631,3
patient13632,3
patient13633,4
patient13634,4
patient13635,7
patient13636,2
patient13637,1
patient13638,2
patient13639,3
patient13640,2
patient13641,2
patient13642,2
patient13643,5
patient13644,2
patient13645,1
patient13646,1
patient13647,2
patient13648,6
patient13649,2
patient13650,1
patient13651,6
patient13652,1
patient13653,8
patient13654,3
patient13655,2
patient13656,9
patient13657,20
patient13658,9
patient13659,4
patient13660,2
patient13661,2
patient13662,2
patient13663,3
patient13664,2
patient13665,14
patient13666,5
patient13667,2
patient13668,1
patient13669,4
patient13670,10
patient13671,2
patient13672,2
patient13673,12
patient13674,1
patient13675,6
patient13676,16
patient13677,7
patient13678,16
patient13679,1
patient13680,2
patient13681,1
patient13682,1
patient13683,7
patient13684,23
patient13685,2
patient13686,2
patient13687,16
patient13688,1
patient13689,2
patient13690,1
patient13691,5
patient13692,2
patient13693,4
patient13694,5
patient13695,3
patient13696,3
patient13697,4
patient13698,2
patient13699,2
patient13700,3
patient13701,6
patient13702,5
patient13703,1
patient13704,1
patient13705,1
patient13706,2
patient13707,2
patient13708,17
patient13709,4
patient13710,1
patient13711,2
patient13712,2
patient13713,2
patient13714,2
patient13715,6
patient13716,32
patient13717,2
patient13718,2
patient13719,12
patient13720,2
patient13721,2
patient13722,6
patient13723,9
patient13724,1
patient13725,16
patient13726,2
patient13727,2
patient13728,2
patient13729,3
patient13730,1
patient13731,25
patient13732,20
patient13733,2
patient13734,5
patient13735,1
patient13736,5
patient13737,2
patient13738,9
patient13739,2
patient13740,29
patient13741,2
patient13742,2
patient13743,2
patient13744,2
patient13745,11
patient13746,1
patient13747,14
patient13748,2
patient13749,1
patient13750,4
patient13751,3
patient13752,6
patient13753,1
patient13754,4
patient13755,2
patient13756,3
patient13757,2
patient13758,7
patient13759,6
patient13760,6
patient13761,2
patient13762,2
patient13763,4
patient13764,13
patient13765,2
patient13766,7
patient13767,1
patient13768,2
patient13769,1
patient13770,2
patient13771,2
patient13772,2
patient13773,1
patient13774,3
patient13775,3
patient13776,3
patient13777,6
patient13778,1
patient13779,2
patient13780,2
patient13781,1
patient13782,2
patient13783,2
patient13784,3
patient13785,1
patient13786,2
patient13787,1
patient13788,2
patient13789,5
patient13790,2
patient13791,1
patient13792,3
patient13793,2
patient13794,1
patient13795,3
patient13796,2
patient13797,1
patient13798,2
patient13799,2
patient13800,4
patient13801,9
patient13802,4
patient13803,1
patient13804,18
patient13805,2
patient13806,1
patient13807,2
patient13808,2
patient13809,1
patient13810,2
patient13811,2
patient13812,4
patient13813,2
patient13814,3
patient13815,1
patient13816,2
patient13817,4
patient13818,1
patient13819,2
patient13820,1
patient13821,2
patient13822,1
patient13823,3
patient13824,7
patient13825,2
patient13826,7
patient13827,1
patient13828,10
patient13829,3
patient13830,2
patient13831,2
patient13832,1
patient13833,1
patient13834,5
patient13835,10
patient13836,16
patient13837,2
patient13838,1
patient13839,2
patient13840,2
patient13841,2
patient13842,1
patient13843,6
patient13844,1
patient13845,2
patient13846,4
patient13847,12
patient13848,2
patient13849,51
patient13850,4
patient13851,11
patient13852,5
patient13853,13
patient13854,5
patient13855,6
patient13856,4
patient13857,16
patient13858,2
patient13859,6
patient13860,1
patient13861,8
patient13862,4
patient13863,10
patient13864,3
patient13865,10
patient13866,2
patient13867,1
patient13868,2
patient13869,7
patient13870,3
patient13871,2
patient13872,1
patient13873,2
patient13874,23
patient13875,4
patient13876,2
patient13877,1
patient13878,8
patient13879,5
patient13880,2
patient13881,1
patient13882,2
patient13883,3
patient13884,10
patient13885,2
patient13886,3
patient13887,27
patient13888,1
patient13889,3
patient13890,3
patient13891,12
patient13892,12
patient13893,2
patient13894,1
patient13895,1
patient13896,5
patient13897,2
patient13898,7
patient13899,4
patient13900,1
patient13901,1
patient13902,2
patient13903,42
patient13904,1
patient13905,1
patient13906,2
patient13907,1
patient13908,2
patient13909,3
patient13910,2
patient13911,2
patient13912,2
patient13913,1
patient13914,2
patient13915,2
patient13916,2
patient13917,13
patient13918,5
patient13919,3
patient13920,25
patient13921,4
patient13922,3
patient13923,1
patient13924,2
patient13925,4
patient13926,1
patient13927,1
patient13928,2
patient13929,2
patient13930,2
patient13931,7
patient13932,11
patient13933,4
patient13934,1
patient13935,4
patient13936,3
patient13937,5
patient13938,1
patient13939,2
patient13940,3
patient13941,8
patient13942,1
patient13943,2
patient13944,2
patient13945,2
patient13946,1
patient13947,4
patient13948,3
patient13949,5
patient13950,3
patient13951,3
patient13952,3
patient13953,5
patient13954,13
patient13955,1
patient13956,1
patient13957,2
patient13958,1
patient13959,1
patient13960,1
patient13961,1
patient13962,2
patient13963,3
patient13964,1
patient13965,4
patient13966,2
patient13967,1
patient13968,1
patient13969,2
patient13970,4
patient13971,1
patient13972,2
patient13973,1
patient13974,2
patient13975,7
patient13976,2
patient13977,5
patient13978,1
patient13979,2
patient13980,2
patient13981,1
patient13982,5
patient13983,6
patient13984,9
patient13985,2
patient13986,2
patient13987,1
patient13988,4
patient13989,2
patient13990,2
patient13991,3
patient13992,6
patient13993,7
patient13994,2
patient13995,13
patient13996,1
patient13997,2
patient13998,2
patient13999,4
patient14000,6
patient14001,1
patient14002,4
patient14003,2
patient14004,2
patient14005,4
patient14006,1
patient14007,3
patient14008,3
patient14009,2
patient14010,2
patient14011,2
patient14012,1
patient14013,6
patient14014,3
patient14015,2
patient14016,2
patient14017,4
patient14018,4
patient14019,5
patient14020,4
patient14021,1
patient14022,2
patient14023,1
patient14024,7
patient14025,6
patient14026,2
patient14027,3
patient14028,2
patient14029,1
patient14030,25
patient14031,12
patient14032,5
patient14033,1
patient14034,5
patient14035,3
patient14036,2
patient14037,1
patient14038,5
patient14039,4
patient14040,2
patient14041,4
patient14042,4
patient14043,7
patient14044,2
patient14045,35
patient14046,2
patient14047,4
patient14048,1
patient14049,14
patient14050,2
patient14051,2
patient14052,1
patient14053,2
patient14054,2
patient14055,9
patient14056,18
patient14057,1
patient14058,2
patient14059,2
patient14060,1
patient14061,2
patient14062,2
patient14063,12
patient14064,2
patient14065,2
patient14066,4
patient14067,2
patient14068,1
patient14069,1
patient14070,1
patient14071,2
patient14072,1
patient14073,2
patient14074,3
patient14075,1
patient14076,2
patient14077,5
patient14078,1
patient14079,2
patient14080,3
patient14081,6
patient14082,3
patient14083,4
patient14084,8
patient14085,6
patient14086,1
patient14087,2
patient14088,1
patient14089,1
patient14090,2
patient14091,2
patient14092,4
patient14093,4
patient14094,3
patient14095,1
patient14096,2
patient14097,19
patient14098,1
patient14099,2
patient14100,13
patient14101,5
patient14102,4
patient14103,2
patient14104,4
patient14105,5
patient14106,2
patient14107,2
patient14108,4
patient14109,1
patient14110,2
patient14111,3
patient14112,1
patient14113,5
patient14114,1
patient14115,2
patient14116,3
patient14117,2
patient14118,2
patient14119,2
patient14120,2
patient14121,2
patient14122,2
patient14123,1
patient14124,8
patient14125,4
patient14126,1
patient14127,1
patient14128,1
patient14129,1
patient14130,5
patient14131,7
patient14132,2
patient14133,5
patient14134,7
patient14135,4
patient14136,2
patient14137,7
patient14138,3
patient14139,1
patient14140,2
patient14141,7
patient14142,6
patient14143,6
patient14144,2
patient14145,7
patient14146,13
patient14147,7
patient14148,17
patient14149,3
patient14150,2
patient14151,6
patient14152,3
patient14153,4
patient14154,2
patient14155,4
patient14156,3
patient14157,5
patient14158,2
patient14159,8
patient14160,2
patient14161,6
patient14162,9
patient14163,1
patient14164,3
patient14165,6
patient14166,7
patient14167,27
patient14168,6
patient14169,1
patient14170,3
patient14171,1
patient14172,3
patient14173,2
patient14174,2
patient14175,2
patient14176,8
patient14177,1
patient14178,8
patient14179,2
patient14180,2
patient14181,2
patient14182,1
patient14183,2
patient14184,2
patient14185,3
patient14186,1
patient14187,1
patient14188,3
patient14189,2
patient14190,4
patient14191,1
patient14192,2
patient14193,5
patient14194,2
patient14195,8
patient14196,8
patient14197,4
patient14198,3
patient14199,1
patient14200,2
patient14201,2
patient14202,1
patient14203,1
patient14204,2
patient14205,2
patient14206,4
patient14207,3
patient14208,3
patient14209,2
patient14210,5
patient14211,3
patient14212,10
patient14213,1
patient14214,13
patient14215,2
patient14216,2
patient14217,2
patient14218,6
patient14219,8
patient14220,4
patient14221,4
patient14222,6
patient14223,2
patient14224,1
patient14225,6
patient14226,4
patient14227,20
patient14228,1
patient14229,4
patient14230,10
patient14231,3
patient14232,2
patient14233,6
patient14234,1
patient14235,2
patient14236,3
patient14237,2
patient14238,1
patient14239,1
patient14240,3
patient14241,13
patient14242,2
patient14243,2
patient14244,2
patient14245,1
patient14246,4
patient14247,8
patient14248,6
patient14249,2
patient14250,4
patient14251,1
patient14252,2
patient14253,2
patient14254,3
patient14255,1
patient14256,4
patient14257,2
patient14258,1
patient14259,2
patient14260,3
patient14261,1
patient14262,2
patient14263,2
patient14264,1
patient14265,2
patient14266,1
patient14267,7
patient14268,3
patient14269,3
patient14270,6
patient14271,2
patient14272,1
patient14273,2
patient14274,1
patient14275,6
patient14276,1
patient14277,1
patient14278,2
patient14279,1
patient14280,2
patient14281,2
patient14282,77
patient14283,15
patient14284,2
patient14285,2
patient14286,2
patient14287,2
patient14288,13
patient14289,3
patient14290,2
patient14291,2
patient14292,2
patient14293,3
patient14294,2
patient14295,7
patient14296,3
patient14297,2
patient14298,4
patient14299,20
patient14300,10
patient14301,24
patient14302,3
patient14303,1
patient14304,3
patient14305,2
patient14306,11
patient14307,14
patient14308,14
patient14309,3
patient14310,3
patient14311,2
patient14312,2
patient14313,1
patient14314,21
patient14315,2
patient14316,6
patient14317,4
patient14318,6
patient14319,3
patient14320,3
patient14321,3
patient14322,4
patient14323,5
patient14324,4
patient14325,3
patient14326,2
patient14327,2
patient14328,4
patient14329,2
patient14330,9
patient14331,3
patient14332,8
patient14333,2
patient14334,1
patient14335,8
patient14336,8
patient14337,10
patient14338,9
patient14339,5
patient14340,5
patient14341,15
patient14342,9
patient14343,15
patient14344,2
patient14345,2
patient14346,4
patient14347,2
patient14348,2
patient14349,1
patient14350,8
patient14351,47
patient14352,2
patient14353,8
patient14354,1
patient14355,2
patient14356,3
patient14357,24
patient14358,1
patient14359,13
patient14360,11
patient14361,4
patient14362,1
patient14363,3
patient14364,2
patient14365,6
patient14366,2
patient14367,2
patient14368,2
patient14369,2
patient14370,3
patient14371,6
patient14372,2
patient14373,1
patient14374,4
patient14375,12
patient14376,2
patient14377,4
patient14378,3
patient14379,2
patient14380,19
patient14381,4
patient14382,3
patient14383,2
patient14384,5
patient14385,3
patient14386,2
patient14387,2
patient14388,5
patient14389,6
patient14390,3
patient14391,3
patient14392,3
patient14393,1
patient14394,10
patient14395,11
patient14396,1
patient14397,1
patient14398,4
patient14399,1
patient14400,5
patient14401,2
patient14402,7
patient14403,1
patient14404,2
patient14405,3
patient14406,9
patient14407,16
patient14408,2
patient14409,4
patient14410,2
patient14411,1
patient14412,2
patient14413,2
patient14414,20
patient14415,1
patient14416,2
patient14417,2
patient14418,2
patient14419,5
patient14420,2
patient14421,2
patient14422,2
patient14423,1
patient14424,1
patient14425,2
patient14426,19
patient14427,14
patient14428,1
patient14429,7
patient14430,1
patient14431,9
patient14432,2
patient14433,1
patient14434,2
patient14435,1
patient14436,7
patient14437,3
patient14438,9
patient14439,2
patient14440,7
patient14441,7
patient14442,2
patient14443,4
patient14444,2
patient14445,2
patient14446,3
patient14447,2
patient14448,2
patient14449,4
patient14450,7
patient14451,5
patient14452,3
patient14453,1
patient14454,2
patient14455,3
patient14456,2
patient14457,7
patient14458,1
patient14459,2
patient14460,2
patient14461,1
patient14462,1
patient14463,4
patient14464,2
patient14465,3
patient14466,2
patient14467,1
patient14468,3
patient14469,2
patient14470,8
patient14471,2
patient14472,2
patient14473,6
patient14474,2
patient14475,11
patient14476,16
patient14477,1
patient14478,8
patient14479,1
patient14480,7
patient14481,1
patient14482,2
patient14483,2
patient14484,2
patient14485,3
patient14486,6
patient14487,37
patient14488,2
patient14489,8
patient14490,3
patient14491,1
patient14492,1
patient14493,5
patient14494,1
patient14495,5
patient14496,3
patient14497,2
patient14498,1
patient14499,5
patient14500,1
patient14501,4
patient14502,8
patient14503,2
patient14504,1
patient14505,4
patient14506,3
patient14507,2
patient14508,2
patient14509,2
patient14510,1
patient14511,3
patient14512,5
patient14513,10
patient14514,2
patient14515,2
patient14516,2
patient14517,2
patient14518,1
patient14519,4
patient14520,2
patient14521,8
patient14522,4
patient14523,1
patient14524,6
patient14525,2
patient14526,1
patient14527,26
patient14528,6
patient14529,1
patient14530,1
patient14531,3
patient14532,4
patient14533,5
patient14534,18
patient14535,1
patient14536,1
patient14537,1
patient14538,1
patient14539,8
patient14540,7
patient14541,1
patient14542,4
patient14543,2
patient14544,2
patient14545,4
patient14546,4
patient14547,3
patient14548,2
patient14549,1
patient14550,1
patient14551,8
patient14552,1
patient14553,2
patient14554,3
patient14555,4
patient14556,2
patient14557,3
patient14558,4
patient14559,2
patient14560,4
patient14561,7
patient14562,2
patient14563,2
patient14564,1
patient14565,2
patient14566,3
patient14567,2
patient14568,3
patient14569,2
patient14570,2
patient14571,4
patient14572,4
patient14573,2
patient14574,1
patient14575,2
patient14576,2
patient14577,2
patient14578,2
patient14579,2
patient14580,1
patient14581,1
patient14582,1
patient14583,6
patient14584,3
patient14585,3
patient14586,12
patient14587,13
patient14588,27
patient14589,4
patient14590,15
patient14591,2
patient14592,2
patient14593,2
patient14594,5
patient14595,4
patient14596,2
patient14597,5
patient14598,2
patient14599,3
patient14600,2
patient14601,3
patient14602,2
patient14603,2
patient14604,5
patient14605,2
patient14606,6
patient14607,1
patient14608,2
patient14609,2
patient14610,4
patient14611,1
patient14612,1
patient14613,1
patient14614,4
patient14615,1
patient14616,1
patient14617,1
patient14618,2
patient14619,8
patient14620,2
patient14621,14
patient14622,1
patient14623,8
patient14624,5
patient14625,2
patient14626,2
patient14627,1
patient14628,4
patient14629,2
patient14630,40
patient14631,8
patient14632,2
patient14633,2
patient14634,2
patient14635,34
patient14636,13
patient14637,28
patient14638,16
patient14639,3
patient14640,2
patient14641,3
patient14642,2
patient14643,2
patient14644,3
patient14645,2
patient14646,4
patient14647,6
patient14648,2
patient14649,1
patient14650,1
patient14651,3
patient14652,2
patient14653,2
patient14654,2
patient14655,3
patient14656,1
patient14657,5
patient14658,2
patient14659,2
patient14660,4
patient14661,15
patient14662,5
patient14663,2
patient14664,3
patient14665,1
patient14666,1
patient14667,1
patient14668,13
patient14669,1
patient14670,2
patient14671,8
patient14672,3
patient14673,1
patient14674,1
patient14675,2
patient14676,5
patient14677,1
patient14678,10
patient14679,1
patient14680,1
patient14681,15
patient14682,1
patient14683,3
patient14684,2
patient14685,4
patient14686,2
patient14687,6
patient14688,6
patient14689,4
patient14690,1
patient14691,13
patient14692,1
patient14693,11
patient14694,9
patient14695,10
patient14696,8
patient14697,1
patient14698,2
patient14699,2
patient14700,6
patient14701,2
patient14702,2
patient14703,7
patient14704,2
patient14705,2
patient14706,3
patient14707,4
patient14708,2
patient14709,2
patient14710,9
patient14711,4
patient14712,1
patient14713,2
patient14714,2
patient14715,5
patient14716,2
patient14717,7
patient14718,5
patient14719,2
patient14720,8
patient14721,5
patient14722,1
patient14723,10
patient14724,6
patient14725,1
patient14726,6
patient14727,1
patient14728,4
patient14729,2
patient14730,1
patient14731,1
patient14732,3
patient14733,4
patient14734,5
patient14735,2
patient14736,2
patient14737,2
patient14738,2
patient14739,23
patient14740,1
patient14741,2
patient14742,3
patient14743,4
patient14744,16
patient14745,1
patient14746,3
patient14747,1
patient14748,39
patient14749,4
patient14750,1
patient14751,4
patient14752,2
patient14753,5
patient14754,1
patient14755,3
patient14756,1
patient14757,3
patient14758,7
patient14759,10
patient14760,5
patient14761,2
patient14762,2
patient14763,2
patient14764,6
patient14765,5
patient14766,2
patient14767,2
patient14768,2
patient14769,2
patient14770,7
patient14771,1
patient14772,2
patient14773,1
patient14774,2
patient14775,2
patient14776,2
patient14777,2
patient14778,1
patient14779,3
patient14780,4
patient14781,1
patient14782,18
patient14783,2
patient14784,2
patient14785,25
patient14786,2
patient14787,1
patient14788,1
patient14789,2
patient14790,6
patient14791,6
patient14792,2
patient14793,1
patient14794,2
patient14795,4
patient14796,12
patient14797,2
patient14798,2
patient14799,2
patient14800,2
patient14801,2
patient14802,3
patient14803,2
patient14804,1
patient14805,1
patient14806,4
patient14807,27
patient14808,2
patient14809,2
patient14810,1
patient14811,22
patient14812,2
patient14813,3
patient14814,5
patient14815,6
patient14816,2
patient14817,1
patient14818,2
patient14819,4
patient14820,1
patient14821,2
patient14822,2
patient14823,1
patient14824,5
patient14825,3
patient14826,2
patient14827,3
patient14828,1
patient14829,1
patient14830,2
patient14831,5
patient14832,16
patient14833,5
patient14834,2
patient14835,5
patient14836,2
patient14837,5
patient14838,9
patient14839,3
patient14840,3
patient14841,2
patient14842,1
patient14843,2
patient14844,5
patient14845,1
patient14846,3
patient14847,2
patient14848,4
patient14849,5
patient14850,1
patient14851,3
patient14852,3
patient14853,1
patient14854,6
patient14855,1
patient14856,4
patient14857,2
patient14858,2
patient14859,2
patient14860,2
patient14861,2
patient14862,3
patient14863,1
patient14864,2
patient14865,6
patient14866,2
patient14867,2
patient14868,4
patient14869,2
patient14870,2
patient14871,2
patient14872,8
patient14873,1
patient14874,2
patient14875,11
patient14876,1
patient14877,2
patient14878,4
patient14879,1
patient14880,2
patient14881,4
patient14882,3
patient14883,1
patient14884,2
patient14885,2
patient14886,7
patient14887,2
patient14888,6
patient14889,10
patient14890,17
patient14891,18
patient14892,30
patient14893,2
patient14894,2
patient14895,1
patient14896,4
patient14897,1
patient14898,7
patient14899,3
patient14900,2
patient14901,6
patient14902,1
patient14903,2
patient14904,1
patient14905,13
patient14906,6
patient14907,4
patient14908,1
patient14909,7
patient14910,5
patient14911,2
patient14912,3
patient14913,3
patient14914,5
patient14915,3
patient14916,7
patient14917,3
patient14918,6
patient14919,2
patient14920,2
patient14921,4
patient14922,2
patient14923,1
patient14924,1
patient14925,2
patient14926,4
patient14927,2
patient14928,10
patient14929,3
patient14930,2
patient14931,5
patient14932,2
patient14933,1
patient14934,1
patient14935,8
patient14936,3
patient14937,1
patient14938,1
patient14939,13
patient14940,13
patient14941,15
patient14942,2
patient14943,2
patient14944,1
patient14945,2
patient14946,2
patient14947,2
patient14948,4
patient14949,17
patient14950,3
patient14951,2
patient14952,1
patient14953,4
patient14954,1
patient14955,2
patient14956,2
patient14957,5
patient14958,2
patient14959,2
patient14960,2
patient14961,11
patient14962,2
patient14963,2
patient14964,1
patient14965,2
patient14966,2
patient14967,1
patient14968,1
patient14969,6
patient14970,4
patient14971,6
patient14972,16
patient14973,2
patient14974,13
patient14975,2
patient14976,2
patient14977,1
patient14978,2
patient14979,24
patient14980,5
patient14981,5
patient14982,2
patient14983,3
patient14984,2
patient14985,4
patient14986,1
patient14987,1
patient14988,18
patient14989,13
patient14990,2
patient14991,3
patient14992,2
patient14993,1
patient14994,2
patient14995,2
patient14996,2
patient14997,1
patient14998,3
patient14999,1
patient15000,5
patient15001,5
patient15002,5
patient15003,1
patient15004,2
patient15005,8
patient15006,3
patient15007,2
patient15008,2
patient15009,15
patient15010,5
patient15011,7
patient15012,2
patient15013,4
patient15014,2
patient15015,4
patient15016,2
patient15017,2
patient15018,1
patient15019,2
patient15020,3
patient15021,3
patient15022,3
patient15023,1
patient15024,2
patient15025,3
patient15026,2
patient15027,2
patient15028,4
patient15029,2
patient15030,3
patient15031,2
patient15032,1
patient15033,6
patient15034,3
patient15035,3
patient15036,1
patient15037,2
patient15038,5
patient15039,1
patient15040,2
patient15041,2
patient15042,3
patient15043,1
patient15044,2
patient15045,2
patient15046,6
patient15047,4
patient15048,9
patient15049,5
patient15050,2
patient15051,2
patient15052,5
patient15053,5
patient15054,2
patient15055,1
patient15056,2
patient15057,1
patient15058,59
patient15059,2
patient15060,2
patient15061,2
patient15062,2
patient15063,1
patient15064,1
patient15065,1
patient15066,2
patient15067,2
patient15068,2
patient15069,1
patient15070,2
patient15071,1
patient15072,2
patient15073,5
patient15074,5
patient15075,2
patient15076,2
patient15077,6
patient15078,1
patient15079,2
patient15080,4
patient15081,48
patient15082,2
patient15083,1
patient15084,2
patient15085,4
patient15086,3
patient15087,1
patient15088,2
patient15089,4
patient15090,7
patient15091,1
patient15092,1
patient15093,1
patient15094,1
patient15095,3
patient15096,4
patient15097,1
patient15098,3
patient15099,3
patient15100,2
patient15101,1
patient15102,7
patient15103,10
patient15104,19
patient15105,2
patient15106,2
patient15107,2
patient15108,2
patient15109,2
patient15110,2
patient15111,3
patient15112,2
patient15113,12
patient15114,7
patient15115,2
patient15116,2
patient15117,2
patient15118,1
patient15119,1
patient15120,3
patient15121,1
patient15122,1
patient15123,23
patient15124,5
patient15125,2
patient15126,1
patient15127,1
patient15128,1
patient15129,2
patient15130,2
patient15131,4
patient15132,1
patient15133,3
patient15134,2
patient15135,1
patient15136,9
patient15137,1
patient15138,1
patient15139,2
patient15140,2
patient15141,2
patient15142,1
patient15143,2
patient15144,3
patient15145,7
patient15146,4
patient15147,9
patient15148,4
patient15149,2
patient15150,7
patient15151,2
patient15152,1
patient15153,2
patient15154,3
patient15155,1
patient15156,2
patient15157,2
patient15158,14
patient15159,35
patient15160,2
patient15161,23
patient15162,22
patient15163,7
patient15164,4
patient15165,3
patient15166,1
patient15167,2
patient15168,1
patient15169,1
patient15170,1
patient15171,5
patient15172,20
patient15173,2
patient15174,15
patient15175,1
patient15176,2
patient15177,4
patient15178,6
patient15179,6
patient15180,2
patient15181,6
patient15182,2
patient15183,1
patient15184,5
patient15185,2
patient15186,19
patient15187,2
patient15188,5
patient15189,1
patient15190,3
patient15191,2
patient15192,2
patient15193,9
patient15194,1
patient15195,2
patient15196,2
patient15197,2
patient15198,1
patient15199,4
patient15200,1
patient15201,2
patient15202,30
patient15203,5
patient15204,4
patient15205,1
patient15206,3
patient15207,2
patient15208,12
patient15209,2
patient15210,2
patient15211,1
patient15212,2
patient15213,1
patient15214,3
patient15215,1
patient15216,3
patient15217,3
patient15218,26
patient15219,2
patient15220,4
patient15221,1
patient15222,2
patient15223,2
patient15224,1
patient15225,2
patient15226,17
patient15227,5
patient15228,2
patient15229,10
patient15230,5
patient15231,1
patient15232,11
patient15233,2
patient15234,4
patient15235,5
patient15236,2
patient15237,2
patient15238,1
patient15239,3
patient15240,2
patient15241,3
patient15242,1
patient15243,5
patient15244,2
patient15245,4
patient15246,2
patient15247,3
patient15248,24
patient15249,3
patient15250,4
patient15251,1
patient15252,1
patient15253,7
patient15254,1
patient15255,1
patient15256,1
patient15257,12
patient15258,64
patient15259,5
patient15260,3
patient15261,3
patient15262,1
patient15263,5
patient15264,2
patient15265,2
patient15266,4
patient15267,1
patient15268,2
patient15269,1
patient15270,8
patient15271,2
patient15272,3
patient15273,4
patient15274,2
patient15275,2
patient15276,3
patient15277,1
patient15278,2
patient15279,7
patient15280,2
patient15281,5
patient15282,2
patient15283,13
patient15284,1
patient15285,5
patient15286,2
patient15287,17
patient15288,4
patient15289,1
patient15290,2
patient15291,2
patient15292,3
patient15293,23
patient15294,1
patient15295,3
patient15296,13
patient15297,2
patient15298,1
patient15299,1
patient15300,3
patient15301,2
patient15302,3
patient15303,2
patient15304,3
patient15305,1
patient15306,4
patient15307,1
patient15308,2
patient15309,2
patient15310,1
patient15311,7
patient15312,2
patient15313,12
patient15314,6
patient15315,6
patient15316,2
patient15317,3
patient15318,23
patient15319,4
patient15320,2
patient15321,2
patient15322,2
patient15323,6
patient15324,4
patient15325,4
patient15326,9
patient15327,1
patient15328,4
patient15329,4
patient15330,6
patient15331,3
patient15332,1
patient15333,15
patient15334,1
patient15335,2
patient15336,3
patient15337,7
patient15338,3
patient15339,18
patient15340,1
patient15341,2
patient15342,2
patient15343,1
patient15344,4
patient15345,2
patient15346,4
patient15347,5
patient15348,13
patient15349,1
patient15350,4
patient15351,1
patient15352,2
patient15353,5
patient15354,1
patient15355,2
patient15356,1
patient15357,1
patient15358,2
patient15359,3
patient15360,1
patient15361,1
patient15362,5
patient15363,2
patient15364,1
patient15365,3
patient15366,6
patient15367,1
patient15368,2
patient15369,1
patient15370,2
patient15371,2
patient15372,5
patient15373,22
patient15374,20
patient15375,2
patient15376,2
patient15377,3
patient15378,8
patient15379,2
patient15380,2
patient15381,6
patient15382,3
patient15383,27
patient15384,10
patient15385,1
patient15386,2
patient15387,2
patient15388,2
patient15389,20
patient15390,2
patient15391,1
patient15392,2
patient15393,1
patient15394,3
patient15395,1
patient15396,1
patient15397,2
patient15398,2
patient15399,2
patient15400,2
patient15401,2
patient15402,1
patient15403,8
patient15404,2
patient15405,2
patient15406,4
patient15407,2
patient15408,11
patient15409,2
patient15410,3
patient15411,8
patient15412,1
patient15413,2
patient15414,6
patient15415,14
patient15416,3
patient15417,5
patient15418,2
patient15419,2
patient15420,3
patient15421,7
patient15422,4
patient15423,3
patient15424,2
patient15425,5
patient15426,48
patient15427,2
patient15428,3
patient15429,1
patient15430,2
patient15431,7
patient15432,9
patient15433,2
patient15434,2
patient15435,6
patient15436,1
patient15437,2
patient15438,2
patient15439,1
patient15440,3
patient15441,2
patient15442,5
patient15443,4
patient15444,5
patient15445,4
patient15446,1
patient15447,1
patient15448,3
patient15449,2
patient15450,4
patient15451,12
patient15452,8
patient15453,2
patient15454,2
patient15455,2
patient15456,4
patient15457,7
patient15458,2
patient15459,8
patient15460,2
patient15461,2
patient15462,9
patient15463,1
patient15464,1
patient15465,1
patient15466,1
patient15467,3
patient15468,2
patient15469,8
patient15470,3
patient15471,2
patient15472,3
patient15473,3
patient15474,1
patient15475,1
patient15476,2
patient15477,2
patient15478,2
patient15479,2
patient15480,2
patient15481,2
patient15482,46
patient15483,1
patient15484,1
patient15485,1
patient15486,1
patient15487,15
patient15488,1
patient15489,1
patient15490,7
patient15491,4
patient15492,2
patient15493,1
patient15494,3
patient15495,4
patient15496,34
patient15497,1
patient15498,1
patient15499,1
patient15500,1
patient15501,1
patient15502,1
patient15503,2
patient15504,1
patient15505,2
patient15506,1
patient15507,7
patient15508,2
patient15509,1
patient15510,3
patient15511,3
patient15512,4
patient15513,2
patient15514,8
patient15515,14
patient15516,1
patient15517,13
patient15518,2
patient15519,4
patient15520,2
patient15521,2
patient15522,21
patient15523,4
patient15524,2
patient15525,1
patient15526,8
patient15527,2
patient15528,1
patient15529,1
patient15530,7
patient15531,2
patient15532,6
patient15533,1
patient15534,2
patient15535,2
patient15536,5
patient15537,2
patient15538,5
patient15539,3
patient15540,2
patient15541,5
patient15542,11
patient15543,9
patient15544,2
patient15545,2
patient15546,2
patient15547,1
patient15548,2
patient15549,4
patient15550,2
patient15551,1
patient15552,5
patient15553,3
patient15554,1
patient15555,14
patient15556,3
patient15557,13
patient15558,51
patient15559,2
patient15560,1
patient15561,4
patient15562,5
patient15563,8
patient15564,9
patient15565,1
patient15566,1
patient15567,2
patient15568,6
patient15569,2
patient15570,11
patient15571,8
patient15572,1
patient15573,1
patient15574,11
patient15575,1
patient15576,1
patient15577,2
patient15578,9
patient15579,2
patient15580,1
patient15581,2
patient15582,2
patient15583,12
patient15584,2
patient15585,2
patient15586,8
patient15587,6
patient15588,2
patient15589,1
patient15590,1
patient15591,1
patient15592,4
patient15593,2
patient15594,1
patient15595,2
patient15596,3
patient15597,3
patient15598,3
patient15599,1
patient15600,1
patient15601,1
patient15602,3
patient15603,3
patient15604,8
patient15605,2
patient15606,2
patient15607,2
patient15608,2
patient15609,2
patient15610,3
patient15611,1
patient15612,2
patient15613,2
patient15614,26
patient15615,4
patient15616,2
patient15617,2
patient15618,1
patient15619,3
patient15620,16
patient15621,1
patient15622,2
patient15623,2
patient15624,14
patient15625,14
patient15626,4
patient15627,7
patient15628,2
patient15629,7
patient15630,1
patient15631,2
patient15632,1
patient15633,2
patient15634,1
patient15635,13
patient15636,9
patient15637,3
patient15638,3
patient15639,10
patient15640,1
patient15641,1
patient15642,2
patient15643,2
patient15644,24
patient15645,1
patient15646,1
patient15647,1
patient15648,1
patient15649,3
patient15650,5
patient15651,2
patient15652,2
patient15653,15
patient15654,9
patient15655,1
patient15656,3
patient15657,1
patient15658,2
patient15659,1
patient15660,4
patient15661,1
patient15662,6
patient15663,1
patient15664,3
patient15665,2
patient15666,2
patient15667,3
patient15668,2
patient15669,1
patient15670,1
patient15671,10
patient15672,4
patient15673,2
patient15674,3
patient15675,2
patient15676,2
patient15677,1
patient15678,2
patient15679,1
patient15680,5
patient15681,1
patient15682,8
patient15683,4
patient15684,7
patient15685,2
patient15686,2
patient15687,1
patient15688,2
patient15689,2
patient15690,6
patient15691,4
patient15692,3
patient15693,1
patient15694,11
patient15695,1
patient15696,2
patient15697,14
patient15698,3
patient15699,1
patient15700,6
patient15701,1
patient15702,14
patient15703,2
patient15704,2
patient15705,3
patient15706,2
patient15707,1
patient15708,2
patient15709,2
patient15710,6
patient15711,1
patient15712,3
patient15713,5
patient15714,4
patient15715,2
patient15716,2
patient15717,5
patient15718,1
patient15719,2
patient15720,5
patient15721,2
patient15722,15
patient15723,4
patient15724,35
patient15725,7
patient15726,3
patient15727,3
patient15728,4
patient15729,4
patient15730,6
patient15731,6
patient15732,6
patient15733,2
patient15734,2
patient15735,11
patient15736,2
patient15737,1
patient15738,4
patient15739,1
patient15740,2
patient15741,1
patient15742,10
patient15743,2
patient15744,1
patient15745,5
patient15746,1
patient15747,1
patient15748,2
patient15749,7
patient15750,1
patient15751,2
patient15752,17
patient15753,20
patient15754,1
patient15755,2
patient15756,1
patient15757,21
patient15758,11
patient15759,6
patient15760,1
patient15761,2
patient15762,1
patient15763,4
patient15764,2
patient15765,2
patient15766,2
patient15767,5
patient15768,12
patient15769,2
patient15770,10
patient15771,7
patient15772,12
patient15773,2
patient15774,2
patient15775,2
patient15776,4
patient15777,8
patient15778,4
patient15779,4
patient15780,11
patient15781,3
patient15782,5
patient15783,2
patient15784,6
patient15785,2
patient15786,2
patient15787,2
patient15788,1
patient15789,6
patient15790,4
patient15791,1
patient15792,8
patient15793,8
patient15794,4
patient15795,1
patient15796,1
patient15797,4
patient15798,2
patient15799,2
patient15800,2
patient15801,23
patient15802,2
patient15803,2
patient15804,6
patient15805,1
patient15806,2
patient15807,2
patient15808,2
patient15809,1
patient15810,22
patient15811,1
patient15812,5
patient15813,2
patient15814,3
patient15815,2
patient15816,4
patient15817,2
patient15818,10
patient15819,10
patient15820,2
patient15821,2
patient15822,8
patient15823,3
patient15824,3
patient15825,2
patient15826,7
patient15827,4
patient15828,8
patient15829,2
patient15830,1
patient15831,2
patient15832,3
patient15833,2
patient15834,6
patient15835,2
patient15836,5
patient15837,2
patient15838,2
patient15839,11
patient15840,1
patient15841,2
patient15842,17
patient15843,3
patient15845,8
patient15846,2
patient15847,1
patient15848,4
patient15849,1
patient15850,7
patient15851,4
patient15852,9
patient15853,2
patient15854,4
patient15855,1
patient15856,9
patient15857,3
patient15858,1
patient15859,7
patient15860,10
patient15861,9
patient15862,1
patient15863,2
patient15864,2
patient15865,2
patient15866,1
patient15867,3
patient15868,3
patient15869,1
patient15870,2
patient15871,2
patient15872,3
patient15873,3
patient15874,2
patient15875,3
patient15876,14
patient15877,9
patient15878,2
patient15879,2
patient15880,3
patient15881,2
patient15882,1
patient15883,2
patient15884,2
patient15885,3
patient15886,3
patient15887,2
patient15889,16
patient15890,8
patient15891,4
patient15892,2
patient15893,2
patient15894,2
patient15895,10
patient15896,2
patient15897,2
patient15898,2
patient15899,4
patient15900,4
patient15901,1
patient15902,2
patient15903,2
patient15904,10
patient15905,1
patient15906,3
patient15907,2
patient15908,4
patient15909,2
patient15910,10
patient15911,4
patient15912,2
patient15913,3
patient15914,2
patient15915,2
patient15916,6
patient15917,13
patient15918,8
patient15919,4
patient15920,1
patient15921,1
patient15922,2
patient15923,2
patient15924,8
patient15925,4
patient15926,6
patient15927,3
patient15928,3
patient15929,11
patient15930,9
patient15931,1
patient15932,2
patient15933,1
patient15934,2
patient15935,2
patient15936,3
patient15937,3
patient15938,1
patient15939,3
patient15940,5
patient15941,2
patient15942,1
patient15943,1
patient15944,2
patient15945,1
patient15946,2
patient15947,2
patient15948,2
patient15949,3
patient15950,8
patient15951,6
patient15952,2
patient15953,4
patient15954,4
patient15955,4
patient15956,4
patient15957,4
patient15958,5
patient15959,17
patient15960,3
patient15961,1
patient15962,8
patient15963,2
patient15964,21
patient15965,19
patient15966,2
patient15967,2
patient15968,3
patient15969,5
patient15970,1
patient15971,1
patient15972,18
patient15973,1
patient15974,2
patient15975,6
patient15976,3
patient15977,2
patient15978,2
patient15979,2
patient15980,5
patient15981,5
patient15982,2
patient15983,4
patient15984,1
patient15985,1
patient15986,1
patient15987,2
patient15988,6
patient15989,4
patient15990,4
patient15991,2
patient15992,1
patient15993,2
patient15994,1
patient15995,2
patient15996,7
patient15997,2
patient15998,4
patient15999,1
patient16000,5
patient16001,1
patient16002,2
patient16003,2
patient16004,3
patient16005,1
patient16006,25
patient16007,1
patient16008,5
patient16009,1
patient16010,4
patient16011,2
patient16012,2
patient16013,1
patient16014,10
patient16015,2
patient16016,2
patient16017,2
patient16018,2
patient16019,1
patient16020,3
patient16021,7
patient16022,2
patient16023,35
patient16024,2
patient16025,6
patient16026,1
patient16027,14
patient16028,15
patient16029,10
patient16030,1
patient16031,1
patient16032,5
patient16033,5
patient16034,23
patient16035,5
patient16036,5
patient16037,1
patient16038,3
patient16039,1
patient16040,2
patient16041,2
patient16042,2
patient16043,2
patient16044,2
patient16045,12
patient16046,2
patient16047,2
patient16048,2
patient16049,3
patient16050,20
patient16051,2
patient16052,3
patient16053,1
patient16054,9
patient16055,4
patient16056,1
patient16057,1
patient16058,1
patient16059,6
patient16060,3
patient16061,3
patient16062,1
patient16063,25
patient16064,1
patient16065,2
patient16066,1
patient16067,7
patient16068,1
patient16069,3
patient16070,1
patient16071,2
patient16072,9
patient16073,2
patient16074,2
patient16075,1
patient16076,2
patient16077,1
patient16078,3
patient16079,2
patient16080,2
patient16081,27
patient16082,2
patient16083,1
patient16084,2
patient16085,13
patient16086,3
patient16087,18
patient16088,9
patient16089,6
patient16090,14
patient16091,7
patient16092,3
patient16093,11
patient16094,1
patient16095,4
patient16096,1
patient16097,1
patient16098,1
patient16099,2
patient16100,5
patient16101,2
patient16102,2
patient16103,5
patient16104,3
patient16105,2
patient16106,1
patient16107,2
patient16108,5
patient16109,7
patient16110,1
patient16111,3
patient16112,22
patient16113,2
patient16114,2
patient16115,6
patient16116,1
patient16117,1
patient16118,2
patient16119,5
patient16120,6
patient16121,3
patient16122,2
patient16123,2
patient16124,3
patient16125,1
patient16126,6
patient16127,1
patient16128,2
patient16129,6
patient16130,6
patient16131,2
patient16132,1
patient16133,37
patient16134,2
patient16135,2
patient16136,15
patient16137,11
patient16138,3
patient16139,1
patient16140,8
patient16141,1
patient16142,3
patient16143,3
patient16144,1
patient16145,1
patient16146,6
patient16147,9
patient16148,4
patient16149,6
patient16150,2
patient16151,5
patient16152,2
patient16153,6
patient16154,6
patient16155,4
patient16156,2
patient16157,2
patient16158,7
patient16159,11
patient16160,14
patient16161,3
patient16162,1
patient16163,2
patient16164,3
patient16165,1
patient16166,5
patient16167,4
patient16168,1
patient16169,7
patient16170,2
patient16171,3
patient16172,9
patient16173,5
patient16174,1
patient16175,11
patient16176,1
patient16177,2
patient16178,2
patient16179,3
patient16180,1
patient16181,2
patient16182,2
patient16183,1
patient16184,2
patient16185,4
patient16186,1
patient16187,5
patient16188,2
patient16189,3
patient16190,1
patient16191,2
patient16192,1
patient16193,3
patient16194,1
patient16195,2
patient16196,34
patient16197,2
patient16198,9
patient16199,1
patient16200,18
patient16201,19
patient16202,2
patient16203,3
patient16204,1
patient16205,1
patient16206,43
patient16207,2
patient16208,2
patient16209,22
patient16210,8
patient16211,3
patient16212,1
patient16213,3
patient16214,3
patient16215,3
patient16216,1
patient16217,1
patient16218,5
patient16219,1
patient16220,6
patient16221,14
patient16222,1
patient16223,2
patient16224,2
patient16225,1
patient16226,1
patient16227,1
patient16228,1
patient16229,2
patient16230,9
patient16231,4
patient16232,16
patient16233,1
patient16234,2
patient16235,5
patient16236,3
patient16237,1
patient16238,5
patient16239,1
patient16240,3
patient16241,2
patient16242,2
patient16243,2
patient16244,1
patient16245,6
patient16246,3
patient16247,2
patient16248,1
patient16249,1
patient16250,7
patient16251,2
patient16252,3
patient16253,1
patient16254,2
patient16255,2
patient16256,4
patient16257,1
patient16258,2
patient16259,10
patient16260,2
patient16261,2
patient16262,1
patient16263,1
patient16264,13
patient16265,2
patient16266,11
patient16267,1
patient16268,3
patient16269,2
patient16270,14
patient16271,1
patient16272,2
patient16273,11
patient16274,19
patient16275,1
patient16276,3
patient16277,1
patient16278,15
patient16279,1
patient16280,2
patient16281,1
patient16282,2
patient16283,9
patient16284,1
patient16285,3
patient16286,1
patient16287,2
patient16288,1
patient16289,8
patient16290,17
patient16291,1
patient16292,4
patient16293,1
patient16294,2
patient16295,2
patient16296,3
patient16297,7
patient16298,5
patient16299,4
patient16300,9
patient16301,3
patient16302,8
patient16303,2
patient16304,1
patient16305,4
patient16306,1
patient16307,2
patient16308,1
patient16309,1
patient16310,2
patient16311,2
patient16312,6
patient16313,2
patient16314,2
patient16315,6
patient16316,2
patient16317,8
patient16318,1
patient16319,3
patient16320,9
patient16321,3
patient16322,1
patient16323,12
patient16324,12
patient16325,1
patient16326,2
patient16327,2
patient16328,3
patient16329,2
patient16330,3
patient16331,4
patient16332,2
patient16333,1
patient16334,2
patient16335,6
patient16336,8
patient16337,1
patient16338,18
patient16339,2
patient16340,3
patient16341,2
patient16342,2
patient16343,1
patient16344,1
patient16345,2
patient16346,2
patient16347,3
patient16348,2
patient16349,2
patient16350,1
patient16351,8
patient16352,6
patient16353,5
patient16354,6
patient16355,4
patient16356,1
patient16357,6
patient16358,2
patient16359,3
patient16360,1
patient16361,18
patient16362,1
patient16363,3
patient16364,1
patient16365,2
patient16366,1
patient16367,11
patient16368,3
patient16369,2
patient16370,2
patient16371,2
patient16372,4
patient16373,4
patient16374,6
patient16375,4
patient16376,1
patient16377,2
patient16378,4
patient16379,2
patient16380,2
patient16381,4
patient16382,2
patient16383,3
patient16384,4
patient16385,5
patient16386,2
patient16387,1
patient16388,5
patient16389,2
patient16390,6
patient16391,9
patient16392,2
patient16393,1
patient16394,7
patient16395,1
patient16396,3
patient16397,1
patient16398,48
patient16399,1
patient16400,3
patient16401,3
patient16402,1
patient16403,1
patient16404,1
patient16405,4
patient16406,13
patient16407,7
patient16408,3
patient16409,1
patient16410,3
patient16411,12
patient16412,1
patient16413,5
patient16414,7
patient16415,1
patient16416,1
patient16417,23
patient16418,33
patient16419,15
patient16420,11
patient16421,2
patient16422,4
patient16423,10
patient16424,2
patient16425,13
patient16426,4
patient16427,1
patient16428,3
patient16429,2
patient16430,3
patient16431,7
patient16432,2
patient16433,7
patient16434,9
patient16435,15
patient16436,1
patient16437,5
patient16438,2
patient16439,7
patient16440,29
patient16441,1
patient16442,16
patient16443,1
patient16444,1
patient16445,2
patient16446,2
patient16447,14
patient16448,5
patient16449,1
patient16450,2
patient16451,5
patient16452,5
patient16453,5
patient16454,5
patient16455,4
patient16456,3
patient16457,2
patient16458,2
patient16459,3
patient16460,2
patient16461,12
patient16462,20
patient16463,6
patient16464,41
patient16465,1
patient16466,5
patient16467,2
patient16468,2
patient16469,2
patient16470,2
patient16471,2
patient16472,1
patient16473,7
patient16474,2
patient16475,14
patient16476,8
patient16477,9
patient16478,4
patient16479,2
patient16480,1
patient16481,9
patient16482,2
patient16483,2
patient16484,1
patient16485,9
patient16486,18
patient16487,4
patient16488,4
patient16489,3
patient16490,1
patient16491,1
patient16492,1
patient16493,4
patient16494,8
patient16495,13
patient16496,1
patient16497,2
patient16498,2
patient16499,2
patient16500,2
patient16501,2
patient16502,9
patient16503,1
patient16504,1
patient16505,5
patient16506,2
patient16507,5
patient16508,2
patient16509,3
patient16510,2
patient16511,8
patient16512,2
patient16513,2
patient16514,2
patient16515,3
patient16516,1
patient16517,2
patient16518,2
patient16519,11
patient16520,2
patient16521,2
patient16522,4
patient16523,24
patient16524,2
patient16525,2
patient16526,2
patient16527,2
patient16528,3
patient16529,28
patient16530,2
patient16531,3
patient16532,3
patient16533,5
patient16534,9
patient16535,1
patient16536,2
patient16537,3
patient16538,4
patient16539,2
patient16540,3
patient16541,2
patient16542,2
patient16543,2
patient16544,2
patient16545,4
patient16546,1
patient16547,2
patient16548,2
patient16549,3
patient16550,1
patient16551,1
patient16552,2
patient16553,3
patient16554,5
patient16555,5
patient16556,11
patient16557,2
patient16558,8
patient16559,9
patient16560,2
patient16561,1
patient16562,3
patient16563,20
patient16564,2
patient16565,4
patient16566,6
patient16567,1
patient16568,1
patient16569,2
patient16570,3
patient16571,2
patient16572,10
patient16573,2
patient16574,2
patient16575,4
patient16576,11
patient16577,2
patient16578,5
patient16579,11
patient16580,21
patient16581,3
patient16582,4
patient16583,6
patient16584,7
patient16585,7
patient16586,5
patient16587,2
patient16588,2
patient16589,11
patient16590,1
patient16591,2
patient16592,2
patient16593,6
patient16594,2
patient16595,8
patient16596,2
patient16597,2
patient16598,1
patient16599,2
patient16600,2
patient16601,2
patient16602,24
patient16603,3
patient16604,2
patient16605,3
patient16606,13
patient16607,5
patient16608,3
patient16609,1
patient16610,10
patient16611,1
patient16612,1
patient16613,5
patient16614,3
patient16615,2
patient16616,2
patient16617,1
patient16618,2
patient16619,20
patient16620,4
patient16621,4
patient16622,3
patient16623,2
patient16624,6
patient16625,8
patient16626,31
patient16627,5
patient16628,3
patient16629,1
patient16630,2
patient16631,2
patient16632,1
patient16633,1
patient16634,4
patient16635,3
patient16636,2
patient16637,2
patient16638,3
patient16639,10
patient16640,6
patient16641,2
patient16642,3
patient16643,2
patient16644,15
patient16645,1
patient16646,1
patient16647,1
patient16648,2
patient16649,1
patient16650,1
patient16651,2
patient16652,2
patient16653,5
patient16654,1
patient16655,4
patient16656,3
patient16657,2
patient16658,2
patient16659,2
patient16660,24
patient16661,2
patient16662,2
patient16663,4
patient16664,4
patient16665,1
patient16666,5
patient16667,5
patient16668,2
patient16669,2
patient16670,5
patient16671,1
patient16672,2
patient16673,5
patient16674,1
patient16675,2
patient16676,3
patient16677,2
patient16678,1
patient16679,8
patient16680,1
patient16681,5
patient16682,16
patient16683,4
patient16684,1
patient16685,1
patient16686,2
patient16687,2
patient16688,4
patient16689,2
patient16690,8
patient16691,1
patient16692,2
patient16693,2
patient16694,2
patient16695,1
patient16696,1
patient16697,3
patient16698,2
patient16699,1
patient16700,1
patient16701,2
patient16702,3
patient16703,2
patient16704,2
patient16705,2
patient16706,9
patient16707,4
patient16708,1
patient16709,2
patient16710,11
patient16711,8
patient16712,2
patient16713,2
patient16714,8
patient16715,3
patient16716,2
patient16717,5
patient16718,3
patient16719,18
patient16720,3
patient16721,2
patient16722,1
patient16723,19
patient16724,1
patient16725,2
patient16726,7
patient16727,5
patient16728,2
patient16729,1
patient16730,3
patient16731,2
patient16732,1
patient16733,3
patient16734,11
patient16735,5
patient16736,2
patient16737,6
patient16738,1
patient16739,2
patient16740,1
patient16741,1
patient16742,1
patient16743,1
patient16744,2
patient16745,3
patient16746,2
patient16747,2
patient16748,1
patient16749,6
patient16750,1
patient16751,1
patient16752,4
patient16753,1
patient16754,6
patient16755,2
patient16756,2
patient16757,1
patient16758,1
patient16759,3
patient16760,1
patient16761,7
patient16762,2
patient16763,3
patient16764,3
patient16765,1
patient16766,2
patient16767,5
patient16768,5
patient16769,3
patient16770,6
patient16771,1
patient16772,2
patient16773,2
patient16774,9
patient16775,1
patient16776,6
patient16777,11
patient16778,1
patient16779,2
patient16780,1
patient16781,3
patient16782,6
patient16783,2
patient16784,2
patient16785,1
patient16786,3
patient16787,9
patient16788,2
patient16789,3
patient16790,4
patient16791,1
patient16792,2
patient16793,8
patient16794,4
patient16795,2
patient16796,23
patient16797,7
patient16798,17
patient16799,2
patient16800,3
patient16801,4
patient16802,7
patient16803,18
patient16804,1
patient16805,6
patient16806,4
patient16807,1
patient16808,1
patient16809,1
patient16810,18
patient16811,7
patient16812,2
patient16813,1
patient16814,7
patient16815,5
patient16816,3
patient16817,1
patient16818,4
patient16819,2
patient16820,1
patient16821,2
patient16822,2
patient16823,2
patient16824,1
patient16825,8
patient16826,3
patient16827,1
patient16828,2
patient16829,5
patient16830,4
patient16831,8
patient16832,5
patient16833,2
patient16834,4
patient16835,1
patient16836,7
patient16837,7
patient16838,1
patient16839,3
patient16840,2
patient16841,14
patient16842,1
patient16843,2
patient16844,4
patient16845,1
patient16846,2
patient16847,3
patient16848,9
patient16849,1
patient16850,3
patient16851,3
patient16852,1
patient16853,5
patient16854,3
patient16855,1
patient16856,3
patient16857,3
patient16858,1
patient16859,1
patient16860,6
patient16861,1
patient16862,1
patient16863,9
patient16864,1
patient16865,2
patient16866,2
patient16867,1
patient16868,24
patient16869,2
patient16870,8
patient16871,1
patient16872,2
patient16873,2
patient16874,1
patient16875,5
patient16876,1
patient16877,2
patient16878,2
patient16879,4
patient16880,1
patient16881,2
patient16882,3
patient16883,16
patient16884,7
patient16885,10
patient16886,2
patient16887,7
patient16888,2
patient16889,7
patient16890,2
patient16891,2
patient16892,2
patient16893,5
patient16894,4
patient16895,5
patient16896,1
patient16897,3
patient16898,12
patient16899,3
patient16900,3
patient16901,2
patient16902,1
patient16903,2
patient16904,1
patient16905,2
patient16906,2
patient16907,2
patient16908,1
patient16909,2
patient16910,11
patient16911,1
patient16912,2
patient16913,6
patient16914,2
patient16915,1
patient16916,1
patient16917,1
patient16918,1
patient16919,10
patient16920,3
patient16921,20
patient16922,5
patient16923,4
patient16924,7
patient16925,2
patient16926,5
patient16927,2
patient16928,2
patient16929,1
patient16930,10
patient16931,6
patient16932,2
patient16933,5
patient16934,1
patient16935,3
patient16936,2
patient16937,7
patient16938,2
patient16939,1
patient16940,2
patient16941,5
patient16942,1
patient16943,6
patient16944,4
patient16945,1
patient16946,1
patient16947,1
patient16948,4
patient16949,1
patient16950,6
patient16951,3
patient16952,2
patient16953,9
patient16954,2
patient16955,2
patient16956,2
patient16957,5
patient16958,11
patient16959,2
patient16960,1
patient16961,2
patient16962,3
patient16963,10
patient16964,2
patient16965,2
patient16966,9
patient16967,1
patient16968,8
patient16969,3
patient16970,1
patient16971,1
patient16972,3
patient16973,1
patient16974,2
patient16975,2
patient16976,7
patient16977,2
patient16978,2
patient16979,1
patient16980,1
patient16981,2
patient16982,2
patient16983,1
patient16984,2
patient16985,5
patient16986,1
patient16987,15
patient16988,4
patient16989,4
patient16990,2
patient16991,5
patient16992,2
patient16993,1
patient16994,21
patient16995,11
patient16996,2
patient16997,20
patient16998,2
patient16999,6
patient17000,1
patient17001,9
patient17002,19
patient17003,9
patient17004,3
patient17005,3
patient17006,7
patient17007,9
patient17008,2
patient17009,1
patient17010,1
patient17011,25
patient17012,13
patient17013,9
patient17014,3
patient17015,9
patient17016,6
patient17017,6
patient17018,2
patient17019,4
patient17020,2
patient17021,1
patient17022,7
patient17023,16
patient17024,5
patient17025,4
patient17026,3
patient17027,2
patient17028,2
patient17029,1
patient17030,3
patient17031,2
patient17032,1
patient17033,1
patient17034,1
patient17035,2
patient17036,4
patient17037,2
patient17038,2
patient17039,2
patient17040,2
patient17041,3
patient17042,3
patient17043,2
patient17044,2
patient17045,3
patient17046,2
patient17047,5
patient17048,2
patient17049,12
patient17050,2
patient17051,26
patient17052,7
patient17053,2
patient17054,2
patient17055,8
patient17056,2
patient17057,11
patient17058,2
patient17059,2
patient17060,1
patient17061,1
patient17062,3
patient17063,5
patient17064,2
patient17065,12
patient17066,9
patient17067,1
patient17068,2
patient17069,1
patient17070,1
patient17071,2
patient17072,1
patient17073,1
patient17074,1
patient17075,3
patient17076,2
patient17077,4
patient17078,2
patient17079,1
patient17080,1
patient17081,9
patient17082,7
patient17083,2
patient17084,3
patient17085,2
patient17086,2
patient17087,1
patient17088,4
patient17089,2
patient17090,1
patient17091,2
patient17092,12
patient17093,5
patient17094,1
patient17095,5
patient17096,7
patient17097,2
patient17098,6
patient17099,1
patient17100,1
patient17101,2
patient17102,6
patient17103,2
patient17104,5
patient17105,3
patient17106,2
patient17107,2
patient17108,6
patient17109,1
patient17110,2
patient17111,49
patient17112,2
patient17113,3
patient17114,1
patient17115,6
patient17116,1
patient17117,2
patient17118,4
patient17119,4
patient17120,5
patient17121,7
patient17122,5
patient17123,2
patient17124,2
patient17125,4
patient17126,3
patient17127,2
patient17128,17
patient17129,3
patient17130,3
patient17131,2
patient17132,10
patient17133,3
patient17134,2
patient17135,5
patient17136,2
patient17137,12
patient17138,7
patient17139,2
patient17140,1
patient17141,2
patient17142,2
patient17143,9
patient17144,1
patient17145,5
patient17146,7
patient17147,2
patient17148,4
patient17149,3
patient17150,3
patient17151,2
patient17152,2
patient17153,2
patient17154,1
patient17155,1
patient17156,4
patient17157,11
patient17158,2
patient17159,9
patient17160,8
patient17161,3
patient17162,5
patient17163,4
patient17164,2
patient17165,2
patient17166,2
patient17167,3
patient17168,9
patient17169,1
patient17170,2
patient17171,2
patient17172,4
patient17173,5
patient17174,5
patient17175,10
patient17176,1
patient17177,2
patient17178,2
patient17179,16
patient17180,2
patient17181,5
patient17182,1
patient17183,4
patient17184,1
patient17185,2
patient17186,1
patient17187,2
patient17188,2
patient17189,1
patient17190,2
patient17191,2
patient17192,2
patient17193,25
patient17194,7
patient17195,2
patient17196,3
patient17197,2
patient17198,2
patient17199,2
patient17200,3
patient17201,3
patient17202,8
patient17203,3
patient17204,1
patient17205,6
patient17206,2
patient17207,1
patient17208,1
patient17209,1
patient17210,3
patient17211,2
patient17212,3
patient17213,2
patient17214,31
patient17215,1
patient17216,17
patient17217,2
patient17218,2
patient17219,5
patient17220,1
patient17221,2
patient17222,1
patient17223,2
patient17224,1
patient17225,2
patient17226,2
patient17227,3
patient17228,1
patient17229,1
patient17230,2
patient17231,1
patient17232,3
patient17233,4
patient17234,9
patient17235,3
patient17236,2
patient17237,2
patient17238,1
patient17239,4
patient17240,2
patient17241,6
patient17242,4
patient17243,2
patient17244,5
patient17245,2
patient17246,4
patient17247,2
patient17248,8
patient17249,7
patient17250,2
patient17251,4
patient17252,1
patient17253,2
patient17254,1
patient17255,2
patient17256,2
patient17257,4
patient17258,3
patient17259,2
patient17260,2
patient17261,2
patient17262,2
patient17263,2
patient17264,2
patient17265,11
patient17266,3
patient17267,7
patient17268,1
patient17269,1
patient17270,2
patient17271,2
patient17272,1
patient17273,1
patient17274,2
patient17275,2
patient17276,2
patient17277,1
patient17278,6
patient17279,2
patient17280,3
patient17281,1
patient17282,2
patient17283,4
patient17284,2
patient17285,1
patient17286,2
patient17287,10
patient17288,1
patient17289,7
patient17290,2
patient17291,3
patient17292,7
patient17293,4
patient17294,1
patient17295,10
patient17296,6
patient17297,4
patient17298,1
patient17299,3
patient17300,4
patient17301,3
patient17302,4
patient17303,3
patient17304,1
patient17305,1
patient17306,6
patient17307,14
patient17308,12
patient17309,2
patient17310,2
patient17311,2
patient17312,12
patient17313,1
patient17314,2
patient17315,2
patient17316,4
patient17317,2
patient17318,2
patient17319,3
patient17320,1
patient17321,2
patient17322,1
patient17323,2
patient17324,9
patient17325,2
patient17326,1
patient17327,1
patient17328,2
patient17329,1
patient17330,3
patient17331,1
patient17332,2
patient17333,2
patient17334,1
patient17335,3
patient17336,3
patient17337,3
patient17338,1
patient17339,1
patient17340,1
patient17341,2
patient17342,6
patient17343,2
patient17344,4
patient17345,4
patient17346,1
patient17347,2
patient17348,2
patient17349,36
patient17350,2
patient17351,2
patient17352,2
patient17353,3
patient17354,4
patient17355,9
patient17356,2
patient17357,2
patient17358,1
patient17359,2
patient17360,1
patient17361,5
patient17362,4
patient17363,2
patient17364,5
patient17365,2
patient17366,2
patient17367,3
patient17368,5
patient17369,7
patient17370,2
patient17371,3
patient17372,1
patient17373,1
patient17374,6
patient17375,2
patient17376,2
patient17377,1
patient17378,2
patient17379,2
patient17380,1
patient17381,2
patient17382,26
patient17383,3
patient17384,1
patient17385,1
patient17386,3
patient17387,2
patient17388,15
patient17389,1
patient17390,1
patient17391,2
patient17392,2
patient17393,1
patient17394,12
patient17395,3
patient17396,2
patient17397,10
patient17398,2
patient17399,8
patient17400,11
patient17401,6
patient17402,2
patient17403,6
patient17404,7
patient17405,2
patient17406,20
patient17407,2
patient17408,2
patient17409,8
patient17410,1
patient17411,14
patient17412,1
patient17413,1
patient17414,8
patient17415,7
patient17416,11
patient17417,5
patient17418,7
patient17419,2
patient17420,11
patient17421,2
patient17422,14
patient17423,2
patient17424,12
patient17425,1
patient17426,17
patient17427,3
patient17428,1
patient17429,2
patient17430,2
patient17431,4
patient17432,1
patient17433,2
patient17434,1
patient17435,8
patient17436,2
patient17437,5
patient17438,2
patient17439,2
patient17440,2
patient17441,5
patient17442,8
patient17443,7
patient17444,2
patient17445,5
patient17446,2
patient17447,2
patient17448,8
patient17449,2
patient17450,1
patient17451,26
patient17452,1
patient17453,4
patient17454,9
patient17455,1
patient17456,2
patient17457,4
patient17458,6
patient17459,2
patient17460,1
patient17461,6
patient17462,3
patient17463,3
patient17464,2
patient17465,3
patient17466,2
patient17467,3
patient17468,11
patient17469,3
patient17470,6
patient17471,10
patient17472,2
patient17473,4
patient17474,1
patient17475,3
patient17476,8
patient17477,7
patient17478,1
patient17479,12
patient17480,1
patient17481,2
patient17482,10
patient17483,18
patient17484,6
patient17485,2
patient17486,6
patient17487,10
patient17488,1
patient17489,2
patient17490,7
patient17491,4
patient17492,2
patient17493,2
patient17494,3
patient17495,4
patient17496,5
patient17497,1
patient17498,2
patient17499,1
patient17500,4
patient17501,2
patient17502,1
patient17503,1
patient17504,2
patient17505,1
patient17506,2
patient17507,6
patient17508,9
patient17509,1
patient17510,2
patient17511,3
patient17512,2
patient17513,1
patient17514,1
patient17515,2
patient17516,2
patient17517,2
patient17518,1
patient17519,3
patient17520,6
patient17521,2
patient17522,1
patient17523,10
patient17524,2
patient17525,1
patient17526,2
patient17527,2
patient17528,7
patient17529,1
patient17530,2
patient17531,1
patient17532,8
patient17533,5
patient17534,16
patient17535,1
patient17536,14
patient17537,1
patient17538,1
patient17539,3
patient17540,1
patient17541,1
patient17542,12
patient17543,2
patient17544,2
patient17545,2
patient17546,5
patient17547,1
patient17548,1
patient17549,1
patient17550,2
patient17551,1
patient17552,2
patient17553,8
patient17554,1
patient17555,12
patient17556,2
patient17557,1
patient17558,2
patient17559,2
patient17560,2
patient17561,2
patient17562,2
patient17563,1
patient17564,1
patient17565,2
patient17566,2
patient17567,2
patient17568,2
patient17569,5
patient17570,2
patient17571,12
patient17572,1
patient17573,3
patient17574,2
patient17575,4
patient17576,3
patient17577,1
patient17578,2
patient17579,13
patient17580,1
patient17581,1
patient17582,2
patient17583,2
patient17584,1
patient17585,4
patient17586,2
patient17587,2
patient17588,4
patient17589,1
patient17590,2
patient17591,1
patient17592,1
patient17593,2
patient17594,4
patient17595,1
patient17596,1
patient17597,2
patient17598,10
patient17599,4
patient17600,1
patient17601,2
patient17602,2
patient17603,4
patient17604,5
patient17605,4
patient17606,1
patient17607,4
patient17608,2
patient17609,2
patient17610,2
patient17611,6
patient17612,7
patient17613,3
patient17614,2
patient17615,6
patient17616,2
patient17617,3
patient17618,2
patient17619,6
patient17620,2
patient17621,8
patient17622,6
patient17623,1
patient17624,9
patient17625,2
patient17626,17
patient17627,5
patient17628,2
patient17629,2
patient17630,7
patient17631,2
patient17632,2
patient17633,2
patient17634,1
patient17635,4
patient17636,10
patient17637,7
patient17638,1
patient17639,2
patient17640,1
patient17641,3
patient17642,36
patient17643,2
patient17644,4
patient17645,2
patient17646,1
patient17647,5
patient17648,3
patient17649,1
patient17650,10
patient17651,2
patient17652,2
patient17653,5
patient17654,3
patient17655,7
patient17656,7
patient17657,2
patient17658,5
patient17659,2
patient17660,18
patient17661,12
patient17662,4
patient17663,2
patient17664,14
patient17665,19
patient17666,2
patient17667,5
patient17668,7
patient17669,2
patient17670,4
patient17671,2
patient17672,2
patient17673,2
patient17674,5
patient17675,3
patient17676,2
patient17677,4
patient17678,23
patient17679,1
patient17680,6
patient17681,30
patient17682,1
patient17683,1
patient17684,3
patient17685,1
patient17686,2
patient17687,2
patient17688,1
patient17689,1
patient17690,1
patient17691,2
patient17692,12
patient17693,5
patient17694,1
patient17695,2
patient17696,13
patient17697,2
patient17698,8
patient17699,5
patient17700,18
patient17701,2
patient17702,2
patient17703,3
patient17704,2
patient17705,3
patient17706,3
patient17707,2
patient17708,2
patient17709,2
patient17710,1
patient17711,1
patient17712,13
patient17713,3
patient17714,5
patient17715,2
patient17716,5
patient17717,2
patient17718,3
patient17719,5
patient17720,3
patient17721,2
patient17722,4
patient17723,2
patient17724,2
patient17725,2
patient17726,3
patient17727,3
patient17728,3
patient17729,1
patient17730,1
patient17731,2
patient17732,2
patient17733,6
patient17734,2
patient17735,37
patient17736,8
patient17737,8
patient17738,1
patient17739,2
patient17740,2
patient17741,6
patient17742,2
patient17743,1
patient17744,1
patient17745,39
patient17746,5
patient17747,2
patient17748,3
patient17749,2
patient17750,8
patient17751,16
patient17752,4
patient17753,2
patient17754,1
patient17755,2
patient17756,3
patient17757,5
patient17758,5
patient17759,9
patient17760,6
patient17761,3
patient17762,4
patient17763,2
patient17764,2
patient17765,2
patient17766,3
patient17767,2
patient17768,1
patient17769,3
patient17770,2
patient17771,3
patient17772,8
patient17773,2
patient17774,3
patient17775,2
patient17776,2
patient17777,8
patient17778,2
patient17779,4
patient17780,2
patient17781,1
patient17782,1
patient17783,7
patient17784,4
patient17785,15
patient17786,1
patient17787,1
patient17788,2
patient17789,2
patient17790,2
patient17791,1
patient17792,2
patient17793,6
patient17794,9
patient17795,4
patient17796,6
patient17797,1
patient17798,2
patient17799,5
patient17800,4
patient17801,18
patient17802,5
patient17803,3
patient17804,2
patient17805,2
patient17806,2
patient17807,7
patient17808,9
patient17809,20
patient17810,13
patient17811,1
patient17812,4
patient17813,2
patient17814,5
patient17815,3
patient17816,1
patient17817,2
patient17818,7
patient17819,2
patient17820,14
patient17821,2
patient17822,3
patient17823,1
patient17824,7
patient17825,2
patient17826,1
patient17827,1
patient17828,2
patient17829,5
patient17830,2
patient17831,7
patient17832,3
patient17833,6
patient17834,24
patient17835,2
patient17836,1
patient17837,2
patient17838,3
patient17839,4
patient17840,1
patient17841,1
patient17842,2
patient17843,2
patient17844,2
patient17845,5
patient17846,2
patient17847,4
patient17848,3
patient17849,1
patient17850,1
patient17851,1
patient17852,2
patient17853,5
patient17854,1
patient17855,2
patient17856,2
patient17857,2
patient17858,2
patient17859,1
patient17860,3
patient17861,1
patient17862,8
patient17863,1
patient17864,1
patient17865,2
patient17866,2
patient17867,2
patient17868,9
patient17869,17
patient17870,1
patient17871,11
patient17872,1
patient17873,9
patient17874,3
patient17875,2
patient17876,7
patient17877,2
patient17878,2
patient17879,2
patient17880,3
patient17881,1
patient17882,2
patient17883,1
patient17884,9
patient17885,3
patient17886,3
patient17887,2
patient17888,2
patient17889,6
patient17890,1
patient17891,1
patient17892,2
patient17893,1
patient17894,2
patient17895,3
patient17896,2
patient17897,3
patient17898,2
patient17899,2
patient17900,3
patient17901,2
patient17902,2
patient17903,2
patient17904,2
patient17905,1
patient17906,4
patient17907,3
patient17908,4
patient17909,1
patient17910,2
patient17911,2
patient17912,2
patient17913,3
patient17914,3
patient17915,1
patient17916,15
patient17917,5
patient17918,3
patient17919,2
patient17920,1
patient17921,1
patient17922,1
patient17923,2
patient17924,3
patient17925,1
patient17926,4
patient17927,2
patient17928,2
patient17929,1
patient17930,2
patient17931,1
patient17932,2
patient17933,2
patient17934,6
patient17935,9
patient17936,2
patient17937,2
patient17938,3
patient17939,2
patient17940,1
patient17941,4
patient17942,2
patient17943,3
patient17944,4
patient17945,6
patient17946,2
patient17947,2
patient17948,21
patient17949,4
patient17950,1
patient17951,1
patient17952,2
patient17953,9
patient17954,2
patient17955,2
patient17956,4
patient17957,2
patient17958,2
patient17959,1
patient17960,4
patient17961,4
patient17962,2
patient17963,4
patient17964,6
patient17965,2
patient17966,3
patient17967,2
patient17968,9
patient17969,10
patient17970,2
patient17971,1
patient17972,9
patient17973,11
patient17974,2
patient17975,2
patient17976,7
patient17977,7
patient17978,1
patient17979,9
patient17980,2
patient17981,2
patient17982,2
patient17983,2
patient17984,2
patient17985,6
patient17986,2
patient17987,1
patient17988,4
patient17989,1
patient17990,1
patient17991,2
patient17992,3
patient17993,2
patient17994,3
patient17995,5
patient17996,1
patient17997,1
patient17998,1
patient17999,2
patient18000,14
patient18001,31
patient18002,41
patient18003,4
patient18004,2
patient18005,1
patient18006,1
patient18007,1
patient18008,11
patient18009,2
patient18010,2
patient18011,4
patient18012,1
patient18013,2
patient18014,2
patient18015,3
patient18016,3
patient18017,1
patient18018,8
patient18019,6
patient18020,2
patient18021,1
patient18022,4
patient18023,1
patient18024,1
patient18025,2
patient18026,3
patient18027,8
patient18028,2
patient18029,15
patient18030,4
patient18031,11
patient18032,4
patient18033,3
patient18034,1
patient18035,1
patient18036,1
patient18037,9
patient18038,3
patient18039,4
patient18040,3
patient18041,1
patient18042,27
patient18043,2
patient18044,5
patient18045,3
patient18046,4
patient18047,2
patient18048,3
patient18049,4
patient18050,2
patient18051,16
patient18052,2
patient18053,2
patient18054,2
patient18055,2
patient18056,2
patient18057,2
patient18058,1
patient18059,3
patient18060,1
patient18061,2
patient18062,6
patient18063,1
patient18064,12
patient18065,6
patient18066,1
patient18067,5
patient18068,6
patient18069,5
patient18070,1
patient18071,1
patient18072,3
patient18073,9
patient18074,6
patient18075,1
patient18076,4
patient18077,17
patient18078,16
patient18079,1
patient18080,29
patient18081,12
patient18082,4
patient18083,2
patient18084,2
patient18085,9
patient18086,10
patient18087,2
patient18088,4
patient18089,2
patient18090,2
patient18091,2
patient18092,2
patient18093,4
patient18094,2
patient18095,12
patient18096,2
patient18097,7
patient18098,1
patient18099,2
patient18100,16
patient18101,8
patient18102,2
patient18103,21
patient18104,1
patient18105,2
patient18106,3
patient18107,11
patient18108,5
patient18109,2
patient18110,1
patient18111,2
patient18112,20
patient18113,4
patient18114,2
patient18115,2
patient18116,1
patient18117,4
patient18118,2
patient18119,2
patient18120,15
patient18121,1
patient18122,4
patient18123,5
patient18124,5
patient18125,1
patient18126,1
patient18127,2
patient18128,2
patient18129,2
patient18130,2
patient18131,1
patient18132,3
patient18133,3
patient18134,1
patient18135,1
patient18136,2
patient18137,21
patient18138,2
patient18139,2
patient18140,2
patient18141,2
patient18142,2
patient18143,2
patient18144,4
patient18145,1
patient18146,1
patient18147,5
patient18148,7
patient18149,2
patient18150,1
patient18151,2
patient18152,7
patient18153,4
patient18154,7
patient18155,1
patient18156,1
patient18157,2
patient18158,2
patient18159,6
patient18160,11
patient18161,1
patient18162,2
patient18163,1
patient18164,2
patient18165,6
patient18166,2
patient18167,6
patient18168,2
patient18169,1
patient18170,12
patient18171,2
patient18172,3
patient18173,3
patient18174,5
patient18175,7
patient18176,2
patient18177,4
patient18178,3
patient18179,1
patient18180,2
patient18181,9
patient18182,2
patient18183,5
patient18184,2
patient18185,2
patient18186,28
patient18187,1
patient18188,2
patient18189,2
patient18190,2
patient18191,1
patient18192,2
patient18193,1
patient18194,2
patient18195,3
patient18196,2
patient18197,3
patient18198,4
patient18199,17
patient18200,2
patient18201,1
patient18202,1
patient18203,11
patient18204,2
patient18205,1
patient18206,2
patient18207,2
patient18208,4
patient18209,2
patient18210,2
patient18211,2
patient18212,3
patient18213,3
patient18214,2
patient18215,2
patient18216,2
patient18217,7
patient18218,6
patient18219,2
patient18220,1
patient18221,1
patient18222,4
patient18223,2
patient18224,4
patient18225,2
patient18226,4
patient18227,2
patient18228,4
patient18229,2
patient18230,13
patient18231,3
patient18232,1
patient18233,1
patient18234,6
patient18235,4
patient18236,1
patient18237,2
patient18238,2
patient18239,3
patient18240,11
patient18241,2
patient18242,7
patient18243,3
patient18244,2
patient18245,2
patient18246,4
patient18247,2
patient18248,1
patient18249,3
patient18250,2
patient18251,4
patient18252,3
patient18253,2
patient18254,1
patient18255,6
patient18256,2
patient18257,50
patient18258,2
patient18259,6
patient18260,4
patient18261,5
patient18262,4
patient18263,3
patient18264,1
patient18265,3
patient18266,1
patient18267,1
patient18268,2
patient18269,2
patient18270,7
patient18271,2
patient18272,4
patient18273,3
patient18274,2
patient18275,8
patient18276,4
patient18277,6
patient18278,3
patient18279,2
patient18280,1
patient18281,1
patient18282,3
patient18283,31
patient18284,1
patient18285,1
patient18286,3
patient18287,2
patient18288,1
patient18289,1
patient18290,1
patient18291,1
patient18292,7
patient18293,2
patient18294,4
patient18295,2
patient18296,2
patient18297,1
patient18298,1
patient18299,5
patient18300,2
patient18301,5
patient18302,3
patient18303,4
patient18304,5
patient18305,3
patient18306,5
patient18307,1
patient18308,2
patient18309,1
patient18310,4
patient18311,5
patient18312,2
patient18313,17
patient18314,4
patient18315,4
patient18316,4
patient18317,1
patient18318,1
patient18319,2
patient18320,32
patient18321,3
patient18322,4
patient18323,3
patient18324,3
patient18325,10
patient18326,10
patient18327,1
patient18328,2
patient18329,3
patient18330,5
patient18331,3
patient18332,2
patient18333,8
patient18334,2
patient18335,2
patient18336,2
patient18337,5
patient18338,9
patient18339,19
patient18340,1
patient18341,2
patient18342,1
patient18343,2
patient18344,8
patient18345,2
patient18346,4
patient18347,3
patient18348,2
patient18349,19
patient18350,3
patient18351,2
patient18352,1
patient18353,1
patient18354,2
patient18355,3
patient18356,5
patient18357,30
patient18358,1
patient18359,2
patient18360,2
patient18361,8
patient18362,3
patient18363,3
patient18364,1
patient18365,11
patient18366,27
patient18367,4
patient18368,2
patient18369,6
patient18370,2
patient18371,2
patient18372,3
patient18373,4
patient18374,2
patient18375,3
patient18376,2
patient18377,3
patient18378,4
patient18379,5
patient18380,1
patient18381,1
patient18382,18
patient18383,2
patient18384,5
patient18385,2
patient18386,2
patient18387,2
patient18388,2
patient18389,2
patient18390,1
patient18391,4
patient18392,1
patient18393,3
patient18394,11
patient18395,1
patient18396,2
patient18397,1
patient18398,4
patient18399,1
patient18400,1
patient18401,4
patient18402,2
patient18403,1
patient18404,2
patient18405,2
patient18406,5
patient18407,8
patient18408,2
patient18409,2
patient18410,1
patient18411,3
patient18412,2
patient18413,1
patient18414,4
patient18415,2
patient18416,1
patient18417,2
patient18418,2
patient18419,2
patient18420,1
patient18421,5
patient18422,1
patient18423,2
patient18424,2
patient18425,3
patient18426,2
patient18427,1
patient18428,2
patient18429,3
patient18430,1
patient18431,5
patient18432,2
patient18433,1
patient18434,2
patient18435,2
patient18436,7
patient18437,2
patient18438,10
patient18439,5
patient18440,5
patient18441,7
patient18442,2
patient18443,2
patient18444,2
patient18445,1
patient18446,2
patient18447,4
patient18448,4
patient18449,4
patient18450,11
patient18451,1
patient18452,12
patient18453,2
patient18454,1
patient18455,8
patient18456,2
patient18457,2
patient18458,2
patient18459,2
patient18460,10
patient18461,1
patient18462,1
patient18463,4
patient18464,2
patient18465,2
patient18466,2
patient18467,6
patient18468,3
patient18469,1
patient18470,42
patient18471,2
patient18472,1
patient18473,2
patient18474,2
patient18475,1
patient18476,2
patient18477,2
patient18478,3
patient18479,7
patient18480,2
patient18481,5
patient18482,2
patient18483,4
patient18484,1
patient18485,3
patient18486,4
patient18487,8
patient18488,2
patient18489,8
patient18490,2
patient18491,1
patient18492,1
patient18493,1
patient18494,1
patient18495,1
patient18496,4
patient18497,2
patient18498,4
patient18499,2
patient18500,1
patient18501,5
patient18502,7
patient18503,2
patient18504,1
patient18505,2
patient18506,2
patient18507,2
patient18508,2
patient18509,1
patient18510,2
patient18511,1
patient18512,1
patient18513,1
patient18514,2
patient18515,2
patient18516,3
patient18517,2
patient18518,4
patient18519,1
patient18520,1
patient18521,2
patient18522,20
patient18523,2
patient18524,2
patient18525,2
patient18526,6
patient18527,2
patient18528,4
patient18529,2
patient18530,1
patient18531,1
patient18532,14
patient18533,2
patient18534,3
patient18535,4
patient18536,1
patient18537,2
patient18538,3
patient18539,6
patient18540,2
patient18541,1
patient18542,1
patient18543,2
patient18544,13
patient18545,4
patient18546,2
patient18547,1
patient18548,2
patient18549,6
patient18550,11
patient18551,5
patient18552,3
patient18553,1
patient18554,1
patient18555,10
patient18556,7
patient18557,1
patient18558,2
patient18559,3
patient18560,1
patient18561,4
patient18562,4
patient18563,2
patient18564,2
patient18565,1
patient18566,3
patient18567,8
patient18568,2
patient18569,1
patient18570,2
patient18571,2
patient18572,1
patient18573,2
patient18574,2
patient18575,7
patient18576,13
patient18577,2
patient18578,6
patient18579,1
patient18580,1
patient18581,3
patient18582,1
patient18583,6
patient18584,1
patient18585,12
patient18586,3
patient18587,1
patient18588,2
patient18589,2
patient18590,3
patient18591,3
patient18592,1
patient18593,5
patient18594,2
patient18595,2
patient18596,2
patient18597,1
patient18598,4
patient18599,51
patient18600,1
patient18601,9
patient18602,6
patient18603,3
patient18604,18
patient18605,4
patient18606,4
patient18607,5
patient18608,2
patient18609,2
patient18610,8
patient18611,3
patient18612,1
patient18613,2
patient18614,2
patient18615,2
patient18616,7
patient18617,4
patient18618,3
patient18619,1
patient18620,1
patient18621,2
patient18622,2
patient18623,21
patient18624,3
patient18625,2
patient18626,11
patient18627,4
patient18628,8
patient18629,2
patient18630,10
patient18631,13
patient18632,2
patient18633,4
patient18634,4
patient18635,2
patient18636,2
patient18637,9
patient18638,2
patient18639,2
patient18640,3
patient18641,1
patient18642,2
patient18643,2
patient18644,1
patient18645,9
patient18646,7
patient18647,8
patient18648,2
patient18649,4
patient18650,4
patient18651,2
patient18652,5
patient18653,11
patient18654,2
patient18655,2
patient18656,2
patient18657,3
patient18658,2
patient18659,3
patient18660,2
patient18661,2
patient18662,2
patient18663,7
patient18664,2
patient18665,1
patient18666,2
patient18667,8
patient18668,5
patient18669,11
patient18670,26
patient18671,1
patient18672,19
patient18673,2
patient18674,11
patient18675,1
patient18676,5
patient18677,3
patient18678,2
patient18679,1
patient18680,2
patient18681,13
patient18682,1
patient18683,2
patient18684,2
patient18685,3
patient18686,1
patient18687,5
patient18688,1
patient18689,1
patient18690,2
patient18691,2
patient18692,3
patient18693,2
patient18694,2
patient18695,3
patient18696,3
patient18697,4
patient18698,2
patient18699,3
patient18700,2
patient18701,14
patient18702,3
patient18703,5
patient18704,4
patient18705,5
patient18706,2
patient18707,8
patient18708,3
patient18709,4
patient18710,7
patient18711,2
patient18712,3
patient18713,2
patient18714,4
patient18715,1
patient18716,3
patient18717,1
patient18718,6
patient18719,4
patient18720,9
patient18721,2
patient18722,2
patient18723,2
patient18724,1
patient18725,17
patient18726,1
patient18727,4
patient18728,10
patient18729,6
patient18730,5
patient18731,6
patient18732,13
patient18733,1
patient18734,4
patient18735,1
patient18736,1
patient18737,4
patient18738,9
patient18739,2
patient18740,2
patient18741,2
patient18742,5
patient18743,1
patient18744,5
patient18745,2
patient18746,14
patient18747,6
patient18748,6
patient18749,2
patient18750,1
patient18751,4
patient18752,2
patient18753,2
patient18754,5
patient18755,7
patient18756,30
patient18757,4
patient18758,3
patient18759,2
patient18760,1
patient18761,1
patient18762,2
patient18763,46
patient18764,3
patient18765,1
patient18766,1
patient18767,2
patient18768,1
patient18769,1
patient18770,2
patient18771,2
patient18772,2
patient18773,6
patient18774,7
patient18775,1
patient18776,6
patient18777,2
patient18778,2
patient18779,2
patient18780,5
patient18781,1
patient18782,4
patient18783,12
patient18784,5
patient18785,2
patient18786,2
patient18787,1
patient18788,1
patient18789,4
patient18790,3
patient18791,2
patient18792,1
patient18793,1
patient18794,1
patient18795,1
patient18796,1
patient18797,2
patient18798,4
patient18799,6
patient18800,6
patient18801,1
patient18802,8
patient18803,8
patient18804,1
patient18805,4
patient18806,14
patient18807,7
patient18808,2
patient18809,3
patient18810,4
patient18811,8
patient18812,4
patient18813,3
patient18814,6
patient18815,8
patient18816,1
patient18817,2
patient18818,4
patient18819,2
patient18820,2
patient18821,1
patient18822,1
patient18823,33
patient18824,26
patient18825,2
patient18826,1
patient18827,7
patient18828,2
patient18829,2
patient18830,5
patient18831,4
patient18832,2
patient18833,3
patient18834,4
patient18835,3
patient18836,2
patient18837,2
patient18838,2
patient18839,3
patient18840,4
patient18841,7
patient18842,4
patient18843,1
patient18844,2
patient18845,2
patient18846,1
patient18847,7
patient18848,2
patient18849,1
patient18850,2
patient18851,6
patient18852,4
patient18853,5
patient18854,2
patient18855,2
patient18856,6
patient18857,4
patient18858,7
patient18859,3
patient18860,3
patient18861,2
patient18862,1
patient18863,2
patient18864,7
patient18865,2
patient18866,2
patient18867,9
patient18868,2
patient18869,2
patient18870,1
patient18871,3
patient18872,2
patient18873,4
patient18874,1
patient18875,1
patient18876,2
patient18877,1
patient18878,9
patient18879,8
patient18880,2
patient18881,5
patient18882,2
patient18883,2
patient18884,8
patient18885,3
patient18886,2
patient18887,2
patient18888,5
patient18889,3
patient18890,3
patient18891,4
patient18892,32
patient18893,1
patient18894,2
patient18895,1
patient18896,2
patient18897,2
patient18898,2
patient18899,2
patient18900,5
patient18901,3
patient18902,1
patient18903,10
patient18904,4
patient18905,11
patient18906,6
patient18907,14
patient18908,4
patient18909,12
patient18910,13
patient18911,2
patient18912,1
patient18913,8
patient18914,7
patient18915,5
patient18916,2
patient18917,9
patient18918,5
patient18919,12
patient18920,1
patient18921,6
patient18922,2
patient18923,3
patient18924,2
patient18925,2
patient18926,2
patient18927,1
patient18928,1
patient18929,1
patient18930,1
patient18931,14
patient18932,5
patient18933,3
patient18934,1
patient18935,2
patient18936,2
patient18937,2
patient18938,2
patient18939,2
patient18940,2
patient18941,2
patient18942,8
patient18943,1
patient18944,8
patient18945,10
patient18946,1
patient18947,2
patient18948,1
patient18949,1
patient18950,9
patient18951,1
patient18952,6
patient18953,4
patient18954,2
patient18955,2
patient18956,2
patient18957,10
patient18958,8
patient18959,1
patient18960,2
patient18961,3
patient18962,2
patient18963,6
patient18964,15
patient18965,1
patient18966,7
patient18967,1
patient18968,1
patient18969,1
patient18970,15
patient18971,1
patient18972,1
patient18973,1
patient18974,2
patient18975,2
patient18976,3
patient18977,2
patient18978,2
patient18979,1
patient18980,2
patient18981,2
patient18982,2
patient18983,2
patient18984,1
patient18985,3
patient18986,2
patient18987,3
patient18988,20
patient18989,4
patient18990,4
patient18991,1
patient18992,1
patient18993,13
patient18994,1
patient18995,4
patient18996,4
patient18997,23
patient18998,4
patient18999,2
patient19000,4
patient19001,2
patient19002,2
patient19003,1
patient19004,14
patient19005,4
patient19006,12
patient19007,5
patient19008,6
patient19009,3
patient19010,2
patient19011,2
patient19012,4
patient19013,3
patient19014,2
patient19015,3
patient19016,10
patient19017,3
patient19018,2
patient19019,2
patient19020,9
patient19021,2
patient19022,1
patient19023,2
patient19024,1
patient19025,4
patient19026,2
patient19027,2
patient19028,2
patient19029,21
patient19030,12
patient19031,2
patient19032,8
patient19033,1
patient19034,13
patient19035,2
patient19036,2
patient19037,4
patient19038,2
patient19039,8
patient19040,2
patient19041,2
patient19042,2
patient19043,1
patient19044,2
patient19045,2
patient19046,2
patient19047,2
patient19048,1
patient19049,15
patient19050,1
patient19051,2
patient19052,2
patient19053,10
patient19054,1
patient19055,5
patient19056,2
patient19057,1
patient19058,6
patient19059,1
patient19060,4
patient19061,2
patient19062,20
patient19063,5
patient19064,4
patient19065,1
patient19066,2
patient19067,2
patient19068,12
patient19069,3
patient19070,1
patient19071,13
patient19072,2
patient19073,2
patient19074,1
patient19075,2
patient19076,2
patient19077,2
patient19078,1
patient19079,2
patient19080,1
patient19081,4
patient19082,1
patient19083,2
patient19084,2
patient19085,2
patient19086,2
patient19087,3
patient19088,1
patient19089,7
patient19090,4
patient19091,3
patient19092,8
patient19093,1
patient19094,15
patient19095,5
patient19096,1
patient19097,2
patient19098,2
patient19099,1
patient19100,2
patient19101,9
patient19102,2
patient19103,1
patient19104,1
patient19105,2
patient19106,2
patient19107,5
patient19108,10
patient19109,2
patient19110,6
patient19111,2
patient19112,4
patient19113,2
patient19114,1
patient19115,2
patient19116,2
patient19117,2
patient19118,2
patient19119,2
patient19120,2
patient19121,8
patient19122,2
patient19123,4
patient19124,2
patient19125,4
patient19126,2
patient19127,1
patient19128,3
patient19129,2
patient19130,2
patient19131,2
patient19132,2
patient19133,8
patient19134,3
patient19135,1
patient19136,1
patient19137,1
patient19138,1
patient19139,1
patient19140,1
patient19141,4
patient19142,1
patient19143,1
patient19144,3
patient19145,2
patient19146,2
patient19147,1
patient19148,1
patient19149,2
patient19150,7
patient19151,2
patient19152,1
patient19153,2
patient19154,2
patient19155,10
patient19156,2
patient19157,6
patient19158,24
patient19159,2
patient19160,3
patient19161,2
patient19162,17
patient19163,2
patient19164,5
patient19165,3
patient19166,16
patient19167,2
patient19168,9
patient19169,1
patient19170,2
patient19171,3
patient19172,2
patient19173,4
patient19174,1
patient19175,6
patient19176,2
patient19177,7
patient19178,3
patient19179,5
patient19180,2
patient19181,7
patient19182,7
patient19183,2
patient19184,2
patient19185,10
patient19186,2
patient19187,22
patient19188,2
patient19189,1
patient19190,2
patient19191,2
patient19192,1
patient19193,11
patient19194,1
patient19195,1
patient19196,12
patient19197,2
patient19198,4
patient19199,2
patient19200,1
patient19201,1
patient19202,1
patient19203,4
patient19204,2
patient19205,7
patient19206,9
patient19207,1
patient19208,10
patient19209,4
patient19210,10
patient19211,9
patient19212,4
patient19213,1
patient19214,2
patient19215,4
patient19216,2
patient19217,8
patient19218,2
patient19219,12
patient19220,1
patient19221,5
patient19222,2
patient19223,2
patient19224,2
patient19225,2
patient19226,5
patient19227,2
patient19228,1
patient19229,14
patient19230,4
patient19231,16
patient19232,6
patient19233,4
patient19234,8
patient19235,3
patient19236,2
patient19237,2
patient19238,3
patient19239,1
patient19240,2
patient19241,2
patient19242,4
patient19243,2
patient19244,2
patient19245,1
patient19246,2
patient19247,1
patient19248,1
patient19249,1
patient19250,4
patient19251,2
patient19252,1
patient19253,2
patient19254,1
patient19255,3
patient19256,7
patient19257,9
patient19258,1
patient19259,2
patient19260,10
patient19261,2
patient19262,3
patient19263,3
patient19264,8
patient19265,1
patient19266,1
patient19267,1
patient19268,1
patient19269,1
patient19270,1
patient19271,14
patient19272,1
patient19273,1
patient19274,5
patient19275,1
patient19276,2
patient19277,3
patient19278,4
patient19279,2
patient19280,2
patient19281,2
patient19282,3
patient19283,2
patient19284,2
patient19285,2
patient19286,22
patient19287,2
patient19288,2
patient19289,3
patient19290,2
patient19291,1
patient19292,2
patient19293,3
patient19294,2
patient19295,8
patient19296,1
patient19297,4
patient19298,2
patient19299,3
patient19300,3
patient19301,5
patient19302,2
patient19303,2
patient19304,2
patient19305,2
patient19306,2
patient19307,1
patient19308,1
patient19309,2
patient19310,2
patient19311,2
patient19312,1
patient19313,4
patient19314,2
patient19315,2
patient19316,4
patient19317,80
patient19318,2
patient19319,1
patient19320,2
patient19321,2
patient19322,2
patient19323,5
patient19324,5
patient19325,7
patient19326,8
patient19327,6
patient19328,1
patient19329,1
patient19330,2
patient19331,1
patient19332,1
patient19333,1
patient19334,3
patient19335,2
patient19336,8
patient19337,9
patient19338,2
patient19339,4
patient19340,11
patient19341,5
patient19342,1
patient19343,29
patient19344,3
patient19345,8
patient19346,1
patient19347,6
patient19348,6
patient19349,4
patient19350,2
patient19351,2
patient19352,6
patient19353,1
patient19354,2
patient19355,2
patient19356,10
patient19357,1
patient19358,2
patient19359,2
patient19360,8
patient19361,14
patient19362,2
patient19363,1
patient19364,2
patient19365,1
patient19366,1
patient19367,4
patient19368,1
patient19369,7
patient19370,12
patient19371,2
patient19372,4
patient19373,2
patient19374,1
patient19375,1
patient19376,1
patient19377,15
patient19378,9
patient19379,2
patient19380,2
patient19381,8
patient19382,1
patient19383,9
patient19384,2
patient19385,4
patient19386,2
patient19387,2
patient19388,18
patient19389,3
patient19390,1
patient19391,1
patient19392,39
patient19393,1
patient19394,3
patient19395,21
patient19396,9
patient19397,3
patient19398,2
patient19399,6
patient19400,1
patient19401,9
patient19402,3
patient19403,2
patient19404,5
patient19405,3
patient19406,2
patient19407,2
patient19408,1
patient19409,18
patient19410,5
patient19411,18
patient19412,3
patient19413,1
patient19414,2
patient19415,1
patient19416,5
patient19417,21
patient19418,6
patient19419,2
patient19420,1
patient19421,2
patient19422,4
patient19423,1
patient19424,5
patient19425,1
patient19426,3
patient19427,1
patient19428,1
patient19429,2
patient19430,1
patient19431,3
patient19432,3
patient19433,6
patient19434,2
patient19435,1
patient19436,2
patient19437,10
patient19438,4
patient19439,2
patient19440,2
patient19441,1
patient19442,2
patient19443,5
patient19444,4
patient19445,3
patient19446,6
patient19447,2
patient19448,2
patient19449,4
patient19450,2
patient19451,1
patient19452,3
patient19453,2
patient19454,1
patient19455,3
patient19456,3
patient19457,1
patient19458,3
patient19459,2
patient19460,3
patient19461,14
patient19462,8
patient19463,6
patient19464,1
patient19465,2
patient19466,7
patient19467,1
patient19468,8
patient19469,3
patient19470,1
patient19471,2
patient19472,1
patient19473,1
patient19474,2
patient19475,2
patient19476,6
patient19477,5
patient19478,1
patient19479,2
patient19480,2
patient19481,1
patient19482,13
patient19483,7
patient19484,2
patient19485,6
patient19486,2
patient19487,1
patient19488,2
patient19489,25
patient19490,2
patient19491,1
patient19492,8
patient19493,1
patient19494,2
patient19495,1
patient19496,5
patient19497,9
patient19498,7
patient19499,1
patient19500,2
patient19501,2
patient19502,7
patient19503,3
patient19504,2
patient19505,2
patient19506,4
patient19507,5
patient19508,6
patient19509,2
patient19510,3
patient19511,2
patient19512,2
patient19513,2
patient19514,1
patient19515,2
patient19516,5
patient19517,4
patient19518,12
patient19519,5
patient19520,2
patient19521,3
patient19522,2
patient19523,4
patient19524,1
patient19525,2
patient19526,6
patient19527,2
patient19528,2
patient19529,2
patient19530,4
patient19531,3
patient19532,4
patient19533,1
patient19534,1
patient19535,2
patient19536,2
patient19537,2
patient19538,2
patient19539,2
patient19540,2
patient19541,4
patient19542,1
patient19543,1
patient19544,5
patient19545,2
patient19546,2
patient19547,2
patient19548,1
patient19549,3
patient19550,5
patient19551,3
patient19552,9
patient19553,2
patient19554,12
patient19555,2
patient19556,1
patient19557,2
patient19558,2
patient19559,2
patient19560,1
patient19561,4
patient19562,2
patient19563,2
patient19564,1
patient19565,1
patient19566,2
patient19567,2
patient19568,1
patient19569,2
patient19570,3
patient19571,8
patient19572,1
patient19573,1
patient19574,2
patient19575,5
patient19576,2
patient19577,1
patient19578,5
patient19579,1
patient19580,2
patient19581,2
patient19582,4
patient19583,2
patient19584,6
patient19585,11
patient19586,5
patient19587,7
patient19588,9
patient19589,4
patient19590,3
patient19591,6
patient19592,6
patient19593,4
patient19594,2
patient19595,4
patient19596,2
patient19597,5
patient19598,2
patient19599,5
patient19600,2
patient19601,6
patient19602,3
patient19603,4
patient19604,2
patient19605,2
patient19606,1
patient19607,4
patient19608,2
patient19609,1
patient19610,3
patient19611,1
patient19612,5
patient19613,20
patient19614,3
patient19615,1
patient19616,2
patient19617,1
patient19618,1
patient19619,1
patient19620,2
patient19621,1
patient19622,2
patient19623,1
patient19624,5
patient19625,2
patient19626,2
patient19627,2
patient19628,10
patient19629,4
patient19630,1
patient19631,2
patient19632,3
patient19633,3
patient19634,5
patient19635,22
patient19636,2
patient19637,2
patient19638,6
patient19639,6
patient19640,1
patient19641,6
patient19642,2
patient19643,2
patient19644,15
patient19645,1
patient19646,2
patient19647,1
patient19648,3
patient19649,2
patient19650,3
patient19651,2
patient19652,3
patient19653,3
patient19654,2
patient19655,7
patient19656,1
patient19657,2
patient19658,5
patient19659,2
patient19660,6
patient19661,3
patient19662,2
patient19663,2
patient19664,1
patient19665,2
patient19666,2
patient19667,1
patient19668,5
patient19669,2
patient19670,1
patient19671,2
patient19672,4
patient19673,4
patient19674,8
patient19675,15
patient19676,4
patient19677,1
patient19678,1
patient19679,9
patient19680,1
patient19681,2
patient19682,1
patient19683,1
patient19684,1
patient19685,10
patient19686,3
patient19687,3
patient19688,5
patient19689,72
patient19690,2
patient19691,2
patient19692,1
patient19693,2
patient19694,2
patient19695,14
patient19696,2
patient19697,2
patient19698,6
patient19699,2
patient19700,4
patient19701,3
patient19702,14
patient19703,1
patient19704,2
patient19705,1
patient19706,4
patient19707,2
patient19708,4
patient19709,11
patient19710,2
patient19711,3
patient19712,6
patient19713,8
patient19714,9
patient19715,2
patient19716,1
patient19717,37
patient19718,2
patient19719,3
patient19720,4
patient19721,9
patient19722,4
patient19723,1
patient19724,2
patient19725,2
patient19726,4
patient19727,4
patient19728,1
patient19729,2
patient19730,3
patient19731,2
patient19732,3
patient19733,5
patient19734,2
patient19735,3
patient19736,1
patient19737,1
patient19738,1
patient19739,1
patient19740,12
patient19741,3
patient19742,16
patient19743,6
patient19744,2
patient19745,4
patient19746,2
patient19747,2
patient19748,6
patient19749,4
patient19750,2
patient19751,2
patient19752,4
patient19753,1
patient19754,2
patient19755,2
patient19756,2
patient19757,3
patient19758,5
patient19759,3
patient19760,1
patient19761,5
patient19762,1
patient19763,1
patient19764,2
patient19765,3
patient19766,4
patient19767,1
patient19768,1
patient19769,4
patient19770,2
patient19771,4
patient19772,2
patient19773,3
patient19774,2
patient19775,2
patient19776,1
patient19777,5
patient19778,1
patient19779,2
patient19780,1
patient19781,4
patient19782,16
patient19783,3
patient19784,2
patient19785,1
patient19786,2
patient19787,15
patient19788,2
patient19789,4
patient19790,1
patient19791,5
patient19792,1
patient19793,1
patient19794,2
patient19795,4
patient19796,2
patient19797,6
patient19798,2
patient19799,4
patient19800,1
patient19801,1
patient19802,3
patient19803,1
patient19804,4
patient19805,7
patient19806,2
patient19807,1
patient19808,10
patient19809,3
patient19810,8
patient19811,4
patient19812,3
patient19813,1
patient19814,1
patient19815,11
patient19816,2
patient19817,2
patient19818,2
patient19819,2
patient19820,4
patient19821,2
patient19822,4
patient19823,2
patient19824,1
patient19825,5
patient19826,2
patient19827,1
patient19828,1
patient19829,2
patient19830,3
patient19831,1
patient19832,4
patient19833,2
patient19834,2
patient19835,2
patient19836,2
patient19837,1
patient19838,3
patient19839,1
patient19840,2
patient19841,2
patient19842,1
patient19843,2
patient19844,2
patient19845,3
patient19846,20
patient19847,2
patient19848,2
patient19849,3
patient19850,2
patient19851,3
patient19852,2
patient19853,8
patient19854,2
patient19855,1
patient19856,3
patient19857,1
patient19858,2
patient19859,1
patient19860,4
patient19861,2
patient19862,2
patient19863,4
patient19864,1
patient19865,2
patient19866,1
patient19867,1
patient19868,2
patient19869,7
patient19870,6
patient19871,1
patient19872,5
patient19873,1
patient19874,1
patient19875,2
patient19876,1
patient19877,2
patient19878,10
patient19879,4
patient19880,1
patient19881,1
patient19882,2
patient19883,1
patient19884,1
patient19885,3
patient19886,3
patient19887,2
patient19888,3
patient19889,1
patient19890,1
patient19891,5
patient19892,2
patient19893,2
patient19894,8
patient19895,2
patient19896,3
patient19897,2
patient19898,1
patient19899,2
patient19900,1
patient19901,1
patient19902,3
patient19903,8
patient19904,2
patient19905,2
patient19906,2
patient19907,1
patient19908,7
patient19909,4
patient19910,2
patient19911,13
patient19912,1
patient19913,2
patient19914,2
patient19915,2
patient19916,2
patient19917,5
patient19918,1
patient19919,2
patient19920,2
patient19921,3
patient19922,3
patient19923,2
patient19924,13
patient19925,2
patient19926,2
patient19927,3
patient19928,2
patient19929,6
patient19930,3
patient19931,1
patient19932,6
patient19933,25
patient19934,3
patient19935,1
patient19936,3
patient19937,2
patient19938,2
patient19939,1
patient19940,3
patient19941,2
patient19942,1
patient19943,5
patient19944,2
patient19945,1
patient19946,2
patient19947,1
patient19948,4
patient19949,2
patient19950,2
patient19951,1
patient19952,2
patient19953,4
patient19954,6
patient19955,2
patient19956,1
patient19957,2
patient19958,1
patient19959,12
patient19960,7
patient19961,48
patient19962,1
patient19963,5
patient19964,2
patient19965,10
patient19966,2
patient19967,1
patient19968,36
patient19969,2
patient19970,2
patient19971,8
patient19972,3
patient19973,1
patient19974,4
patient19975,1
patient19976,1
patient19977,6
patient19978,2
patient19979,2
patient19980,1
patient19981,1
patient19982,1
patient19983,12
patient19984,1
patient19985,1
patient19986,7
patient19987,4
patient19988,5
patient19989,1
patient19990,15
patient19991,9
patient19992,2
patient19993,4
patient19994,4
patient19995,2
patient19996,10
patient19997,22
patient19998,1
patient19999,1
patient20000,2
patient20001,1
patient20002,2
patient20003,1
patient20004,4
patient20005,2
patient20006,1
patient20007,1
patient20008,6
patient20009,5
patient20010,3
patient20011,7
patient20012,2
patient20013,4
patient20014,10
patient20015,1
patient20016,2
patient20017,1
patient20018,1
patient20019,31
patient20020,2
patient20021,20
patient20022,2
patient20023,4
patient20024,2
patient20025,2
patient20026,2
patient20027,5
patient20028,23
patient20029,1
patient20030,2
patient20031,3
patient20032,5
patient20033,7
patient20034,1
patient20035,6
patient20036,7
patient20037,17
patient20038,26
patient20039,2
patient20040,1
patient20041,1
patient20042,9
patient20043,2
patient20044,5
patient20045,4
patient20046,21
patient20047,9
patient20048,6
patient20049,6
patient20050,1
patient20051,2
patient20052,1
patient20053,2
patient20054,4
patient20055,1
patient20056,2
patient20057,1
patient20058,14
patient20059,1
patient20060,2
patient20061,3
patient20062,1
patient20063,1
patient20064,1
patient20065,1
patient20066,2
patient20067,2
patient20068,6
patient20069,2
patient20070,2
patient20071,2
patient20072,2
patient20073,2
patient20074,2
patient20075,2
patient20076,2
patient20077,9
patient20078,7
patient20079,2
patient20080,1
patient20081,2
patient20082,2
patient20083,2
patient20084,3
patient20085,9
patient20086,2
patient20087,3
patient20088,3
patient20089,2
patient20090,1
patient20091,1
patient20092,8
patient20093,2
patient20094,4
patient20095,3
patient20096,1
patient20097,3
patient20098,1
patient20099,1
patient20100,4
patient20101,2
patient20102,9
patient20103,11
patient20104,1
patient20105,2
patient20106,3
patient20107,4
patient20108,1
patient20109,1
patient20110,2
patient20111,1
patient20112,2
patient20113,3
patient20114,2
patient20115,2
patient20116,2
patient20117,2
patient20118,12
patient20119,1
patient20120,2
patient20121,2
patient20122,3
patient20123,3
patient20124,2
patient20125,2
patient20126,1
patient20127,2
patient20128,6
patient20129,2
patient20130,6
patient20131,5
patient20132,3
patient20133,2
patient20134,2
patient20135,1
patient20136,1
patient20137,2
patient20138,6
patient20139,1
patient20140,1
patient20141,4
patient20142,2
patient20143,1
patient20144,14
patient20145,2
patient20146,2
patient20147,1
patient20148,5
patient20149,1
patient20150,1
patient20151,2
patient20152,1
patient20153,2
patient20154,3
patient20155,22
patient20156,4
patient20157,18
patient20158,2
patient20159,1
patient20160,10
patient20161,3
patient20162,10
patient20163,3
patient20164,1
patient20165,10
patient20166,3
patient20167,4
patient20168,9
patient20169,2
patient20170,2
patient20171,8
patient20172,1
patient20173,33
patient20174,2
patient20175,5
patient20176,22
patient20177,3
patient20178,25
patient20179,2
patient20180,2
patient20181,2
patient20182,2
patient20183,15
patient20184,2
patient20185,3
patient20186,6
patient20187,1
patient20188,9
patient20189,1
patient20190,2
patient20191,10
patient20192,2
patient20193,5
patient20194,3
patient20195,1
patient20196,1
patient20197,2
patient20198,59
patient20199,5
patient20200,17
patient20201,2
patient20202,12
patient20203,17
patient20204,3
patient20205,1
patient20206,1
patient20207,3
patient20208,2
patient20209,2
patient20210,4
patient20211,9
patient20212,10
patient20213,11
patient20214,1
patient20215,2
patient20216,2
patient20217,1
patient20218,2
patient20219,4
patient20220,3
patient20221,2
patient20222,31
patient20223,1
patient20224,5
patient20225,6
patient20226,4
patient20227,9
patient20228,2
patient20229,1
patient20230,8
patient20231,2
patient20232,2
patient20233,4
patient20234,1
patient20235,1
patient20236,2
patient20237,1
patient20238,2
patient20239,2
patient20240,3
patient20241,6
patient20242,2
patient20243,2
patient20244,2
patient20245,2
patient20246,3
patient20247,6
patient20248,1
patient20249,2
patient20250,10
patient20251,2
patient20252,2
patient20253,11
patient20254,1
patient20255,8
patient20256,1
patient20257,10
patient20258,10
patient20259,2
patient20260,3
patient20261,1
patient20262,15
patient20263,1
patient20264,1
patient20265,4
patient20266,19
patient20267,2
patient20268,1
patient20269,4
patient20270,1
patient20271,5
patient20272,24
patient20273,4
patient20274,4
patient20275,3
patient20276,2
patient20277,2
patient20278,2
patient20279,3
patient20280,7
patient20281,2
patient20282,3
patient20283,2
patient20284,2
patient20285,3
patient20286,2
patient20287,2
patient20288,2
patient20289,1
patient20290,3
patient20291,2
patient20292,5
patient20293,3
patient20294,5
patient20295,14
patient20296,15
patient20297,2
patient20298,2
patient20299,1
patient20300,9
patient20301,3
patient20302,2
patient20303,2
patient20304,2
patient20305,2
patient20306,2
patient20307,1
patient20308,12
patient20309,2
patient20310,2
patient20311,1
patient20312,5
patient20313,7
patient20314,5
patient20315,2
patient20316,1
patient20317,7
patient20318,2
patient20319,29
patient20320,4
patient20321,10
patient20322,3
patient20323,1
patient20324,11
patient20325,16
patient20326,2
patient20327,2
patient20328,3
patient20329,1
patient20330,2
patient20331,2
patient20332,2
patient20333,16
patient20334,3
patient20335,1
patient20336,2
patient20337,7
patient20338,2
patient20339,18
patient20340,1
patient20341,1
patient20342,1
patient20343,3
patient20344,13
patient20345,1
patient20346,17
patient20347,7
patient20348,1
patient20349,5
patient20350,4
patient20351,2
patient20352,1
patient20353,2
patient20354,1
patient20355,1
patient20356,3
patient20357,2
patient20358,1
patient20359,6
patient20360,9
patient20361,10
patient20362,2
patient20363,2
patient20364,3
patient20365,1
patient20366,1
patient20367,1
patient20368,3
patient20369,10
patient20370,14
patient20371,1
patient20372,36
patient20373,5
patient20374,3
patient20375,2
patient20376,3
patient20377,2
patient20378,3
patient20379,2
patient20380,1
patient20381,1
patient20382,1
patient20383,10
patient20384,8
patient20385,12
patient20386,1
patient20387,1
patient20388,2
patient20389,4
patient20390,1
patient20391,2
patient20392,2
patient20393,1
patient20394,6
patient20395,2
patient20396,2
patient20397,8
patient20398,1
patient20399,2
patient20400,12
patient20401,5
patient20402,2
patient20403,2
patient20404,2
patient20405,3
patient20406,1
patient20407,2
patient20408,9
patient20409,10
patient20410,11
patient20411,4
patient20412,2
patient20413,1
patient20414,1
patient20415,1
patient20416,1
patient20417,4
patient20418,3
patient20419,3
patient20420,6
patient20421,7
patient20422,13
patient20423,2
patient20424,2
patient20425,2
patient20426,6
patient20427,2
patient20428,7
patient20429,3
patient20430,1
patient20431,3
patient20432,2
patient20433,2
patient20434,2
patient20435,13
patient20436,2
patient20437,2
patient20438,4
patient20439,2
patient20440,2
patient20441,2
patient20442,8
patient20443,1
patient20444,7
patient20445,22
patient20446,8
patient20447,4
patient20448,10
patient20449,1
patient20450,2
patient20451,2
patient20452,2
patient20453,3
patient20454,7
patient20455,3
patient20456,2
patient20457,1
patient20458,2
patient20459,1
patient20460,2
patient20461,2
patient20462,2
patient20463,5
patient20464,5
patient20465,6
patient20466,1
patient20467,2
patient20468,2
patient20469,26
patient20470,6
patient20471,6
patient20472,19
patient20473,1
patient20474,7
patient20475,1
patient20476,1
patient20477,17
patient20478,1
patient20479,75
patient20480,4
patient20481,11
patient20482,13
patient20483,1
patient20484,4
patient20485,9
patient20486,2
patient20487,6
patient20488,3
patient20489,2
patient20490,2
patient20491,1
patient20492,2
patient20493,2
patient20494,8
patient20495,2
patient20496,2
patient20497,23
patient20498,1
patient20499,2
patient20500,4
patient20501,1
patient20502,2
patient20503,2
patient20504,6
patient20505,7
patient20506,10
patient20507,5
patient20508,16
patient20509,2
patient20510,12
patient20511,1
patient20512,6
patient20513,5
patient20514,3
patient20515,2
patient20516,8
patient20517,1
patient20518,17
patient20519,1
patient20520,2
patient20521,11
patient20522,7
patient20523,4
patient20524,3
patient20525,2
patient20526,2
patient20527,1
patient20528,3
patient20529,25
patient20530,3
patient20531,2
patient20532,4
patient20533,2
patient20534,1
patient20535,2
patient20536,1
patient20537,2
patient20538,2
patient20539,3
patient20540,1
patient20541,2
patient20542,1
patient20543,2
patient20544,2
patient20545,2
patient20546,9
patient20547,1
patient20548,1
patient20549,12
patient20550,1
patient20551,2
patient20552,3
patient20553,16
patient20554,2
patient20555,1
patient20556,60
patient20557,2
patient20558,2
patient20559,1
patient20560,7
patient20561,3
patient20562,1
patient20563,4
patient20564,3
patient20565,12
patient20566,3
patient20567,2
patient20568,2
patient20569,12
patient20570,15
patient20571,10
patient20572,3
patient20573,2
patient20574,3
patient20575,6
patient20576,2
patient20577,2
patient20578,2
patient20579,3
patient20580,2
patient20581,6
patient20582,2
patient20583,7
patient20584,1
patient20585,1
patient20586,2
patient20587,2
patient20588,2
patient20589,1
patient20590,2
patient20591,2
patient20592,22
patient20593,3
patient20594,2
patient20595,4
patient20596,2
patient20597,2
patient20598,3
patient20599,2
patient20600,4
patient20601,2
patient20602,4
patient20603,2
patient20604,1
patient20605,4
patient20606,4
patient20607,2
patient20608,5
patient20609,2
patient20610,3
patient20611,4
patient20612,1
patient20613,3
patient20614,2
patient20615,1
patient20616,1
patient20617,6
patient20618,4
patient20619,11
patient20620,5
patient20621,2
patient20622,19
patient20623,1
patient20624,4
patient20625,2
patient20626,1
patient20627,5
patient20628,2
patient20629,4
patient20630,5
patient20631,3
patient20632,3
patient20633,3
patient20634,3
patient20635,3
patient20636,2
patient20637,2
patient20638,1
patient20639,2
patient20640,1
patient20641,4
patient20642,2
patient20643,10
patient20644,1
patient20645,4
patient20646,2
patient20647,2
patient20648,1
patient20649,2
patient20650,5
patient20651,4
patient20652,2
patient20653,6
patient20654,2
patient20655,3
patient20656,2
patient20657,1
patient20658,2
patient20659,2
patient20660,4
patient20661,3
patient20662,1
patient20663,2
patient20664,2
patient20665,2
patient20666,3
patient20667,5
patient20668,4
patient20669,2
patient20670,2
patient20671,4
patient20672,2
patient20673,4
patient20674,2
patient20675,1
patient20676,2
patient20677,2
patient20678,3
patient20679,6
patient20680,1
patient20681,12
patient20682,1
patient20683,5
patient20684,1
patient20685,2
patient20686,4
patient20687,2
patient20688,4
patient20689,2
patient20690,4
patient20691,2
patient20692,4
patient20693,4
patient20694,2
patient20695,7
patient20696,4
patient20697,3
patient20698,6
patient20699,4
patient20700,3
patient20701,10
patient20702,4
patient20703,2
patient20704,2
patient20705,3
patient20706,5
patient20707,11
patient20708,2
patient20709,3
patient20710,1
patient20711,2
patient20712,8
patient20713,3
patient20714,2
patient20715,1
patient20716,3
patient20717,1
patient20718,2
patient20719,1
patient20720,5
patient20721,4
patient20722,2
patient20723,2
patient20724,1
patient20725,3
patient20726,6
patient20727,15
patient20728,2
patient20729,1
patient20730,1
patient20731,8
patient20732,2
patient20733,8
patient20734,2
patient20735,3
patient20736,9
patient20737,12
patient20738,35
patient20739,3
patient20740,1
patient20741,2
patient20742,4
patient20743,1
patient20744,3
patient20745,8
patient20746,4
patient20747,1
patient20748,2
patient20749,1
patient20750,2
patient20751,1
patient20752,6
patient20753,3
patient20754,4
patient20755,4
patient20756,1
patient20757,3
patient20758,4
patient20759,2
patient20760,9
patient20761,1
patient20762,18
patient20763,1
patient20764,18
patient20765,2
patient20766,6
patient20767,4
patient20768,2
patient20769,1
patient20770,2
patient20771,2
patient20772,1
patient20773,14
patient20774,2
patient20775,10
patient20776,2
patient20777,1
patient20778,2
patient20779,2
patient20780,1
patient20781,8
patient20782,2
patient20783,1
patient20784,4
patient20785,6
patient20786,16
patient20787,3
patient20788,2
patient20789,11
patient20790,5
patient20791,3
patient20792,4
patient20793,2
patient20794,5
patient20795,2
patient20796,5
patient20797,1
patient20798,2
patient20799,13
patient20800,1
patient20801,4
patient20802,5
patient20803,2
patient20804,1
patient20805,1
patient20806,1
patient20807,2
patient20808,3
patient20809,4
patient20810,2
patient20811,3
patient20812,1
patient20813,1
patient20814,4
patient20815,3
patient20816,3
patient20817,2
patient20818,1
patient20819,6
patient20820,1
patient20821,2
patient20822,1
patient20823,6
patient20824,2
patient20825,2
patient20826,3
patient20827,1
patient20828,4
patient20829,7
patient20830,8
patient20831,2
patient20832,2
patient20833,1
patient20834,2
patient20835,10
patient20836,7
patient20837,1
patient20838,1
patient20839,12
patient20840,1
patient20841,1
patient20842,2
patient20843,16
patient20844,4
patient20845,2
patient20846,4
patient20847,1
patient20848,7
patient20849,7
patient20850,3
patient20851,3
patient20852,2
patient20853,2
patient20854,2
patient20855,5
patient20856,1
patient20857,7
patient20858,1
patient20859,2
patient20860,2
patient20861,4
patient20862,2
patient20863,3
patient20864,2
patient20865,3
patient20866,1
patient20867,4
patient20868,2
patient20869,2
patient20870,1
patient20871,1
patient20872,1
patient20873,2
patient20874,1
patient20875,1
patient20876,4
patient20877,2
patient20878,2
patient20879,2
patient20880,6
patient20881,2
patient20882,3
patient20883,3
patient20884,12
patient20885,1
patient20886,4
patient20887,2
patient20888,5
patient20889,4
patient20890,3
patient20891,1
patient20892,12
patient20893,1
patient20894,5
patient20895,2
patient20896,2
patient20897,4
patient20898,1
patient20899,4
patient20900,1
patient20901,2
patient20902,1
patient20903,1
patient20904,1
patient20905,1
patient20906,5
patient20907,2
patient20908,2
patient20909,1
patient20910,3
patient20911,2
patient20912,6
patient20913,4
patient20914,4
patient20915,3
patient20916,2
patient20917,34
patient20918,2
patient20919,1
patient20920,2
patient20921,6
patient20922,3
patient20923,5
patient20924,2
patient20925,2
patient20926,4
patient20927,34
patient20928,4
patient20929,2
patient20930,3
patient20931,3
patient20932,2
patient20933,1
patient20934,8
patient20935,6
patient20936,5
patient20937,4
patient20938,7
patient20939,5
patient20940,3
patient20941,4
patient20942,2
patient20943,2
patient20944,1
patient20945,1
patient20946,2
patient20947,2
patient20948,3
patient20949,1
patient20950,1
patient20951,3
patient20952,6
patient20953,8
patient20954,5
patient20955,2
patient20956,2
patient20957,1
patient20958,21
patient20959,12
patient20960,2
patient20961,8
patient20962,2
patient20963,8
patient20964,5
patient20965,2
patient20966,1
patient20967,8
patient20968,18
patient20969,2
patient20970,1
patient20971,2
patient20972,1
patient20973,2
patient20974,1
patient20975,2
patient20976,3
patient20977,1
patient20978,16
patient20979,3
patient20980,2
patient20981,1
patient20982,1
patient20983,5
patient20984,1
patient20985,1
patient20986,2
patient20987,2
patient20988,9
patient20989,2
patient20990,5
patient20991,5
patient20992,6
patient20993,3
patient20994,2
patient20995,6
patient20996,2
patient20997,1
patient20998,6
patient20999,3
patient21000,2
patient21001,12
patient21002,2
patient21003,12
patient21004,2
patient21005,1
patient21006,2
patient21007,3
patient21008,2
patient21009,7
patient21010,2
patient21011,12
patient21012,6
patient21013,2
patient21014,10
patient21015,7
patient21016,2
patient21017,1
patient21018,11
patient21019,6
patient21020,1
patient21021,2
patient21022,14
patient21023,9
patient21024,2
patient21025,2
patient21026,4
patient21027,4
patient21028,1
patient21029,2
patient21030,3
patient21031,12
patient21032,10
patient21033,1
patient21034,1
patient21035,2
patient21036,4
patient21037,2
patient21038,1
patient21039,2
patient21040,6
patient21041,9
patient21042,11
patient21043,10
patient21044,2
patient21045,3
patient21046,1
patient21047,3
patient21048,2
patient21049,3
patient21050,2
patient21051,4
patient21052,1
patient21053,13
patient21054,3
patient21055,1
patient21056,4
patient21057,1
patient21058,2
patient21059,17
patient21060,1
patient21061,1
patient21062,2
patient21063,2
patient21064,1
patient21065,12
patient21066,2
patient21067,3
patient21068,7
patient21069,8
patient21070,2
patient21071,3
patient21072,1
patient21073,5
patient21074,20
patient21075,8
patient21076,2
patient21077,21
patient21078,5
patient21079,2
patient21080,4
patient21081,1
patient21082,7
patient21083,1
patient21084,2
patient21085,2
patient21086,1
patient21087,1
patient21088,42
patient21089,2
patient21090,4
patient21091,19
patient21092,2
patient21093,2
patient21094,5
patient21095,2
patient21096,6
patient21097,1
patient21098,2
patient21099,3
patient21100,3
patient21101,4
patient21102,29
patient21103,8
patient21104,2
patient21105,1
patient21106,3
patient21107,2
patient21108,2
patient21109,1
patient21110,2
patient21111,1
patient21112,2
patient21113,1
patient21114,1
patient21115,2
patient21116,5
patient21117,3
patient21118,1
patient21119,3
patient21120,1
patient21121,1
patient21122,2
patient21123,5
patient21124,2
patient21125,4
patient21126,4
patient21127,1
patient21128,3
patient21129,2
patient21130,2
patient21131,5
patient21132,1
patient21133,2
patient21134,2
patient21135,3
patient21136,1
patient21137,1
patient21138,1
patient21139,1
patient21140,18
patient21141,1
patient21142,2
patient21143,4
patient21144,2
patient21145,2
patient21146,3
patient21147,5
patient21148,1
patient21149,1
patient21150,4
patient21151,1
patient21152,1
patient21153,2
patient21154,1
patient21155,8
patient21156,5
patient21157,1
patient21158,4
patient21159,3
patient21160,1
patient21161,2
patient21162,2
patient21163,2
patient21164,3
patient21165,2
patient21166,3
patient21167,3
patient21168,6
patient21169,2
patient21170,1
patient21171,1
patient21172,38
patient21173,1
patient21174,25
patient21175,4
patient21176,1
patient21177,2
patient21178,1
patient21179,1
patient21180,6
patient21181,16
patient21182,3
patient21183,3
patient21184,3
patient21185,2
patient21186,2
patient21187,3
patient21188,2
patient21189,1
patient21190,1
patient21191,36
patient21192,2
patient21193,1
patient21194,1
patient21195,10
patient21196,14
patient21197,2
patient21198,8
patient21199,2
patient21200,2
patient21201,2
patient21202,1
patient21203,5
patient21204,1
patient21205,2
patient21206,2
patient21207,3
patient21208,2
patient21209,1
patient21210,11
patient21211,5
patient21212,2
patient21213,5
patient21214,1
patient21215,4
patient21216,15
patient21217,2
patient21218,3
patient21219,4
patient21220,3
patient21221,3
patient21222,3
patient21223,3
patient21224,3
patient21225,3
patient21226,8
patient21227,2
patient21228,2
patient21229,9
patient21230,3
patient21231,2
patient21232,1
patient21233,5
patient21234,3
patient21235,6
patient21236,1
patient21237,3
patient21238,5
patient21239,1
patient21240,23
patient21241,24
patient21242,1
patient21243,1
patient21244,2
patient21245,2
patient21246,1
patient21247,2
patient21248,1
patient21249,1
patient21250,4
patient21251,18
patient21252,4
patient21253,1
patient21254,4
patient21255,4
patient21256,3
patient21257,11
patient21258,1
patient21259,1
patient21260,7
patient21261,3
patient21262,2
patient21263,2
patient21264,4
patient21265,2
patient21266,1
patient21267,1
patient21268,2
patient21269,3
patient21270,3
patient21271,2
patient21272,3
patient21273,2
patient21274,6
patient21275,2
patient21276,2
patient21277,1
patient21278,2
patient21279,1
patient21280,2
patient21281,1
patient21282,2
patient21283,2
patient21284,14
patient21285,2
patient21286,2
patient21287,2
patient21288,4
patient21289,2
patient21290,7
patient21291,6
patient21292,4
patient21293,6
patient21294,2
patient21295,1
patient21296,1
patient21297,1
patient21298,2
patient21299,2
patient21300,1
patient21301,1
patient21302,14
patient21303,1
patient21304,2
patient21305,2
patient21306,4
patient21307,5
patient21308,2
patient21309,5
patient21310,2
patient21311,2
patient21312,2
patient21313,1
patient21314,2
patient21315,2
patient21316,3
patient21317,4
patient21318,2
patient21319,2
patient21320,3
patient21321,2
patient21322,3
patient21323,7
patient21324,15
patient21325,6
patient21326,2
patient21327,5
patient21328,2
patient21329,3
patient21330,2
patient21331,3
patient21332,8
patient21333,3
patient21334,4
patient21335,2
patient21336,10
patient21337,3
patient21338,13
patient21339,2
patient21340,2
patient21341,2
patient21342,9
patient21343,6
patient21344,20
patient21345,10
patient21346,4
patient21347,4
patient21348,2
patient21349,1
patient21350,2
patient21351,7
patient21352,2
patient21353,4
patient21354,2
patient21355,1
patient21356,1
patient21357,1
patient21358,5
patient21359,1
patient21360,2
patient21361,2
patient21362,9
patient21363,2
patient21364,6
patient21365,1
patient21366,2
patient21367,2
patient21368,1
patient21369,1
patient21370,1
patient21371,3
patient21372,4
patient21373,16
patient21374,1
patient21375,3
patient21376,5
patient21377,5
patient21378,4
patient21379,2
patient21380,1
patient21381,3
patient21382,1
patient21383,2
patient21384,1
patient21385,5
patient21386,1
patient21387,2
patient21388,2
patient21389,2
patient21390,1
patient21391,16
patient21392,6
patient21393,2
patient21394,2
patient21395,1
patient21396,2
patient21397,2
patient21398,2
patient21399,2
patient21400,14
patient21401,2
patient21402,5
patient21403,2
patient21404,1
patient21405,16
patient21406,19
patient21407,2
patient21408,2
patient21409,1
patient21410,1
patient21411,1
patient21412,7
patient21413,1
patient21414,13
patient21415,2
patient21416,2
patient21417,1
patient21418,5
patient21419,4
patient21420,1
patient21421,1
patient21422,4
patient21423,1
patient21424,1
patient21425,2
patient21426,2
patient21427,4
patient21428,2
patient21429,6
patient21430,1
patient21431,4
patient21432,1
patient21433,2
patient21434,2
patient21435,5
patient21436,3
patient21437,6
patient21438,3
patient21439,1
patient21440,6
patient21441,3
patient21442,2
patient21443,5
patient21444,6
patient21445,5
patient21446,3
patient21447,2
patient21448,4
patient21449,9
patient21450,2
patient21451,3
patient21452,2
patient21453,1
patient21454,1
patient21455,1
patient21456,5
patient21457,2
patient21458,5
patient21459,2
patient21460,2
patient21461,5
patient21462,1
patient21463,9
patient21464,2
patient21465,4
patient21466,2
patient21467,12
patient21468,5
patient21469,1
patient21470,2
patient21471,11
patient21472,2
patient21473,3
patient21474,1
patient21475,1
patient21476,3
patient21477,2
patient21478,1
patient21479,1
patient21480,3
patient21481,8
patient21482,2
patient21483,2
patient21484,1
patient21485,2
patient21486,3
patient21487,2
patient21488,3
patient21489,1
patient21490,6
patient21491,2
patient21492,2
patient21493,2
patient21494,1
patient21495,14
patient21496,6
patient21497,6
patient21498,1
patient21499,2
patient21500,2
patient21501,1
patient21502,2
patient21503,5
patient21504,7
patient21505,2
patient21506,2
patient21507,3
patient21508,10
patient21509,2
patient21510,3
patient21511,1
patient21512,1
patient21513,2
patient21514,2
patient21515,2
patient21516,3
patient21517,2
patient21518,1
patient21519,2
patient21520,4
patient21521,3
patient21522,4
patient21523,1
patient21524,2
patient21525,2
patient21526,1
patient21527,1
patient21528,2
patient21529,34
patient21530,1
patient21531,2
patient21532,3
patient21533,2
patient21534,5
patient21535,2
patient21536,2
patient21537,6
patient21538,3
patient21539,4
patient21540,1
patient21541,1
patient21542,1
patient21543,5
patient21544,1
patient21545,5
patient21546,1
patient21547,4
patient21548,2
patient21549,3
patient21550,1
patient21551,3
patient21552,2
patient21553,2
patient21554,1
patient21555,2
patient21556,1
patient21557,13
patient21558,2
patient21559,10
patient21560,3
patient21561,14
patient21562,4
patient21563,2
patient21564,15
patient21565,29
patient21566,2
patient21567,2
patient21568,3
patient21569,2
patient21570,1
patient21571,2
patient21572,1
patient21573,2
patient21574,7
patient21575,4
patient21576,2
patient21577,4
patient21578,1
patient21579,2
patient21580,2
patient21581,7
patient21582,2
patient21583,2
patient21584,2
patient21585,33
patient21586,3
patient21587,2
patient21588,10
patient21589,13
patient21590,2
patient21591,2
patient21592,1
patient21593,15
patient21594,2
patient21595,5
patient21596,2
patient21597,13
patient21598,8
patient21599,4
patient21600,1
patient21601,4
patient21602,2
patient21603,2
patient21604,3
patient21605,3
patient21606,2
patient21607,2
patient21608,2
patient21609,1
patient21610,5
patient21611,1
patient21612,2
patient21613,2
patient21614,4
patient21615,2
patient21616,2
patient21617,2
patient21618,2
patient21619,9
patient21620,2
patient21621,7
patient21622,60
patient21623,4
patient21624,14
patient21625,5
patient21626,4
patient21627,1
patient21628,1
patient21629,2
patient21630,1
patient21631,30
patient21632,4
patient21633,8
patient21634,4
patient21635,2
patient21636,2
patient21637,12
patient21638,2
patient21639,5
patient21640,2
patient21641,2
patient21642,2
patient21643,4
patient21644,6
patient21645,12
patient21646,1
patient21647,2
patient21648,2
patient21649,3
patient21650,2
patient21651,2
patient21652,1
patient21653,13
patient21654,1
patient21655,1
patient21656,4
patient21657,2
patient21658,4
patient21659,1
patient21660,1
patient21661,2
patient21662,4
patient21663,2
patient21664,2
patient21665,9
patient21666,2
patient21667,9
patient21668,3
patient21669,6
patient21670,1
patient21671,1
patient21672,4
patient21673,2
patient21674,8
patient21675,6
patient21676,3
patient21677,1
patient21678,2
patient21679,5
patient21680,1
patient21681,9
patient21682,9
patient21683,2
patient21684,10
patient21685,1
patient21686,8
patient21687,2
patient21688,8
patient21689,2
patient21690,11
patient21691,8
patient21692,5
patient21693,1
patient21694,3
patient21695,3
patient21696,1
patient21697,4
patient21698,2
patient21699,1
patient21700,1
patient21701,6
patient21702,1
patient21703,36
patient21704,2
patient21705,1
patient21706,1
patient21707,4
patient21708,1
patient21709,2
patient21710,1
patient21711,3
patient21712,2
patient21713,2
patient21714,17
patient21715,2
patient21716,2
patient21717,1
patient21718,2
patient21719,4
patient21720,2
patient21721,1
patient21722,1
patient21723,2
patient21724,2
patient21725,2
patient21726,1
patient21727,2
patient21728,5
patient21729,2
patient21730,1
patient21731,1
patient21732,2
patient21733,4
patient21734,2
patient21735,2
patient21736,2
patient21737,2
patient21738,1
patient21739,1
patient21740,2
patient21741,1
patient21742,1
patient21743,10
patient21744,43
patient21745,4
patient21746,2
patient21747,2
patient21748,1
patient21749,1
patient21750,2
patient21751,2
patient21752,1
patient21753,1
patient21754,1
patient21755,3
patient21756,1
patient21757,2
patient21758,6
patient21759,10
patient21760,3
patient21761,2
patient21762,2
patient21763,4
patient21764,25
patient21765,1
patient21766,4
patient21767,2
patient21768,15
patient21769,31
patient21770,1
patient21771,1
patient21772,2
patient21773,2
patient21774,2
patient21775,19
patient21776,2
patient21777,4
patient21778,6
patient21779,6
patient21780,3
patient21781,1
patient21782,1
patient21783,1
patient21784,2
patient21785,2
patient21786,2
patient21787,15
patient21788,5
patient21789,19
patient21790,1
patient21791,1
patient21792,9
patient21793,2
patient21794,4
patient21795,4
patient21796,2
patient21797,2
patient21798,2
patient21799,4
patient21800,2
patient21801,2
patient21802,3
patient21803,2
patient21804,2
patient21805,2
patient21806,6
patient21807,1
patient21808,8
patient21809,8
patient21810,3
patient21811,2
patient21812,1
patient21813,37
patient21814,28
patient21815,4
patient21816,7
patient21817,6
patient21818,11
patient21819,2
patient21820,8
patient21821,4
patient21822,1
patient21823,7
patient21824,5
patient21825,3
patient21826,2
patient21827,2
patient21828,6
patient21829,1
patient21830,16
patient21831,9
patient21832,19
patient21833,2
patient21834,1
patient21835,3
patient21836,2
patient21837,3
patient21838,2
patient21839,4
patient21840,1
patient21841,4
patient21842,2
patient21843,23
patient21844,3
patient21845,19
patient21846,2
patient21847,4
patient21848,1
patient21849,2
patient21850,3
patient21851,3
patient21852,2
patient21853,2
patient21854,6
patient21855,5
patient21856,4
patient21857,7
patient21858,28
patient21859,2
patient21860,1
patient21861,1
patient21862,1
patient21863,2
patient21864,2
patient21865,1
patient21866,1
patient21867,3
patient21868,4
patient21869,1
patient21870,6
patient21871,1
patient21872,2
patient21873,4
patient21874,5
patient21875,2
patient21876,6
patient21877,4
patient21878,5
patient21879,2
patient21880,39
patient21881,8
patient21882,2
patient21883,7
patient21884,8
patient21885,4
patient21886,2
patient21887,5
patient21888,2
patient21889,3
patient21890,5
patient21891,2
patient21892,2
patient21893,9
patient21894,1
patient21895,3
patient21896,3
patient21897,2
patient21898,10
patient21899,16
patient21900,18
patient21901,13
patient21902,3
patient21903,1
patient21904,6
patient21905,4
patient21906,3
patient21907,3
patient21908,6
patient21909,4
patient21910,22
patient21911,2
patient21912,13
patient21913,2
patient21914,2
patient21915,3
patient21916,5
patient21917,2
patient21918,3
patient21919,3
patient21920,2
patient21921,4
patient21922,5
patient21923,7
patient21924,11
patient21925,3
patient21926,6
patient21927,2
patient21928,1
patient21929,1
patient21930,4
patient21931,1
patient21932,2
patient21933,6
patient21934,2
patient21935,3
patient21936,3
patient21937,1
patient21938,2
patient21939,1
patient21940,2
patient21941,1
patient21942,5
patient21943,3
patient21944,1
patient21945,1
patient21946,2
patient21947,3
patient21948,2
patient21949,1
patient21950,2
patient21951,1
patient21952,1
patient21953,1
patient21954,5
patient21955,3
patient21956,4
patient21957,2
patient21958,2
patient21959,7
patient21960,6
patient21961,3
patient21962,4
patient21963,1
patient21964,1
patient21965,2
patient21966,7
patient21967,1
patient21968,1
patient21969,4
patient21970,10
patient21971,2
patient21972,4
patient21973,5
patient21974,1
patient21975,6
patient21976,2
patient21977,6
patient21978,3
patient21979,2
patient21980,4
patient21981,3
patient21982,8
patient21983,9
patient21984,3
patient21985,2
patient21986,2
patient21987,2
patient21988,6
patient21989,4
patient21990,5
patient21991,1
patient21992,15
patient21993,16
patient21994,2
patient21995,3
patient21996,1
patient21997,2
patient21998,1
patient21999,2
patient22000,1
patient22001,3
patient22002,2
patient22003,2
patient22004,4
patient22005,1
patient22006,5
patient22007,3
patient22008,2
patient22009,6
patient22010,6
patient22011,2
patient22012,1
patient22013,2
patient22014,2
patient22015,5
patient22016,1
patient22017,2
patient22018,4
patient22019,3
patient22020,3
patient22021,1
patient22022,2
patient22023,2
patient22024,2
patient22025,2
patient22026,1
patient22027,2
patient22028,1
patient22029,1
patient22030,4
patient22031,2
patient22032,2
patient22033,2
patient22034,1
patient22035,3
patient22036,2
patient22037,12
patient22038,10
patient22039,3
patient22040,1
patient22041,2
patient22042,2
patient22043,1
patient22044,2
patient22045,1
patient22046,7
patient22047,2
patient22048,2
patient22049,1
patient22050,2
patient22051,4
patient22052,1
patient22053,2
patient22054,1
patient22055,1
patient22056,1
patient22057,6
patient22058,7
patient22059,5
patient22060,2
patient22061,2
patient22062,18
patient22063,1
patient22064,2
patient22065,5
patient22066,2
patient22067,1
patient22068,4
patient22069,3
patient22070,3
patient22071,18
patient22072,3
patient22073,1
patient22074,3
patient22075,3
patient22076,2
patient22077,2
patient22078,1
patient22079,23
patient22080,14
patient22081,7
patient22082,11
patient22083,5
patient22084,5
patient22085,3
patient22086,10
patient22087,8
patient22088,1
patient22089,1
patient22090,1
patient22091,2
patient22092,1
patient22093,2
patient22094,6
patient22095,12
patient22096,1
patient22097,1
patient22098,2
patient22099,2
patient22100,2
patient22101,2
patient22102,14
patient22103,2
patient22104,2
patient22105,1
patient22106,2
patient22107,5
patient22108,1
patient22109,3
patient22110,13
patient22111,2
patient22112,1
patient22113,2
patient22114,1
patient22115,1
patient22116,1
patient22117,1
patient22118,1
patient22119,3
patient22120,2
patient22121,1
patient22122,12
patient22123,4
patient22124,12
patient22125,12
patient22126,1
patient22127,4
patient22128,2
patient22129,2
patient22130,1
patient22131,1
patient22132,12
patient22133,8
patient22134,1
patient22135,1
patient22136,2
patient22137,6
patient22138,2
patient22139,6
patient22140,1
patient22141,4
patient22142,4
patient22143,5
patient22144,11
patient22145,6
patient22146,3
patient22147,2
patient22148,3
patient22149,2
patient22150,1
patient22151,2
patient22152,1
patient22153,7
patient22154,3
patient22155,2
patient22156,2
patient22157,1
patient22158,1
patient22159,3
patient22160,2
patient22161,1
patient22162,16
patient22163,2
patient22164,2
patient22165,2
patient22166,6
patient22167,8
patient22168,3
patient22169,3
patient22170,5
patient22171,5
patient22172,1
patient22173,1
patient22174,24
patient22175,1
patient22176,1
patient22177,6
patient22178,1
patient22179,2
patient22180,12
patient22181,2
patient22182,31
patient22183,4
patient22184,2
patient22185,26
patient22186,2
patient22187,2
patient22188,2
patient22189,3
patient22190,2
patient22191,17
patient22192,3
patient22193,5
patient22194,2
patient22195,2
patient22196,9
patient22197,1
patient22198,2
patient22199,1
patient22200,2
patient22201,2
patient22202,2
patient22203,7
patient22204,3
patient22205,7
patient22206,6
patient22207,1
patient22208,4
patient22209,4
patient22210,4
patient22211,1
patient22212,2
patient22213,2
patient22214,2
patient22215,1
patient22216,31
patient22217,1
patient22218,2
patient22219,1
patient22220,2
patient22221,1
patient22222,3
patient22223,3
patient22224,4
patient22225,3
patient22226,3
patient22227,6
patient22228,1
patient22229,2
patient22230,4
patient22231,8
patient22232,2
patient22233,5
patient22234,6
patient22235,13
patient22236,2
patient22237,9
patient22238,8
patient22239,1
patient22240,10
patient22241,2
patient22242,27
patient22243,4
patient22244,1
patient22245,6
patient22246,2
patient22247,2
patient22248,6
patient22249,6
patient22250,2
patient22251,2
patient22252,2
patient22253,4
patient22254,2
patient22255,2
patient22256,8
patient22257,4
patient22258,2
patient22259,4
patient22260,1
patient22261,1
patient22262,1
patient22263,7
patient22264,1
patient22265,4
patient22266,1
patient22267,3
patient22268,3
patient22269,2
patient22270,4
patient22271,2
patient22272,1
patient22273,12
patient22274,2
patient22275,23
patient22276,1
patient22277,4
patient22278,3
patient22279,2
patient22280,5
patient22281,2
patient22282,8
patient22283,2
patient22284,4
patient22285,1
patient22286,2
patient22287,6
patient22288,11
patient22289,35
patient22290,3
patient22291,1
patient22292,6
patient22293,1
patient22294,1
patient22295,3
patient22296,1
patient22297,22
patient22298,5
patient22299,2
patient22300,6
patient22301,1
patient22302,6
patient22303,5
patient22304,11
patient22305,7
patient22306,16
patient22307,2
patient22308,1
patient22309,1
patient22310,1
patient22311,2
patient22312,2
patient22313,2
patient22314,3
patient22315,5
patient22316,9
patient22317,2
patient22318,1
patient22319,6
patient22320,9
patient22321,1
patient22322,9
patient22323,1
patient22324,1
patient22325,2
patient22326,4
patient22327,15
patient22328,3
patient22329,4
patient22330,1
patient22331,5
patient22332,2
patient22333,6
patient22334,8
patient22335,1
patient22336,2
patient22337,4
patient22338,2
patient22339,6
patient22340,1
patient22341,10
patient22342,3
patient22343,1
patient22344,4
patient22345,2
patient22346,4
patient22347,1
patient22348,1
patient22349,7
patient22350,1
patient22351,1
patient22352,8
patient22353,9
patient22354,4
patient22355,2
patient22356,1
patient22357,6
patient22358,1
patient22359,4
patient22360,3
patient22361,1
patient22362,12
patient22363,1
patient22364,2
patient22365,5
patient22366,2
patient22367,1
patient22368,1
patient22369,1
patient22370,1
patient22371,2
patient22372,1
patient22373,3
patient22374,2
patient22375,1
patient22376,6
patient22377,4
patient22378,1
patient22379,7
patient22380,3
patient22381,1
patient22382,5
patient22383,2
patient22384,2
patient22385,6
patient22386,5
patient22387,8
patient22388,4
patient22389,1
patient22390,2
patient22391,5
patient22392,3
patient22393,9
patient22394,1
patient22395,5
patient22396,2
patient22397,3
patient22398,17
patient22399,1
patient22400,3
patient22401,3
patient22402,2
patient22403,2
patient22404,3
patient22405,2
patient22406,4
patient22407,1
patient22408,1
patient22409,1
patient22410,1
patient22411,2
patient22412,8
patient22413,2
patient22414,5
patient22415,1
patient22416,22
patient22417,4
patient22418,2
patient22419,2
patient22420,1
patient22421,2
patient22422,2
patient22423,14
patient22424,2
patient22425,1
patient22426,3
patient22427,1
patient22428,5
patient22429,2
patient22430,6
patient22431,4
patient22432,2
patient22433,4
patient22434,1
patient22435,4
patient22436,1
patient22437,2
patient22438,2
patient22439,6
patient22440,1
patient22441,3
patient22442,1
patient22443,1
patient22444,2
patient22445,1
patient22446,9
patient22447,1
patient22448,1
patient22449,2
patient22450,4
patient22451,4
patient22452,2
patient22453,1
patient22454,3
patient22455,7
patient22456,2
patient22457,1
patient22458,2
patient22459,7
patient22460,3
patient22461,1
patient22462,2
patient22463,3
patient22464,13
patient22465,3
patient22466,3
patient22467,4
patient22468,1
patient22469,1
patient22470,1
patient22471,2
patient22472,1
patient22473,1
patient22474,4
patient22475,2
patient22476,6
patient22477,7
patient22478,3
patient22479,1
patient22480,6
patient22481,6
patient22482,9
patient22483,2
patient22484,9
patient22485,2
patient22486,1
patient22487,1
patient22488,1
patient22489,2
patient22490,2
patient22491,2
patient22492,2
patient22493,2
patient22494,4
patient22495,5
patient22496,2
patient22497,6
patient22498,1
patient22499,4
patient22500,7
patient22501,1
patient22502,16
patient22503,5
patient22504,2
patient22505,5
patient22506,9
patient22507,2
patient22508,1
patient22509,1
patient22510,3
patient22511,3
patient22512,2
patient22513,1
patient22514,2
patient22515,2
patient22516,2
patient22517,4
patient22518,11
patient22519,1
patient22520,27
patient22521,1
patient22522,18
patient22523,1
patient22524,1
patient22525,2
patient22526,2
patient22527,5
patient22528,12
patient22529,4
patient22530,1
patient22531,3
patient22532,1
patient22533,3
patient22534,1
patient22535,7
patient22536,2
patient22537,2
patient22538,1
patient22539,2
patient22540,2
patient22541,8
patient22542,3
patient22543,2
patient22544,9
patient22545,7
patient22546,2
patient22547,2
patient22548,2
patient22549,2
patient22550,2
patient22551,4
patient22552,2
patient22553,8
patient22554,3
patient22555,4
patient22556,1
patient22557,2
patient22558,2
patient22559,2
patient22560,3
patient22561,1
patient22562,2
patient22563,15
patient22564,2
patient22565,7
patient22566,2
patient22567,2
patient22568,5
patient22569,5
patient22570,2
patient22571,16
patient22572,2
patient22573,1
patient22574,2
patient22575,1
patient22576,2
patient22577,2
patient22578,1
patient22579,2
patient22580,2
patient22581,4
patient22582,9
patient22583,1
patient22584,5
patient22585,6
patient22586,3
patient22587,1
patient22588,2
patient22589,1
patient22590,2
patient22591,2
patient22592,2
patient22593,2
patient22594,3
patient22595,2
patient22596,7
patient22597,3
patient22598,4
patient22599,7
patient22600,7
patient22601,4
patient22602,2
patient22603,8
patient22604,2
patient22605,2
patient22606,1
patient22607,3
patient22608,1
patient22609,4
patient22610,3
patient22611,1
patient22612,2
patient22613,2
patient22614,1
patient22615,2
patient22616,1
patient22617,4
patient22618,1
patient22619,2
patient22620,1
patient22621,4
patient22622,3
patient22623,2
patient22624,3
patient22625,2
patient22626,3
patient22627,7
patient22628,2
patient22629,5
patient22630,1
patient22631,1
patient22632,1
patient22633,2
patient22634,3
patient22635,2
patient22636,1
patient22637,5
patient22638,8
patient22639,19
patient22640,5
patient22641,2
patient22642,2
patient22643,4
patient22644,7
patient22645,2
patient22646,3
patient22647,2
patient22648,2
patient22649,4
patient22650,2
patient22651,1
patient22652,1
patient22653,1
patient22654,3
patient22655,15
patient22656,13
patient22657,2
patient22658,2
patient22659,1
patient22660,2
patient22661,2
patient22662,7
patient22663,2
patient22664,1
patient22665,40
patient22666,2
patient22667,2
patient22668,1
patient22669,14
patient22670,3
patient22671,1
patient22672,2
patient22673,15
patient22674,2
patient22675,3
patient22676,1
patient22677,1
patient22678,1
patient22679,6
patient22680,2
patient22681,2
patient22682,2
patient22683,1
patient22684,1
patient22685,2
patient22686,3
patient22687,2
patient22688,2
patient22689,5
patient22690,2
patient22691,8
patient22692,20
patient22693,2
patient22694,24
patient22695,2
patient22696,1
patient22697,9
patient22698,2
patient22699,2
patient22700,2
patient22701,7
patient22702,1
patient22703,15
patient22704,1
patient22705,2
patient22706,2
patient22707,3
patient22708,2
patient22709,9
patient22710,1
patient22711,1
patient22712,2
patient22713,2
patient22714,5
patient22715,1
patient22716,2
patient22717,2
patient22718,2
patient22719,2
patient22720,5
patient22721,2
patient22722,7
patient22723,1
patient22724,2
patient22725,3
patient22726,2
patient22727,10
patient22728,1
patient22729,25
patient22730,9
patient22731,2
patient22732,1
patient22733,5
patient22734,2
patient22735,13
patient22736,7
patient22737,16
patient22738,1
patient22739,1
patient22740,2
patient22741,1
patient22742,4
patient22743,4
patient22744,1
patient22745,1
patient22746,2
patient22747,1
patient22748,4
patient22749,2
patient22750,1
patient22751,1
patient22752,2
patient22753,1
patient22754,2
patient22755,2
patient22756,2
patient22757,1
patient22758,4
patient22759,2
patient22760,1
patient22761,5
patient22762,1
patient22763,2
patient22764,6
patient22765,2
patient22766,1
patient22767,1
patient22768,5
patient22769,2
patient22770,3
patient22771,3
patient22772,6
patient22773,6
patient22774,2
patient22775,1
patient22776,1
patient22777,2
patient22778,2
patient22779,2
patient22780,4
patient22781,1
patient22782,1
patient22783,11
patient22784,15
patient22785,2
patient22786,3
patient22787,3
patient22788,4
patient22789,1
patient22790,2
patient22791,2
patient22792,5
patient22793,1
patient22794,5
patient22795,2
patient22796,2
patient22797,2
patient22798,3
patient22799,2
patient22800,2
patient22801,2
patient22802,2
patient22803,2
patient22804,6
patient22805,5
patient22806,1
patient22807,4
patient22808,4
patient22809,5
patient22810,6
patient22811,2
patient22812,1
patient22813,2
patient22814,2
patient22815,6
patient22816,5
patient22817,1
patient22818,1
patient22819,11
patient22820,2
patient22821,2
patient22822,1
patient22823,2
patient22824,1
patient22825,3
patient22826,1
patient22827,2
patient22828,5
patient22829,4
patient22830,1
patient22831,3
patient22832,1
patient22833,2
patient22834,15
patient22835,1
patient22836,2
patient22837,3
patient22838,4
patient22839,7
patient22840,3
patient22841,5
patient22842,1
patient22843,6
patient22844,3
patient22845,1
patient22846,2
patient22847,2
patient22848,14
patient22849,2
patient22850,2
patient22851,2
patient22852,4
patient22853,8
patient22854,4
patient22855,2
patient22856,3
patient22857,16
patient22858,2
patient22859,2
patient22860,1
patient22861,1
patient22862,35
patient22863,4
patient22864,1
patient22865,1
patient22866,1
patient22867,2
patient22868,1
patient22869,3
patient22870,1
patient22871,17
patient22872,2
patient22873,1
patient22874,2
patient22875,2
patient22876,1
patient22877,1
patient22878,2
patient22879,1
patient22880,1
patient22881,3
patient22882,1
patient22883,4
patient22884,1
patient22885,2
patient22886,2
patient22887,1
patient22888,7
patient22889,1
patient22890,13
patient22891,3
patient22892,2
patient22893,3
patient22894,2
patient22895,1
patient22896,3
patient22897,2
patient22898,25
patient22899,2
patient22900,2
patient22901,1
patient22902,5
patient22903,2
patient22904,3
patient22905,2
patient22906,9
patient22907,37
patient22908,4
patient22909,2
patient22910,3
patient22911,1
patient22912,2
patient22913,1
patient22914,1
patient22915,4
patient22916,5
patient22917,1
patient22918,2
patient22919,2
patient22920,49
patient22921,2
patient22922,3
patient22923,2
patient22924,5
patient22925,1
patient22926,4
patient22927,2
patient22928,2
patient22929,2
patient22930,3
patient22931,1
patient22932,3
patient22933,4
patient22934,1
patient22935,1
patient22936,2
patient22937,8
patient22938,1
patient22939,1
patient22940,3
patient22941,3
patient22942,2
patient22943,15
patient22944,2
patient22945,2
patient22946,1
patient22947,2
patient22948,11
patient22949,4
patient22950,2
patient22951,4
patient22952,3
patient22953,3
patient22954,4
patient22955,4
patient22956,1
patient22957,1
patient22958,4
patient22959,18
patient22960,4
patient22961,4
patient22962,3
patient22963,23
patient22964,2
patient22965,2
patient22966,2
patient22967,3
patient22968,1
patient22969,1
patient22970,2
patient22971,3
patient22972,9
patient22973,1
patient22974,3
patient22975,3
patient22976,2
patient22977,2
patient22978,2
patient22979,3
patient22980,4
patient22981,7
patient22982,10
patient22983,2
patient22984,4
patient22985,1
patient22986,9
patient22987,35
patient22988,2
patient22989,4
patient22990,4
patient22991,2
patient22992,3
patient22993,4
patient22994,4
patient22995,2
patient22996,2
patient22997,10
patient22998,1
patient22999,5
patient23000,4
patient23001,2
patient23002,2
patient23003,2
patient23004,1
patient23005,2
patient23006,2
patient23007,1
patient23008,1
patient23009,4
patient23010,2
patient23011,2
patient23012,1
patient23013,2
patient23014,4
patient23015,1
patient23016,1
patient23017,1
patient23018,2
patient23019,3
patient23020,6
patient23021,2
patient23022,2
patient23023,3
patient23024,1
patient23025,2
patient23026,1
patient23027,4
patient23028,4
patient23029,1
patient23030,2
patient23031,3
patient23032,2
patient23033,1
patient23034,3
patient23035,2
patient23036,6
patient23037,1
patient23038,2
patient23039,2
patient23040,4
patient23041,1
patient23042,2
patient23043,1
patient23044,10
patient23045,1
patient23046,2
patient23047,3
patient23048,3
patient23049,1
patient23050,1
patient23051,2
patient23052,2
patient23053,4
patient23054,25
patient23055,8
patient23056,1
patient23057,2
patient23058,5
patient23059,2
patient23060,1
patient23061,1
patient23062,8
patient23063,6
patient23064,7
patient23065,2
patient23066,3
patient23067,2
patient23068,2
patient23069,4
patient23070,15
patient23071,1
patient23072,2
patient23073,3
patient23074,2
patient23075,1
patient23076,5
patient23077,1
patient23078,1
patient23079,2
patient23080,9
patient23081,5
patient23082,2
patient23083,1
patient23084,1
patient23085,5
patient23086,2
patient23087,2
patient23088,1
patient23089,2
patient23090,3
patient23091,3
patient23092,4
patient23093,8
patient23094,1
patient23095,4
patient23096,8
patient23097,6
patient23098,2
patient23099,2
patient23100,4
patient23101,9
patient23102,1
patient23103,1
patient23104,1
patient23105,2
patient23106,2
patient23107,1
patient23108,7
patient23109,2
patient23110,15
patient23111,3
patient23112,3
patient23113,7
patient23114,2
patient23115,13
patient23116,30
patient23117,12
patient23118,11
patient23119,1
patient23120,3
patient23121,6
patient23122,1
patient23123,10
patient23124,2
patient23125,8
patient23126,4
patient23127,2
patient23128,6
patient23129,2
patient23130,2
patient23131,2
patient23132,6
patient23133,6
patient23134,5
patient23135,1
patient23136,2
patient23137,1
patient23138,1
patient23139,1
patient23140,4
patient23141,4
patient23142,7
patient23143,8
patient23144,1
patient23145,4
patient23146,1
patient23147,8
patient23148,8
patient23149,4
patient23150,1
patient23151,9
patient23152,4
patient23153,4
patient23154,2
patient23155,4
patient23156,1
patient23157,1
patient23158,6
patient23159,8
patient23160,6
patient23161,2
patient23162,5
patient23163,3
patient23164,2
patient23165,3
patient23166,2
patient23167,2
patient23168,4
patient23169,1
patient23170,1
patient23171,5
patient23172,1
patient23173,5
patient23174,2
patient23175,6
patient23176,2
patient23177,5
patient23178,19
patient23179,2
patient23180,6
patient23181,2
patient23182,1
patient23183,3
patient23184,2
patient23185,1
patient23186,4
patient23187,2
patient23188,2
patient23189,2
patient23190,1
patient23191,1
patient23192,1
patient23193,2
patient23194,2
patient23195,3
patient23196,3
patient23197,2
patient23198,1
patient23199,2
patient23200,3
patient23201,2
patient23202,3
patient23203,4
patient23204,2
patient23205,5
patient23206,2
patient23207,25
patient23208,1
patient23209,1
patient23210,1
patient23211,1
patient23212,30
patient23213,2
patient23214,4
patient23215,2
patient23216,1
patient23217,7
patient23218,4
patient23219,1
patient23220,2
patient23221,5
patient23222,5
patient23223,5
patient23224,4
patient23225,2
patient23226,2
patient23227,2
patient23228,1
patient23229,1
patient23230,1
patient23231,4
patient23232,9
patient23233,5
patient23234,1
patient23235,1
patient23236,6
patient23237,6
patient23238,3
patient23239,1
patient23240,9
patient23241,1
patient23242,8
patient23243,1
patient23244,5
patient23245,3
patient23246,2
patient23247,1
patient23248,2
patient23249,7
patient23250,7
patient23251,6
patient23252,2
patient23253,8
patient23254,1
patient23255,2
patient23256,2
patient23257,3
patient23258,2
patient23259,1
patient23260,6
patient23261,3
patient23262,2
patient23263,4
patient23264,9
patient23265,4
patient23266,2
patient23267,2
patient23268,2
patient23269,9
patient23270,5
patient23271,6
patient23272,2
patient23273,4
patient23274,2
patient23275,5
patient23276,4
patient23277,2
patient23278,2
patient23279,5
patient23280,5
patient23281,4
patient23282,1
patient23283,2
patient23284,2
patient23285,2
patient23286,2
patient23287,5
patient23288,2
patient23289,6
patient23290,2
patient23291,3
patient23292,3
patient23293,1
patient23294,7
patient23295,3
patient23296,3
patient23297,2
patient23298,7
patient23299,6
patient23300,3
patient23301,2
patient23302,1
patient23303,12
patient23304,4
patient23305,2
patient23306,2
patient23307,2
patient23308,1
patient23309,1
patient23310,2
patient23311,1
patient23312,2
patient23313,2
patient23314,4
patient23315,5
patient23316,2
patient23317,4
patient23318,1
patient23319,2
patient23320,2
patient23321,2
patient23322,1
patient23323,2
patient23324,3
patient23325,2
patient23326,1
patient23327,3
patient23328,6
patient23329,6
patient23330,2
patient23331,5
patient23332,2
patient23333,2
patient23334,2
patient23335,7
patient23336,1
patient23337,2
patient23338,9
patient23339,7
patient23340,7
patient23341,4
patient23342,1
patient23343,9
patient23344,1
patient23345,5
patient23346,1
patient23347,1
patient23348,8
patient23349,6
patient23350,2
patient23351,65
patient23352,3
patient23353,4
patient23354,8
patient23355,7
patient23356,5
patient23357,6
patient23358,6
patient23359,1
patient23360,2
patient23361,2
patient23362,2
patient23363,1
patient23364,3
patient23365,2
patient23366,10
patient23367,2
patient23368,3
patient23369,10
patient23370,1
patient23371,1
patient23372,6
patient23373,2
patient23374,1
patient23375,11
patient23376,1
patient23377,9
patient23378,2
patient23379,1
patient23380,7
patient23381,2
patient23382,4
patient23383,2
patient23384,2
patient23385,4
patient23386,6
patient23387,12
patient23388,3
patient23389,8
patient23390,5
patient23391,1
patient23392,8
patient23393,4
patient23394,3
patient23395,2
patient23396,1
patient23397,5
patient23398,4
patient23399,1
patient23400,2
patient23401,9
patient23402,3
patient23403,2
patient23404,3
patient23405,2
patient23406,2
patient23407,2
patient23408,9
patient23409,2
patient23410,1
patient23411,1
patient23412,5
patient23413,1
patient23414,3
patient23415,1
patient23416,2
patient23417,2
patient23418,3
patient23419,1
patient23420,1
patient23421,5
patient23422,2
patient23423,2
patient23424,2
patient23425,4
patient23426,7
patient23427,4
patient23428,2
patient23429,1
patient23430,1
patient23431,2
patient23432,5
patient23433,8
patient23434,1
patient23435,1
patient23436,1
patient23437,2
patient23438,2
patient23439,13
patient23440,2
patient23441,12
patient23442,25
patient23443,2
patient23444,9
patient23445,2
patient23446,1
patient23447,1
patient23448,15
patient23449,2
patient23450,3
patient23451,10
patient23452,1
patient23453,1
patient23454,1
patient23455,2
patient23456,2
patient23457,4
patient23458,2
patient23459,4
patient23460,2
patient23461,2
patient23462,2
patient23463,3
patient23464,2
patient23465,2
patient23466,6
patient23467,1
patient23468,5
patient23469,2
patient23470,4
patient23471,5
patient23472,2
patient23473,3
patient23474,6
patient23475,30
patient23476,3
patient23477,2
patient23478,2
patient23479,2
patient23480,2
patient23481,2
patient23482,2
patient23483,2
patient23484,1
patient23485,1
patient23486,2
patient23487,2
patient23488,2
patient23489,3
patient23490,1
patient23491,1
patient23492,2
patient23493,7
patient23494,2
patient23495,2
patient23496,8
patient23497,2
patient23498,4
patient23499,1
patient23500,5
patient23501,2
patient23502,3
patient23503,1
patient23504,4
patient23505,6
patient23506,35
patient23507,2
patient23508,3
patient23509,3
patient23510,11
patient23511,2
patient23512,4
patient23513,2
patient23514,1
patient23515,13
patient23516,3
patient23517,7
patient23518,12
patient23519,4
patient23520,5
patient23521,16
patient23522,2
patient23523,1
patient23524,4
patient23525,1
patient23526,1
patient23527,3
patient23528,6
patient23529,3
patient23530,2
patient23531,7
patient23532,2
patient23533,2
patient23534,10
patient23535,14
patient23536,7
patient23537,2
patient23538,2
patient23539,1
patient23540,5
patient23541,2
patient23542,4
patient23543,1
patient23544,3
patient23545,1
patient23546,3
patient23547,4
patient23548,7
patient23549,8
patient23550,2
patient23551,6
patient23552,17
patient23553,1
patient23554,3
patient23555,6
patient23556,2
patient23557,1
patient23558,1
patient23559,1
patient23560,4
patient23561,1
patient23562,6
patient23563,1
patient23564,1
patient23565,2
patient23566,5
patient23567,6
patient23568,2
patient23569,4
patient23570,2
patient23571,1
patient23572,3
patient23573,1
patient23574,3
patient23575,2
patient23576,6
patient23577,6
patient23578,5
patient23579,4
patient23580,2
patient23581,4
patient23582,5
patient23583,7
patient23584,2
patient23585,2
patient23586,1
patient23587,4
patient23588,3
patient23589,18
patient23590,1
patient23591,1
patient23592,1
patient23593,6
patient23594,1
patient23595,2
patient23596,7
patient23597,1
patient23598,2
patient23599,3
patient23600,2
patient23601,10
patient23602,1
patient23603,1
patient23604,2
patient23605,2
patient23606,2
patient23607,2
patient23608,3
patient23609,2
patient23610,3
patient23611,2
patient23612,4
patient23613,3
patient23614,12
patient23615,2
patient23616,3
patient23617,1
patient23618,7
patient23619,1
patient23620,37
patient23621,2
patient23622,1
patient23623,3
patient23624,6
patient23625,3
patient23626,1
patient23627,3
patient23628,9
patient23629,1
patient23630,2
patient23631,2
patient23632,1
patient23633,5
patient23634,8
patient23635,1
patient23636,2
patient23637,1
patient23638,7
patient23639,2
patient23640,6
patient23641,1
patient23642,1
patient23643,1
patient23644,2
patient23645,6
patient23646,2
patient23647,2
patient23648,1
patient23649,1
patient23650,10
patient23651,1
patient23652,2
patient23653,2
patient23654,4
patient23655,2
patient23656,2
patient23657,2
patient23658,4
patient23659,2
patient23660,1
patient23661,2
patient23662,2
patient23663,1
patient23664,2
patient23665,2
patient23666,2
patient23667,1
patient23668,2
patient23669,2
patient23670,4
patient23671,4
patient23672,2
patient23673,5
patient23674,2
patient23675,9
patient23676,2
patient23677,2
patient23678,2
patient23679,2
patient23680,2
patient23681,2
patient23682,3
patient23683,9
patient23684,7
patient23685,2
patient23686,7
patient23687,6
patient23688,10
patient23689,2
patient23690,3
patient23691,10
patient23692,3
patient23693,2
patient23694,1
patient23695,9
patient23696,5
patient23697,3
patient23698,1
patient23699,1
patient23700,3
patient23701,1
patient23702,1
patient23703,1
patient23704,2
patient23705,3
patient23706,1
patient23707,4
patient23708,4
patient23709,3
patient23710,10
patient23711,1
patient23712,2
patient23713,1
patient23714,2
patient23715,2
patient23716,1
patient23717,2
patient23718,1
patient23719,11
patient23720,10
patient23721,2
patient23722,4
patient23723,1
patient23724,2
patient23725,2
patient23726,3
patient23727,2
patient23728,1
patient23729,33
patient23730,7
patient23731,6
patient23732,1
patient23733,1
patient23734,15
patient23735,2
patient23736,6
patient23737,7
patient23738,1
patient23739,2
patient23740,1
patient23741,1
patient23742,2
patient23743,4
patient23744,40
patient23745,2
patient23746,2
patient23747,1
patient23748,2
patient23749,2
patient23750,4
patient23751,4
patient23752,1
patient23753,4
patient23754,3
patient23755,2
patient23756,2
patient23757,2
patient23758,3
patient23759,2
patient23760,1
patient23761,3
patient23762,6
patient23763,14
patient23764,2
patient23765,2
patient23766,5
patient23767,2
patient23768,2
patient23769,5
patient23770,1
patient23771,2
patient23772,3
patient23773,1
patient23774,2
patient23775,14
patient23776,4
patient23777,6
patient23778,1
patient23779,2
patient23780,1
patient23781,2
patient23782,2
patient23783,2
patient23784,1
patient23785,15
patient23786,2
patient23787,2
patient23788,4
patient23789,2
patient23790,2
patient23791,4
patient23792,3
patient23793,4
patient23794,1
patient23795,6
patient23796,2
patient23797,4
patient23798,2
patient23799,9
patient23800,2
patient23801,5
patient23802,1
patient23803,3
patient23804,3
patient23805,3
patient23806,1
patient23807,2
patient23808,1
patient23809,42
patient23810,33
patient23811,12
patient23812,1
patient23813,2
patient23814,11
patient23815,2
patient23816,2
patient23817,2
patient23818,2
patient23819,1
patient23820,1
patient23821,3
patient23822,3
patient23823,2
patient23824,21
patient23825,1
patient23826,1
patient23827,4
patient23828,2
patient23829,7
patient23830,6
patient23831,3
patient23832,2
patient23833,3
patient23834,2
patient23835,1
patient23836,1
patient23837,3
patient23838,2
patient23839,3
patient23840,4
patient23841,3
patient23842,2
patient23843,1
patient23844,2
patient23845,2
patient23846,3
patient23847,2
patient23848,2
patient23849,24
patient23850,2
patient23851,3
patient23852,10
patient23853,2
patient23854,1
patient23855,3
patient23856,3
patient23857,2
patient23858,3
patient23859,2
patient23860,31
patient23861,2
patient23862,1
patient23863,4
patient23864,4
patient23865,2
patient23866,8
patient23867,2
patient23868,1
patient23869,3
patient23870,5
patient23871,2
patient23872,1
patient23873,10
patient23874,2
patient23875,3
patient23876,2
patient23877,2
patient23878,2
patient23879,2
patient23880,2
patient23881,10
patient23882,7
patient23883,1
patient23884,5
patient23885,1
patient23886,7
patient23887,11
patient23888,36
patient23889,2
patient23890,1
patient23891,2
patient23892,3
patient23893,7
patient23894,5
patient23895,1
patient23896,5
patient23897,2
patient23898,3
patient23899,8
patient23900,2
patient23901,3
patient23902,13
patient23903,2
patient23904,1
patient23905,5
patient23906,9
patient23907,1
patient23908,4
patient23909,2
patient23910,2
patient23911,2
patient23912,1
patient23913,1
patient23914,1
patient23915,11
patient23916,3
patient23917,4
patient23918,3
patient23919,2
patient23920,21
patient23921,2
patient23922,2
patient23923,2
patient23924,1
patient23925,1
patient23926,1
patient23927,7
patient23928,3
patient23929,6
patient23930,2
patient23931,1
patient23932,1
patient23933,1
patient23934,6
patient23935,2
patient23936,2
patient23937,6
patient23938,9
patient23939,2
patient23940,2
patient23941,6
patient23942,3
patient23943,9
patient23944,2
patient23945,6
patient23946,2
patient23947,2
patient23948,2
patient23949,2
patient23950,5
patient23951,10
patient23952,6
patient23953,4
patient23954,1
patient23955,6
patient23956,2
patient23957,4
patient23958,10
patient23959,2
patient23960,3
patient23961,2
patient23962,3
patient23963,1
patient23964,5
patient23965,1
patient23966,2
patient23967,4
patient23968,2
patient23969,2
patient23970,3
patient23971,2
patient23972,5
patient23973,2
patient23974,2
patient23975,1
patient23976,1
patient23977,1
patient23978,2
patient23979,1
patient23980,3
patient23981,18
patient23982,4
patient23983,4
patient23984,15
patient23985,20
patient23986,10
patient23987,2
patient23988,13
patient23989,8
patient23990,2
patient23991,1
patient23992,2
patient23993,4
patient23994,16
patient23995,2
patient23996,4
patient23997,2
patient23998,9
patient23999,3
patient24000,41
patient24001,8
patient24002,3
patient24003,2
patient24004,2
patient24005,4
patient24006,1
patient24007,2
patient24008,42
patient24009,1
patient24010,5
patient24011,2
patient24012,6
patient24013,1
patient24014,5
patient24015,4
patient24016,3
patient24017,1
patient24018,6
patient24019,2
patient24020,3
patient24021,46
patient24022,6
patient24023,1
patient24024,2
patient24025,3
patient24026,2
patient24027,4
patient24028,2
patient24029,2
patient24030,2
patient24031,11
patient24032,1
patient24033,1
patient24034,6
patient24035,3
patient24036,1
patient24037,2
patient24038,5
patient24039,8
patient24040,1
patient24041,9
patient24042,2
patient24043,14
patient24044,2
patient24045,5
patient24046,1
patient24047,3
patient24048,2
patient24049,2
patient24050,2
patient24051,2
patient24052,6
patient24053,5
patient24054,18
patient24055,5
patient24056,2
patient24057,4
patient24058,3
patient24059,7
patient24060,2
patient24061,9
patient24062,1
patient24063,4
patient24064,1
patient24065,3
patient24066,2
patient24067,2
patient24068,2
patient24069,4
patient24070,3
patient24071,1
patient24072,1
patient24073,1
patient24074,2
patient24075,1
patient24076,2
patient24077,2
patient24078,4
patient24079,2
patient24080,2
patient24081,2
patient24082,2
patient24083,2
patient24084,4
patient24085,6
patient24086,6
patient24087,5
patient24088,2
patient24089,2
patient24090,2
patient24091,2
patient24092,5
patient24093,3
patient24094,3
patient24095,1
patient24096,3
patient24097,1
patient24098,1
patient24099,1
patient24100,2
patient24101,2
patient24102,2
patient24103,3
patient24104,1
patient24105,2
patient24106,1
patient24107,2
patient24108,2
patient24109,2
patient24110,2
patient24111,2
patient24112,2
patient24113,4
patient24114,47
patient24115,1
patient24116,13
patient24117,1
patient24118,2
patient24119,2
patient24120,3
patient24121,10
patient24122,2
patient24123,3
patient24124,1
patient24125,14
patient24126,2
patient24127,5
patient24128,9
patient24129,11
patient24130,11
patient24131,8
patient24132,2
patient24133,2
patient24134,1
patient24135,4
patient24136,2
patient24137,1
patient24138,1
patient24139,6
patient24140,4
patient24141,1
patient24142,1
patient24143,3
patient24144,1
patient24145,1
patient24146,2
patient24147,3
patient24148,2
patient24149,2
patient24150,1
patient24151,2
patient24152,7
patient24153,2
patient24154,2
patient24155,3
patient24156,1
patient24157,3
patient24158,2
patient24159,1
patient24160,6
patient24161,1
patient24162,1
patient24163,86
patient24164,3
patient24165,9
patient24166,7
patient24167,1
patient24168,10
patient24169,1
patient24170,8
patient24171,4
patient24172,12
patient24173,2
patient24174,8
patient24175,1
patient24176,2
patient24177,6
patient24178,3
patient24179,2
patient24180,3
patient24181,2
patient24182,2
patient24183,2
patient24184,1
patient24185,6
patient24186,8
patient24187,2
patient24188,6
patient24189,2
patient24190,3
patient24191,13
patient24192,18
patient24193,10
patient24194,1
patient24195,1
patient24196,2
patient24197,4
patient24198,2
patient24199,2
patient24200,3
patient24201,2
patient24202,2
patient24203,10
patient24204,4
patient24205,1
patient24206,8
patient24207,4
patient24208,8
patient24209,3
patient24210,1
patient24211,2
patient24212,41
patient24213,13
patient24214,1
patient24215,6
patient24216,7
patient24217,3
patient24218,1
patient24219,2
patient24220,1
patient24221,26
patient24222,14
patient24223,4
patient24224,2
patient24225,4
patient24226,4
patient24227,6
patient24228,14
patient24229,2
patient24230,38
patient24231,1
patient24232,2
patient24233,3
patient24234,11
patient24235,2
patient24236,1
patient24237,8
patient24238,3
patient24239,2
patient24240,1
patient24241,3
patient24242,2
patient24243,3
patient24244,1
patient24245,2
patient24246,2
patient24247,6
patient24248,2
patient24249,1
patient24250,4
patient24251,5
patient24252,6
patient24253,3
patient24254,1
patient24255,1
patient24256,2
patient24257,3
patient24258,3
patient24259,3
patient24260,8
patient24261,4
patient24262,11
patient24263,1
patient24264,1
patient24265,2
patient24266,2
patient24267,3
patient24268,2
patient24269,1
patient24270,6
patient24271,2
patient24272,2
patient24273,2
patient24274,4
patient24275,1
patient24276,10
patient24277,2
patient24278,3
patient24279,2
patient24280,5
patient24281,1
patient24282,2
patient24283,7
patient24284,2
patient24285,2
patient24286,2
patient24287,5
patient24288,4
patient24289,2
patient24290,1
patient24291,1
patient24292,39
patient24293,5
patient24294,1
patient24295,4
patient24296,11
patient24297,3
patient24298,13
patient24299,4
patient24300,2
patient24301,1
patient24302,9
patient24303,3
patient24304,3
patient24305,1
patient24306,2
patient24307,2
patient24308,5
patient24309,1
patient24310,6
patient24311,2
patient24312,3
patient24313,4
patient24314,3
patient24315,5
patient24316,1
patient24317,1
patient24318,2
patient24319,1
patient24320,6
patient24321,2
patient24322,1
patient24323,1
patient24324,1
patient24325,7
patient24326,2
patient24327,2
patient24328,2
patient24329,2
patient24330,1
patient24331,2
patient24332,2
patient24333,1
patient24334,2
patient24335,2
patient24336,2
patient24337,5
patient24338,2
patient24339,4
patient24340,2
patient24341,2
patient24342,2
patient24343,3
patient24344,22
patient24345,7
patient24346,3
patient24347,19
patient24348,5
patient24349,1
patient24350,2
patient24351,2
patient24352,3
patient24353,1
patient24354,3
patient24355,11
patient24356,3
patient24357,2
patient24358,6
patient24359,2
patient24360,1
patient24361,2
patient24362,9
patient24363,1
patient24364,1
patient24365,1
patient24366,1
patient24367,1
patient24368,4
patient24369,1
patient24370,2
patient24371,4
patient24372,2
patient24373,3
patient24374,2
patient24375,9
patient24376,2
patient24377,10
patient24378,2
patient24379,1
patient24380,2
patient24381,3
patient24382,2
patient24383,5
patient24384,1
patient24385,38
patient24386,7
patient24387,1
patient24388,3
patient24389,2
patient24390,1
patient24391,12
patient24392,1
patient24393,7
patient24394,18
patient24395,7
patient24396,5
patient24397,4
patient24398,10
patient24399,4
patient24400,1
patient24401,10
patient24402,8
patient24403,2
patient24404,7
patient24405,4
patient24406,2
patient24407,2
patient24408,1
patient24409,1
patient24410,2
patient24411,23
patient24412,1
patient24413,8
patient24414,3
patient24415,1
patient24416,2
patient24417,3
patient24418,4
patient24419,8
patient24420,2
patient24421,2
patient24422,1
patient24423,4
patient24424,3
patient24425,1
patient24426,12
patient24427,3
patient24428,71
patient24429,1
patient24430,2
patient24431,1
patient24432,12
patient24433,1
patient24434,4
patient24435,10
patient24436,2
patient24437,1
patient24438,2
patient24439,1
patient24440,7
patient24441,1
patient24442,3
patient24443,2
patient24444,1
patient24445,2
patient24446,12
patient24447,5
patient24448,2
patient24449,3
patient24450,10
patient24451,6
patient24452,8
patient24453,2
patient24454,1
patient24455,5
patient24456,1
patient24457,2
patient24458,1
patient24459,6
patient24460,1
patient24461,3
patient24462,2
patient24463,1
patient24464,2
patient24465,4
patient24466,7
patient24467,2
patient24468,3
patient24469,5
patient24470,1
patient24471,1
patient24472,3
patient24473,2
patient24474,2
patient24475,5
patient24476,4
patient24477,2
patient24478,10
patient24479,9
patient24480,1
patient24481,1
patient24482,1
patient24483,7
patient24484,4
patient24485,4
patient24486,6
patient24487,1
patient24488,2
patient24489,1
patient24490,1
patient24491,12
patient24492,10
patient24493,19
patient24494,5
patient24495,5
patient24496,3
patient24497,3
patient24498,7
patient24499,8
patient24500,5
patient24501,4
patient24502,2
patient24503,2
patient24504,1
patient24505,1
patient24506,2
patient24507,1
patient24508,25
patient24509,8
patient24510,1
patient24511,2
patient24512,4
patient24513,2
patient24514,2
patient24515,7
patient24516,1
patient24517,2
patient24518,2
patient24519,2
patient24520,3
patient24521,7
patient24522,6
patient24523,6
patient24524,19
patient24525,19
patient24526,2
patient24527,21
patient24528,1
patient24529,1
patient24530,1
patient24531,4
patient24532,7
patient24533,5
patient24534,4
patient24535,2
patient24536,19
patient24537,9
patient24538,2
patient24539,3
patient24540,5
patient24541,15
patient24542,1
patient24543,1
patient24544,7
patient24545,4
patient24546,2
patient24547,1
patient24548,3
patient24549,9
patient24550,6
patient24551,1
patient24552,1
patient24553,3
patient24554,1
patient24555,2
patient24556,2
patient24557,2
patient24558,1
patient24559,1
patient24560,6
patient24561,1
patient24562,2
patient24563,2
patient24564,2
patient24565,6
patient24566,1
patient24567,4
patient24568,14
patient24569,1
patient24570,1
patient24571,6
patient24572,6
patient24573,1
patient24574,13
patient24575,1
patient24576,1
patient24577,2
patient24578,11
patient24579,1
patient24580,2
patient24581,2
patient24582,1
patient24583,2
patient24584,6
patient24585,9
patient24586,2
patient24587,23
patient24588,15
patient24589,4
patient24590,4
patient24591,3
patient24592,1
patient24593,1
patient24594,2
patient24595,2
patient24596,2
patient24597,6
patient24598,2
patient24599,1
patient24600,2
patient24601,1
patient24602,5
patient24603,1
patient24604,2
patient24605,3
patient24606,1
patient24607,1
patient24608,2
patient24609,1
patient24610,1
patient24611,2
patient24612,1
patient24613,2
patient24614,1
patient24615,9
patient24616,18
patient24617,5
patient24618,18
patient24619,2
patient24620,2
patient24621,2
patient24622,2
patient24623,2
patient24624,1
patient24625,5
patient24626,2
patient24627,1
patient24628,1
patient24629,1
patient24630,2
patient24631,2
patient24632,2
patient24633,2
patient24634,1
patient24635,1
patient24636,2
patient24637,15
patient24638,2
patient24639,3
patient24640,8
patient24641,2
patient24642,4
patient24643,2
patient24644,5
patient24645,2
patient24646,6
patient24647,3
patient24648,2
patient24649,1
patient24650,4
patient24651,2
patient24652,1
patient24653,5
patient24654,2
patient24655,14
patient24656,4
patient24657,2
patient24658,2
patient24659,2
patient24660,2
patient24661,5
patient24662,16
patient24663,9
patient24664,1
patient24665,2
patient24666,4
patient24667,2
patient24668,2
patient24669,2
patient24670,2
patient24671,15
patient24672,2
patient24673,4
patient24674,2
patient24675,1
patient24676,1
patient24677,12
patient24678,2
patient24679,2
patient24680,2
patient24681,1
patient24682,2
patient24683,3
patient24684,15
patient24685,1
patient24686,20
patient24687,40
patient24688,2
patient24689,1
patient24690,1
patient24691,3
patient24692,2
patient24693,1
patient24694,6
patient24695,1
patient24696,1
patient24697,6
patient24698,1
patient24699,2
patient24700,2
patient24701,1
patient24702,3
patient24703,4
patient24704,2
patient24705,3
patient24706,1
patient24707,1
patient24708,2
patient24709,1
patient24710,2
patient24711,1
patient24712,2
patient24713,15
patient24714,3
patient24715,9
patient24716,7
patient24717,6
patient24718,2
patient24719,2
patient24720,2
patient24721,1
patient24722,2
patient24723,2
patient24724,6
patient24725,1
patient24726,16
patient24727,3
patient24728,1
patient24729,1
patient24730,1
patient24731,3
patient24732,1
patient24733,5
patient24734,1
patient24735,5
patient24736,1
patient24737,7
patient24738,1
patient24739,3
patient24740,1
patient24741,1
patient24742,3
patient24743,2
patient24744,2
patient24745,1
patient24746,6
patient24747,1
patient24748,1
patient24749,2
patient24750,2
patient24751,5
patient24752,7
patient24753,2
patient24754,27
patient24755,1
patient24756,44
patient24757,2
patient24758,2
patient24759,2
patient24760,4
patient24761,2
patient24762,3
patient24763,1
patient24764,4
patient24765,1
patient24766,2
patient24767,2
patient24768,3
patient24769,1
patient24770,2
patient24771,2
patient24772,1
patient24773,13
patient24774,1
patient24775,2
patient24776,2
patient24777,1
patient24778,3
patient24779,3
patient24780,1
patient24781,3
patient24782,2
patient24783,1
patient24784,2
patient24785,3
patient24786,13
patient24787,2
patient24788,13
patient24789,5
patient24790,24
patient24791,7
patient24792,4
patient24793,5
patient24794,4
patient24795,1
patient24796,2
patient24797,2
patient24798,2
patient24799,3
patient24800,4
patient24801,1
patient24802,3
patient24803,2
patient24804,2
patient24805,6
patient24806,2
patient24807,2
patient24808,2
patient24809,4
patient24810,1
patient24811,1
patient24812,2
patient24813,68
patient24814,4
patient24815,4
patient24816,2
patient24817,8
patient24818,2
patient24819,2
patient24820,5
patient24821,1
patient24822,6
patient24823,1
patient24824,2
patient24825,2
patient24826,1
patient24827,1
patient24828,1
patient24829,2
patient24830,3
patient24831,2
patient24832,2
patient24833,2
patient24834,5
patient24835,2
patient24836,2
patient24837,2
patient24838,6
patient24839,13
patient24840,1
patient24841,4
patient24842,2
patient24843,3
patient24844,1
patient24845,4
patient24846,2
patient24847,2
patient24848,3
patient24849,1
patient24850,1
patient24851,8
patient24852,3
patient24853,3
patient24854,2
patient24855,2
patient24856,3
patient24857,2
patient24858,2
patient24859,2
patient24860,1
patient24861,2
patient24862,20
patient24863,2
patient24864,2
patient24865,4
patient24866,2
patient24867,1
patient24868,2
patient24869,2
patient24870,1
patient24871,1
patient24872,3
patient24873,2
patient24874,2
patient24875,3
patient24876,4
patient24877,1
patient24878,2
patient24879,2
patient24880,1
patient24881,2
patient24882,9
patient24883,6
patient24884,3
patient24885,1
patient24886,4
patient24887,1
patient24888,2
patient24889,2
patient24890,1
patient24891,3
patient24892,2
patient24893,7
patient24894,3
patient24895,1
patient24896,4
patient24897,2
patient24898,2
patient24899,2
patient24900,3
patient24901,26
patient24902,14
patient24903,13
patient24904,1
patient24905,5
patient24906,3
patient24907,8
patient24908,2
patient24909,2
patient24910,2
patient24911,9
patient24912,1
patient24913,1
patient24914,1
patient24915,2
patient24916,5
patient24917,2
patient24918,1
patient24919,1
patient24920,1
patient24921,2
patient24922,1
patient24923,2
patient24924,3
patient24925,2
patient24926,2
patient24927,4
patient24928,2
patient24929,1
patient24930,2
patient24931,1
patient24932,14
patient24933,2
patient24934,2
patient24935,3
patient24936,7
patient24937,2
patient24938,4
patient24939,2
patient24940,2
patient24941,2
patient24942,4
patient24943,3
patient24944,1
patient24945,1
patient24946,2
patient24947,2
patient24948,2
patient24949,2
patient24950,18
patient24951,1
patient24952,8
patient24953,2
patient24954,2
patient24955,16
patient24956,2
patient24957,1
patient24958,2
patient24959,1
patient24960,1
patient24961,10
patient24962,7
patient24963,14
patient24964,5
patient24965,1
patient24966,9
patient24967,2
patient24968,2
patient24969,1
patient24970,2
patient24971,2
patient24972,1
patient24973,1
patient24974,2
patient24975,2
patient24976,1
patient24977,6
patient24978,1
patient24979,1
patient24980,2
patient24981,16
patient24982,1
patient24983,1
patient24984,3
patient24985,3
patient24986,11
patient24987,2
patient24988,1
patient24989,4
patient24990,2
patient24991,5
patient24992,5
patient24993,2
patient24994,1
patient24995,2
patient24996,9
patient24997,3
patient24998,5
patient24999,13
patient25000,3
patient25001,1
patient25002,9
patient25003,1
patient25004,2
patient25005,1
patient25006,3
patient25007,6
patient25008,3
patient25009,2
patient25010,6
patient25011,4
patient25012,6
patient25013,8
patient25014,1
patient25015,35
patient25016,2
patient25017,1
patient25018,11
patient25019,3
patient25020,2
patient25021,1
patient25022,1
patient25023,1
patient25024,1
patient25025,7
patient25026,8
patient25027,2
patient25028,2
patient25029,2
patient25030,2
patient25031,6
patient25032,1
patient25033,1
patient25034,2
patient25035,6
patient25036,2
patient25037,2
patient25038,6
patient25039,8
patient25040,8
patient25041,1
patient25042,2
patient25043,1
patient25044,17
patient25045,8
patient25046,4
patient25047,7
patient25048,2
patient25049,2
patient25050,12
patient25051,18
patient25052,10
patient25053,3
patient25054,9
patient25055,38
patient25056,3
patient25057,2
patient25058,1
patient25059,1
patient25060,3
patient25061,2
patient25062,23
patient25063,16
patient25064,4
patient25065,12
patient25066,4
patient25067,3
patient25068,2
patient25069,19
patient25070,3
patient25071,1
patient25072,6
patient25073,2
patient25074,2
patient25075,16
patient25076,3
patient25077,1
patient25078,4
patient25079,2
patient25080,1
patient25081,3
patient25082,3
patient25083,2
patient25084,1
patient25085,2
patient25086,1
patient25087,4
patient25088,18
patient25089,7
patient25090,2
patient25091,2
patient25092,3
patient25093,2
patient25094,2
patient25095,4
patient25096,1
patient25097,5
patient25098,13
patient25099,6
patient25100,1
patient25101,5
patient25102,3
patient25103,3
patient25104,1
patient25105,7
patient25106,7
patient25107,2
patient25108,2
patient25109,2
patient25110,6
patient25111,2
patient25112,9
patient25113,12
patient25114,11
patient25115,2
patient25116,11
patient25117,14
patient25118,3
patient25119,3
patient25120,3
patient25121,2
patient25122,2
patient25123,1
patient25124,15
patient25125,43
patient25126,1
patient25127,11
patient25128,3
patient25129,2
patient25130,4
patient25131,1
patient25132,1
patient25133,2
patient25134,2
patient25135,1
patient25136,1
patient25137,3
patient25138,2
patient25139,1
patient25140,2
patient25141,1
patient25142,3
patient25143,3
patient25144,1
patient25145,4
patient25146,2
patient25147,17
patient25148,1
patient25149,1
patient25150,3
patient25151,5
patient25152,2
patient25153,1
patient25154,2
patient25155,9
patient25156,3
patient25157,3
patient25158,1
patient25159,3
patient25160,2
patient25161,7
patient25162,5
patient25163,2
patient25164,2
patient25165,4
patient25166,4
patient25167,3
patient25168,1
patient25169,11
patient25170,2
patient25171,2
patient25172,2
patient25173,5
patient25174,7
patient25175,5
patient25176,7
patient25177,2
patient25178,2
patient25179,1
patient25180,2
patient25181,2
patient25182,2
patient25183,2
patient25184,5
patient25185,2
patient25186,2
patient25187,2
patient25188,5
patient25189,2
patient25190,21
patient25191,5
patient25192,5
patient25193,1
patient25194,2
patient25195,2
patient25196,7
patient25197,2
patient25198,6
patient25199,1
patient25200,2
patient25201,5
patient25202,27
patient25203,20
patient25204,23
patient25205,35
patient25206,4
patient25207,7
patient25208,8
patient25209,2
patient25210,2
patient25211,1
patient25212,2
patient25213,2
patient25214,5
patient25215,1
patient25216,7
patient25217,1
patient25218,2
patient25219,1
patient25220,2
patient25221,7
patient25222,1
patient25223,9
patient25224,1
patient25225,2
patient25226,2
patient25227,4
patient25228,1
patient25229,6
patient25230,4
patient25231,2
patient25232,5
patient25233,2
patient25234,3
patient25235,2
patient25236,1
patient25237,2
patient25238,2
patient25239,1
patient25240,3
patient25241,11
patient25242,13
patient25243,4
patient25244,3
patient25245,2
patient25246,2
patient25247,8
patient25248,3
patient25249,1
patient25250,4
patient25251,7
patient25252,2
patient25253,4
patient25254,5
patient25255,3
patient25256,8
patient25257,10
patient25258,11
patient25259,6
patient25260,1
patient25261,2
patient25262,3
patient25263,16
patient25264,7
patient25265,7
patient25266,2
patient25267,1
patient25268,6
patient25269,2
patient25270,1
patient25271,6
patient25272,2
patient25273,2
patient25274,1
patient25275,2
patient25276,2
patient25277,2
patient25278,6
patient25279,3
patient25280,1
patient25281,3
patient25282,5
patient25283,1
patient25284,2
patient25285,2
patient25286,2
patient25287,5
patient25288,2
patient25289,2
patient25290,4
patient25291,2
patient25292,3
patient25293,9
patient25294,3
patient25295,7
patient25296,4
patient25297,2
patient25298,1
patient25299,4
patient25300,5
patient25301,1
patient25302,3
patient25303,8
patient25304,4
patient25305,6
patient25306,4
patient25307,2
patient25308,11
patient25309,2
patient25310,1
patient25311,6
patient25312,1
patient25313,1
patient25314,10
patient25315,1
patient25316,3
patient25317,2
patient25318,2
patient25319,1
patient25320,2
patient25321,6
patient25322,2
patient25323,2
patient25324,1
patient25325,3
patient25326,1
patient25327,5
patient25328,1
patient25329,3
patient25330,3
patient25331,2
patient25332,4
patient25333,2
patient25334,5
patient25335,2
patient25336,2
patient25337,3
patient25338,5
patient25339,1
patient25340,1
patient25341,2
patient25342,3
patient25343,2
patient25344,3
patient25345,7
patient25346,1
patient25347,10
patient25348,2
patient25349,2
patient25350,2
patient25351,5
patient25352,1
patient25353,1
patient25354,4
patient25355,7
patient25356,4
patient25357,3
patient25358,2
patient25359,35
patient25360,3
patient25361,2
patient25362,6
patient25363,2
patient25364,2
patient25365,2
patient25366,2
patient25367,1
patient25368,1
patient25369,1
patient25370,2
patient25371,10
patient25372,5
patient25373,4
patient25374,14
patient25375,2
patient25376,2
patient25377,1
patient25378,3
patient25379,10
patient25380,2
patient25381,2
patient25382,1
patient25383,3
patient25384,2
patient25385,6
patient25386,3
patient25387,1
patient25388,11
patient25389,2
patient25390,2
patient25391,2
patient25392,2
patient25393,7
patient25394,2
patient25395,2
patient25396,2
patient25397,1
patient25398,2
patient25399,2
patient25400,1
patient25401,9
patient25402,1
patient25403,4
patient25404,1
patient25405,8
patient25406,1
patient25407,4
patient25408,1
patient25409,3
patient25410,2
patient25411,4
patient25412,4
patient25413,1
patient25414,2
patient25415,1
patient25416,2
patient25417,2
patient25418,3
patient25419,2
patient25420,3
patient25421,2
patient25422,8
patient25423,3
patient25424,1
patient25425,6
patient25426,2
patient25427,2
patient25428,3
patient25429,2
patient25430,3
patient25431,4
patient25432,4
patient25433,7
patient25434,1
patient25435,2
patient25436,5
patient25437,2
patient25438,2
patient25439,5
patient25440,1
patient25441,4
patient25442,1
patient25443,4
patient25444,1
patient25445,13
patient25446,1
patient25447,9
patient25448,2
patient25449,1
patient25450,4
patient25451,5
patient25452,16
patient25453,1
patient25454,4
patient25455,3
patient25456,1
patient25457,3
patient25458,6
patient25459,2
patient25460,1
patient25461,1
patient25462,13
patient25463,6
patient25464,1
patient25465,6
patient25466,1
patient25467,2
patient25468,3
patient25469,2
patient25470,1
patient25471,2
patient25472,10
patient25473,3
patient25474,3
patient25475,4
patient25476,9
patient25477,1
patient25478,1
patient25479,3
patient25480,2
patient25481,2
patient25482,11
patient25483,6
patient25484,1
patient25485,2
patient25486,3
patient25487,1
patient25488,2
patient25489,2
patient25490,1
patient25491,3
patient25492,2
patient25493,10
patient25494,3
patient25495,2
patient25496,1
patient25497,2
patient25498,2
patient25499,9
patient25500,8
patient25501,1
patient25502,20
patient25503,1
patient25504,1
patient25505,2
patient25506,9
patient25507,3
patient25508,4
patient25509,2
patient25510,2
patient25511,2
patient25512,1
patient25513,2
patient25514,14
patient25515,2
patient25516,4
patient25517,10
patient25518,2
patient25519,2
patient25520,5
patient25521,11
patient25522,5
patient25523,4
patient25524,2
patient25525,13
patient25526,2
patient25527,7
patient25528,3
patient25529,2
patient25530,7
patient25531,10
patient25532,5
patient25533,2
patient25534,5
patient25535,2
patient25536,2
patient25537,11
patient25538,1
patient25539,26
patient25540,9
patient25541,1
patient25542,2
patient25543,3
patient25544,4
patient25545,1
patient25546,3
patient25547,2
patient25548,1
patient25549,12
patient25550,1
patient25551,4
patient25552,2
patient25553,2
patient25554,11
patient25555,2
patient25556,4
patient25557,9
patient25558,3
patient25559,9
patient25560,2
patient25561,2
patient25562,1
patient25563,2
patient25564,1
patient25565,1
patient25566,2
patient25567,4
patient25568,4
patient25569,1
patient25570,4
patient25571,3
patient25572,9
patient25573,11
patient25574,2
patient25575,3
patient25576,2
patient25577,4
patient25578,1
patient25579,2
patient25580,12
patient25581,19
patient25582,3
patient25583,6
patient25584,2
patient25585,3
patient25586,3
patient25587,1
patient25588,25
patient25589,5
patient25590,1
patient25591,2
patient25592,1
patient25593,11
patient25594,4
patient25595,8
patient25596,6
patient25597,6
patient25598,1
patient25599,3
patient25600,9
patient25601,1
patient25602,4
patient25603,2
patient25604,2
patient25605,3
patient25606,5
patient25607,4
patient25608,4
patient25609,2
patient25610,5
patient25611,4
patient25612,2
patient25613,2
patient25614,5
patient25615,3
patient25616,8
patient25617,2
patient25618,1
patient25619,6
patient25620,3
patient25621,2
patient25622,2
patient25623,5
patient25624,2
patient25625,6
patient25626,4
patient25627,4
patient25628,3
patient25629,1
patient25630,2
patient25631,2
patient25632,3
patient25633,2
patient25634,3
patient25635,4
patient25636,3
patient25637,9
patient25638,4
patient25639,2
patient25640,4
patient25641,2
patient25642,3
patient25643,1
patient25644,4
patient25645,2
patient25646,2
patient25647,2
patient25648,1
patient25649,4
patient25650,2
patient25651,1
patient25652,11
patient25653,2
patient25654,3
patient25655,3
patient25656,2
patient25657,2
patient25658,4
patient25659,11
patient25660,2
patient25661,13
patient25662,9
patient25663,10
patient25664,2
patient25665,2
patient25666,2
patient25667,5
patient25668,2
patient25669,1
patient25670,6
patient25671,1
patient25672,1
patient25673,5
patient25674,1
patient25675,1
patient25676,2
patient25677,9
patient25678,1
patient25679,3
patient25680,4
patient25681,1
patient25682,4
patient25683,9
patient25684,2
patient25685,2
patient25686,3
patient25687,3
patient25688,2
patient25689,1
patient25690,4
patient25691,2
patient25692,2
patient25693,2
patient25694,3
patient25695,19
patient25696,2
patient25697,1
patient25698,3
patient25699,2
patient25700,1
patient25701,2
patient25702,2
patient25703,2
patient25704,10
patient25705,1
patient25706,9
patient25707,4
patient25708,1
patient25709,2
patient25710,2
patient25711,7
patient25712,2
patient25713,7
patient25714,1
patient25715,3
patient25716,6
patient25717,2
patient25718,1
patient25719,2
patient25720,2
patient25721,4
patient25722,2
patient25723,2
patient25724,2
patient25725,5
patient25726,1
patient25727,4
patient25728,13
patient25729,49
patient25730,4
patient25731,10
patient25732,7
patient25733,3
patient25734,4
patient25735,1
patient25736,1
patient25737,1
patient25738,5
patient25739,1
patient25740,2
patient25741,2
patient25742,1
patient25743,25
patient25744,18
patient25745,2
patient25746,12
patient25747,1
patient25748,2
patient25749,1
patient25750,1
patient25751,2
patient25752,4
patient25753,2
patient25754,5
patient25755,2
patient25756,2
patient25757,2
patient25758,2
patient25759,1
patient25760,2
patient25761,2
patient25762,14
patient25763,1
patient25764,4
patient25765,1
patient25766,2
patient25767,1
patient25768,1
patient25769,4
patient25770,4
patient25771,6
patient25772,3
patient25773,2
patient25774,4
patient25775,4
patient25776,1
patient25777,2
patient25778,4
patient25779,2
patient25780,2
patient25781,7
patient25782,2
patient25783,3
patient25784,2
patient25785,2
patient25786,1
patient25787,1
patient25788,4
patient25789,2
patient25790,1
patient25791,1
patient25792,2
patient25793,7
patient25794,2
patient25795,1
patient25796,2
patient25797,1
patient25798,6
patient25799,2
patient25800,8
patient25801,2
patient25802,2
patient25803,8
patient25804,2
patient25805,2
patient25806,11
patient25807,1
patient25808,24
patient25809,12
patient25810,1
patient25811,2
patient25812,6
patient25813,4
patient25814,1
patient25815,4
patient25816,3
patient25817,16
patient25818,3
patient25819,2
patient25820,1
patient25821,9
patient25822,1
patient25823,2
patient25824,5
patient25825,3
patient25826,5
patient25827,15
patient25828,11
patient25829,7
patient25830,2
patient25831,2
patient25832,11
patient25833,5
patient25834,2
patient25835,4
patient25836,1
patient25837,42
patient25838,3
patient25839,5
patient25840,1
patient25841,4
patient25842,1
patient25843,2
patient25844,3
patient25845,1
patient25846,4
patient25847,1
patient25848,2
patient25849,1
patient25850,23
patient25851,2
patient25852,1
patient25853,1
patient25854,2
patient25855,2
patient25856,1
patient25857,3
patient25858,2
patient25859,1
patient25860,1
patient25861,3
patient25862,4
patient25863,25
patient25864,2
patient25865,1
patient25866,2
patient25867,4
patient25868,1
patient25869,1
patient25870,1
patient25871,7
patient25872,4
patient25873,1
patient25874,9
patient25875,1
patient25876,2
patient25877,1
patient25878,2
patient25879,44
patient25880,2
patient25881,2
patient25882,3
patient25883,1
patient25884,6
patient25885,3
patient25886,11
patient25887,3
patient25888,2
patient25889,3
patient25890,1
patient25891,2
patient25892,1
patient25893,2
patient25894,11
patient25895,2
patient25896,2
patient25897,2
patient25898,1
patient25899,4
patient25900,1
patient25901,1
patient25902,6
patient25903,2
patient25904,22
patient25905,6
patient25906,10
patient25907,2
patient25908,2
patient25909,4
patient25910,2
patient25911,15
patient25912,2
patient25913,2
patient25914,32
patient25915,2
patient25916,3
patient25917,2
patient25918,2
patient25919,2
patient25920,1
patient25921,4
patient25922,5
patient25923,6
patient25924,4
patient25925,1
patient25926,3
patient25927,6
patient25928,1
patient25929,2
patient25930,1
patient25931,2
patient25932,1
patient25933,14
patient25934,1
patient25935,1
patient25936,2
patient25937,1
patient25938,4
patient25939,8
patient25940,4
patient25941,5
patient25942,6
patient25943,2
patient25944,2
patient25945,4
patient25946,5
patient25947,1
patient25948,2
patient25949,2
patient25950,2
patient25951,16
patient25952,2
patient25953,1
patient25954,2
patient25955,2
patient25956,2
patient25957,1
patient25958,2
patient25959,2
patient25960,2
patient25961,1
patient25962,1
patient25963,1
patient25964,1
patient25965,2
patient25966,17
patient25967,4
patient25968,3
patient25969,1
patient25970,3
patient25971,12
patient25972,2
patient25973,6
patient25974,4
patient25975,3
patient25976,8
patient25977,1
patient25978,1
patient25979,12
patient25980,5
patient25981,2
patient25982,2
patient25983,1
patient25984,2
patient25985,4
patient25986,3
patient25987,4
patient25988,2
patient25989,2
patient25990,1
patient25991,1
patient25992,2
patient25993,2
patient25994,2
patient25995,3
patient25996,2
patient25997,11
patient25998,3
patient25999,2
patient26000,2
patient26001,6
patient26002,3
patient26003,6
patient26004,2
patient26005,3
patient26006,4
patient26007,4
patient26008,1
patient26009,1
patient26010,6
patient26011,2
patient26012,2
patient26013,2
patient26014,6
patient26015,2
patient26016,1
patient26017,1
patient26018,2
patient26019,11
patient26020,1
patient26021,1
patient26022,3
patient26023,2
patient26024,1
patient26025,5
patient26026,2
patient26027,1
patient26028,1
patient26029,25
patient26030,25
patient26032,2
patient26033,2
patient26034,19
patient26035,1
patient26036,14
patient26037,5
patient26038,15
patient26039,3
patient26040,2
patient26041,1
patient26042,2
patient26043,2
patient26044,15
patient26045,2
patient26046,1
patient26047,3
patient26048,1
patient26049,2
patient26050,4
patient26051,2
patient26052,2
patient26053,2
patient26054,2
patient26055,10
patient26056,2
patient26057,2
patient26058,3
patient26059,2
patient26060,5
patient26061,5
patient26062,6
patient26063,5
patient26064,6
patient26065,2
patient26066,2
patient26067,6
patient26068,2
patient26069,6
patient26070,1
patient26071,2
patient26072,2
patient26073,2
patient26074,2
patient26075,2
patient26076,1
patient26077,2
patient26078,7
patient26079,1
patient26080,1
patient26081,8
patient26082,1
patient26083,1
patient26084,2
patient26085,7
patient26086,8
patient26087,1
patient26088,7
patient26089,4
patient26090,2
patient26091,1
patient26092,1
patient26093,2
patient26094,10
patient26095,3
patient26096,2
patient26097,8
patient26098,2
patient26099,2
patient26100,1
patient26101,1
patient26102,1
patient26103,3
patient26104,2
patient26105,2
patient26106,1
patient26107,2
patient26108,2
patient26109,3
patient26110,2
patient26111,4
patient26112,2
patient26113,1
patient26114,2
patient26115,14
patient26116,8
patient26117,12
patient26118,4
patient26119,1
patient26120,6
patient26121,7
patient26122,8
patient26123,1
patient26124,2
patient26125,1
patient26126,1
patient26127,3
patient26128,3
patient26129,5
patient26130,7
patient26131,2
patient26132,3
patient26133,2
patient26134,8
patient26135,3
patient26136,5
patient26137,2
patient26138,1
patient26139,2
patient26140,3
patient26141,5
patient26142,3
patient26143,4
patient26144,4
patient26145,2
patient26146,2
patient26147,10
patient26148,3
patient26149,2
patient26150,2
patient26151,2
patient26152,2
patient26153,1
patient26154,3
patient26155,3
patient26156,2
patient26157,1
patient26158,31
patient26159,4
patient26160,2
patient26161,3
patient26162,2
patient26163,3
patient26164,4
patient26165,19
patient26166,7
patient26167,10
patient26168,5
patient26169,59
patient26170,1
patient26171,2
patient26172,2
patient26173,21
patient26174,5
patient26175,4
patient26176,1
patient26177,3
patient26178,1
patient26179,1
patient26180,1
patient26181,1
patient26182,7
patient26183,4
patient26184,1
patient26185,1
patient26186,2
patient26187,3
patient26188,2
patient26189,20
patient26190,8
patient26191,1
patient26192,2
patient26193,2
patient26194,1
patient26195,6
patient26196,1
patient26197,2
patient26198,1
patient26199,41
patient26200,4
patient26201,2
patient26202,2
patient26203,2
patient26204,2
patient26205,3
patient26206,3
patient26207,2
patient26208,1
patient26209,2
patient26210,1
patient26211,1
patient26212,1
patient26213,4
patient26214,3
patient26215,4
patient26216,2
patient26217,8
patient26218,1
patient26219,10
patient26220,3
patient26221,2
patient26222,1
patient26223,5
patient26224,2
patient26225,1
patient26226,4
patient26227,1
patient26228,4
patient26229,3
patient26230,4
patient26231,2
patient26232,1
patient26233,2
patient26234,7
patient26235,3
patient26236,2
patient26237,5
patient26238,5
patient26239,8
patient26240,1
patient26241,2
patient26242,4
patient26243,2
patient26244,4
patient26245,4
patient26246,1
patient26247,1
patient26248,1
patient26249,3
patient26250,6
patient26251,19
patient26252,1
patient26253,2
patient26254,17
patient26255,2
patient26256,2
patient26257,35
patient26258,1
patient26259,3
patient26260,1
patient26261,1
patient26262,3
patient26263,3
patient26264,1
patient26265,1
patient26266,1
patient26267,2
patient26268,1
patient26269,2
patient26270,13
patient26271,16
patient26272,9
patient26273,6
patient26274,2
patient26275,2
patient26276,2
patient26277,1
patient26278,3
patient26279,3
patient26280,1
patient26281,2
patient26282,5
patient26283,2
patient26284,2
patient26285,3
patient26286,2
patient26287,4
patient26288,2
patient26289,3
patient26290,5
patient26291,4
patient26292,1
patient26293,3
patient26294,2
patient26295,3
patient26296,20
patient26297,5
patient26298,13
patient26299,4
patient26300,2
patient26301,1
patient26302,1
patient26303,2
patient26304,2
patient26305,5
patient26306,2
patient26307,1
patient26308,4
patient26309,8
patient26310,2
patient26311,2
patient26312,5
patient26313,1
patient26314,4
patient26315,1
patient26316,3
patient26317,1
patient26318,3
patient26319,4
patient26320,1
patient26321,1
patient26322,2
patient26323,7
patient26324,3
patient26325,2
patient26326,5
patient26327,10
patient26328,3
patient26329,2
patient26330,16
patient26331,5
patient26332,3
patient26333,2
patient26334,12
patient26335,12
patient26336,1
patient26337,1
patient26338,6
patient26339,3
patient26340,16
patient26341,31
patient26342,2
patient26343,1
patient26344,7
patient26345,1
patient26346,1
patient26347,2
patient26348,2
patient26349,1
patient26350,2
patient26351,1
patient26352,2
patient26353,2
patient26354,1
patient26355,2
patient26356,3
patient26357,2
patient26358,2
patient26359,2
patient26360,2
patient26361,1
patient26362,1
patient26363,7
patient26364,2
patient26365,2
patient26366,2
patient26367,2
patient26368,4
patient26369,5
patient26370,14
patient26371,5
patient26372,2
patient26373,2
patient26374,1
patient26375,2
patient26376,7
patient26377,2
patient26378,1
patient26379,2
patient26380,2
patient26381,76
patient26382,10
patient26383,3
patient26384,6
patient26385,6
patient26386,1
patient26387,2
patient26388,2
patient26389,1
patient26390,2
patient26391,3
patient26392,16
patient26393,3
patient26394,1
patient26395,3
patient26396,3
patient26397,6
patient26398,2
patient26399,2
patient26400,4
patient26401,2
patient26402,3
patient26403,2
patient26404,1
patient26405,2
patient26406,1
patient26407,3
patient26408,6
patient26409,8
patient26410,4
patient26411,2
patient26412,8
patient26413,3
patient26414,7
patient26415,2
patient26416,5
patient26417,3
patient26418,10
patient26419,3
patient26420,1
patient26421,2
patient26422,3
patient26423,13
patient26424,10
patient26425,1
patient26426,16
patient26427,2
patient26428,4
patient26429,1
patient26430,1
patient26431,2
patient26432,1
patient26433,1
patient26434,1
patient26435,15
patient26436,3
patient26437,3
patient26438,3
patient26439,2
patient26440,2
patient26441,2
patient26442,2
patient26443,1
patient26444,1
patient26445,5
patient26446,2
patient26447,4
patient26448,2
patient26449,1
patient26450,32
patient26451,1
patient26452,1
patient26453,2
patient26454,2
patient26455,2
patient26456,1
patient26457,2
patient26458,21
patient26459,4
patient26460,2
patient26461,2
patient26462,2
patient26463,1
patient26464,11
patient26465,2
patient26466,3
patient26467,9
patient26468,1
patient26469,2
patient26470,3
patient26471,1
patient26472,7
patient26473,4
patient26474,3
patient26475,1
patient26476,4
patient26477,3
patient26478,1
patient26479,1
patient26480,3
patient26481,1
patient26482,4
patient26483,13
patient26484,4
patient26485,2
patient26486,4
patient26487,1
patient26488,8
patient26489,1
patient26490,8
patient26491,21
patient26492,2
patient26493,3
patient26494,7
patient26495,9
patient26496,1
patient26497,2
patient26498,3
patient26499,1
patient26500,2
patient26501,8
patient26502,2
patient26503,1
patient26504,2
patient26505,17
patient26506,3
patient26507,1
patient26508,2
patient26509,14
patient26510,9
patient26511,4
patient26512,1
patient26513,1
patient26514,2
patient26515,2
patient26516,2
patient26517,2
patient26518,54
patient26519,7
patient26520,2
patient26521,3
patient26522,11
patient26523,3
patient26524,4
patient26525,19
patient26526,17
patient26527,2
patient26528,11
patient26529,2
patient26530,5
patient26531,14
patient26532,3
patient26533,1
patient26534,3
patient26535,10
patient26536,1
patient26537,3
patient26538,3
patient26539,1
patient26540,1
patient26541,3
patient26542,4
patient26543,7
patient26544,2
patient26545,3
patient26546,1
patient26547,2
patient26548,7
patient26549,1
patient26550,2
patient26551,3
patient26552,5
patient26553,13
patient26554,5
patient26555,2
patient26556,2
patient26557,17
patient26558,6
patient26559,2
patient26560,11
patient26561,24
patient26562,1
patient26563,2
patient26564,2
patient26565,7
patient26566,2
patient26567,1
patient26568,1
patient26569,3
patient26570,2
patient26571,9
patient26572,8
patient26573,22
patient26574,3
patient26575,7
patient26576,8
patient26577,4
patient26578,1
patient26579,6
patient26580,3
patient26581,33
patient26582,1
patient26583,1
patient26584,7
patient26585,4
patient26586,2
patient26587,1
patient26588,6
patient26589,2
patient26590,1
patient26591,8
patient26592,1
patient26593,1
patient26594,6
patient26595,3
patient26596,2
patient26597,1
patient26598,4
patient26599,2
patient26600,1
patient26601,2
patient26602,1
patient26603,1
patient26604,2
patient26605,1
patient26606,2
patient26607,2
patient26608,1
patient26609,2
patient26610,2
patient26611,3
patient26612,5
patient26613,1
patient26614,8
patient26615,2
patient26616,5
patient26617,4
patient26618,8
patient26619,10
patient26620,2
patient26621,8
patient26622,2
patient26623,14
patient26624,1
patient26625,8
patient26626,1
patient26627,4
patient26628,3
patient26629,1
patient26630,3
patient26631,2
patient26632,1
patient26633,7
patient26634,2
patient26635,4
patient26636,2
patient26637,2
patient26638,7
patient26639,5
patient26640,2
patient26641,1
patient26642,5
patient26643,2
patient26644,5
patient26645,1
patient26646,1
patient26647,2
patient26648,7
patient26649,2
patient26650,1
patient26651,1
patient26652,6
patient26653,11
patient26654,7
patient26655,4
patient26656,1
patient26657,4
patient26658,1
patient26659,3
patient26660,2
patient26661,2
patient26662,2
patient26663,2
patient26664,2
patient26665,6
patient26666,1
patient26667,2
patient26668,2
patient26669,2
patient26670,3
patient26671,3
patient26672,2
patient26673,2
patient26674,4
patient26675,7
patient26676,2
patient26677,2
patient26678,3
patient26679,2
patient26680,17
patient26681,2
patient26682,1
patient26683,2
patient26684,1
patient26685,11
patient26686,1
patient26687,1
patient26688,2
patient26689,1
patient26690,2
patient26691,13
patient26692,10
patient26693,2
patient26694,21
patient26695,10
patient26696,1
patient26697,2
patient26698,2
patient26699,2
patient26700,3
patient26701,1
patient26702,1
patient26703,21
patient26704,56
patient26705,2
patient26706,2
patient26707,14
patient26708,2
patient26709,4
patient26710,5
patient26711,2
patient26712,2
patient26713,1
patient26714,4
patient26715,9
patient26716,1
patient26717,1
patient26718,4
patient26719,1
patient26720,4
patient26721,4
patient26722,7
patient26723,2
patient26724,1
patient26725,3
patient26726,4
patient26727,4
patient26728,2
patient26729,3
patient26730,2
patient26731,34
patient26732,4
patient26733,1
patient26734,1
patient26735,2
patient26736,1
patient26737,6
patient26738,1
patient26739,2
patient26740,2
patient26741,7
patient26742,8
patient26743,1
patient26744,1
patient26745,2
patient26746,2
patient26747,1
patient26748,8
patient26749,2
patient26750,8
patient26751,1
patient26752,3
patient26753,49
patient26754,1
patient26755,3
patient26756,3
patient26757,5
patient26758,3
patient26759,5
patient26760,4
patient26761,4
patient26762,2
patient26763,2
patient26764,1
patient26765,4
patient26766,9
patient26767,2
patient26768,2
patient26769,7
patient26770,1
patient26771,7
patient26772,2
patient26773,7
patient26774,5
patient26775,5
patient26776,4
patient26777,5
patient26778,20
patient26779,2
patient26780,39
patient26781,1
patient26782,1
patient26783,2
patient26784,3
patient26785,29
patient26786,1
patient26787,2
patient26788,2
patient26789,2
patient26790,1
patient26791,46
patient26792,20
patient26793,2
patient26794,16
patient26795,9
patient26796,2
patient26797,3
patient26798,2
patient26799,1
patient26800,1
patient26801,2
patient26802,2
patient26803,2
patient26804,2
patient26805,1
patient26806,12
patient26807,1
patient26808,8
patient26809,1
patient26810,4
patient26811,1
patient26812,2
patient26813,11
patient26814,4
patient26815,2
patient26816,3
patient26817,1
patient26818,7
patient26819,5
patient26820,5
patient26821,3
patient26822,1
patient26823,1
patient26824,1
patient26825,1
patient26826,2
patient26827,6
patient26828,1
patient26829,4
patient26830,2
patient26831,1
patient26832,29
patient26833,2
patient26834,1
patient26835,1
patient26836,1
patient26837,1
patient26838,2
patient26839,1
patient26840,5
patient26841,2
patient26842,3
patient26843,2
patient26844,2
patient26845,2
patient26846,1
patient26847,3
patient26848,25
patient26849,12
patient26850,3
patient26851,3
patient26852,6
patient26853,3
patient26854,2
patient26855,7
patient26856,5
patient26857,1
patient26858,1
patient26859,1
patient26860,3
patient26861,13
patient26862,2
patient26863,2
patient26864,1
patient26865,1
patient26866,16
patient26867,6
patient26868,3
patient26869,4
patient26870,2
patient26871,2
patient26872,7
patient26873,1
patient26874,1
patient26875,3
patient26876,1
patient26877,5
patient26878,7
patient26879,3
patient26880,1
patient26881,9
patient26882,3
patient26883,2
patient26884,2
patient26885,1
patient26886,34
patient26887,2
patient26888,2
patient26889,5
patient26890,1
patient26891,11
patient26892,1
patient26893,5
patient26894,4
patient26895,5
patient26896,2
patient26897,1
patient26898,2
patient26899,2
patient26900,9
patient26901,4
patient26902,1
patient26903,2
patient26904,2
patient26905,1
patient26906,6
patient26907,1
patient26908,6
patient26909,5
patient26910,5
patient26911,4
patient26912,2
patient26913,7
patient26914,4
patient26915,2
patient26916,9
patient26917,3
patient26918,2
patient26919,6
patient26920,2
patient26921,1
patient26922,4
patient26923,2
patient26924,2
patient26925,4
patient26926,2
patient26927,2
patient26928,1
patient26929,4
patient26930,5
patient26931,14
patient26932,1
patient26933,2
patient26934,1
patient26935,5
patient26936,2
patient26937,4
patient26938,2
patient26939,3
patient26940,2
patient26941,2
patient26942,1
patient26943,5
patient26944,5
patient26945,2
patient26946,3
patient26947,2
patient26948,5
patient26949,10
patient26950,2
patient26951,1
patient26952,2
patient26953,2
patient26954,2
patient26955,6
patient26956,1
patient26957,2
patient26958,1
patient26959,3
patient26960,2
patient26961,3
patient26962,1
patient26963,5
patient26964,2
patient26965,2
patient26966,4
patient26967,1
patient26968,1
patient26969,3
patient26970,2
patient26971,1
patient26972,1
patient26973,18
patient26974,4
patient26975,12
patient26976,10
patient26977,2
patient26978,3
patient26979,9
patient26980,2
patient26981,4
patient26982,2
patient26983,2
patient26984,17
patient26985,6
patient26986,3
patient26987,1
patient26988,2
patient26989,2
patient26990,2
patient26991,1
patient26992,3
patient26993,3
patient26994,1
patient26995,3
patient26996,3
patient26997,6
patient26998,2
patient26999,1
patient27000,2
patient27001,24
patient27002,2
patient27003,1
patient27004,2
patient27005,1
patient27006,2
patient27007,2
patient27008,1
patient27009,10
patient27010,4
patient27011,1
patient27012,11
patient27013,2
patient27014,1
patient27015,7
patient27016,2
patient27017,1
patient27018,2
patient27019,1
patient27020,1
patient27021,2
patient27022,5
patient27023,19
patient27024,2
patient27025,2
patient27026,2
patient27027,1
patient27028,1
patient27029,1
patient27030,9
patient27031,8
patient27032,19
patient27033,5
patient27034,1
patient27035,5
patient27036,5
patient27037,2
patient27038,2
patient27039,2
patient27040,1
patient27041,2
patient27042,3
patient27043,1
patient27044,4
patient27045,2
patient27046,9
patient27047,2
patient27048,2
patient27049,1
patient27050,2
patient27051,2
patient27052,5
patient27053,1
patient27054,2
patient27055,6
patient27056,2
patient27057,8
patient27058,5
patient27059,19
patient27060,2
patient27061,1
patient27062,6
patient27063,1
patient27064,1
patient27065,4
patient27066,2
patient27067,2
patient27068,4
patient27069,8
patient27070,2
patient27071,10
patient27072,2
patient27073,7
patient27074,3
patient27075,3
patient27076,1
patient27077,2
patient27078,15
patient27079,7
patient27080,2
patient27081,7
patient27082,1
patient27083,7
patient27084,1
patient27085,4
patient27086,4
patient27087,1
patient27088,8
patient27089,1
patient27090,1
patient27091,7
patient27092,1
patient27093,17
patient27094,2
patient27095,2
patient27096,2
patient27097,2
patient27098,2
patient27099,2
patient27100,4
patient27101,1
patient27102,2
patient27103,9
patient27104,3
patient27105,6
patient27106,5
patient27107,6
patient27108,2
patient27109,1
patient27110,6
patient27111,1
patient27112,2
patient27113,1
patient27114,2
patient27115,2
patient27116,2
patient27117,2
patient27118,2
patient27119,1
patient27120,8
patient27121,1
patient27122,2
patient27123,1
patient27124,2
patient27125,2
patient27126,4
patient27127,3
patient27128,2
patient27129,1
patient27130,2
patient27131,1
patient27132,2
patient27133,2
patient27134,1
patient27135,1
patient27136,4
patient27137,2
patient27138,1
patient27139,1
patient27140,1
patient27141,1
patient27142,1
patient27143,2
patient27144,2
patient27145,4
patient27146,2
patient27147,3
patient27148,2
patient27149,1
patient27150,3
patient27151,3
patient27152,2
patient27153,5
patient27154,5
patient27155,2
patient27156,2
patient27157,1
patient27158,1
patient27159,1
patient27160,2
patient27161,1
patient27162,2
patient27163,2
patient27164,1
patient27165,1
patient27166,1
patient27167,6
patient27168,8
patient27169,2
patient27170,16
patient27171,7
patient27172,3
patient27173,1
patient27174,2
patient27175,1
patient27176,3
patient27177,8
patient27178,2
patient27179,3
patient27180,5
patient27181,2
patient27182,1
patient27183,2
patient27184,7
patient27185,13
patient27186,4
patient27187,1
patient27188,2
patient27189,20
patient27190,9
patient27191,4
patient27192,4
patient27193,32
patient27194,2
patient27195,2
patient27196,2
patient27197,1
patient27198,1
patient27199,2
patient27200,1
patient27201,1
patient27202,2
patient27203,2
patient27204,2
patient27205,2
patient27206,4
patient27207,2
patient27208,2
patient27209,9
patient27210,2
patient27211,3
patient27212,2
patient27213,2
patient27214,10
patient27215,3
patient27216,4
patient27217,2
patient27218,4
patient27219,4
patient27220,3
patient27221,6
patient27222,2
patient27223,1
patient27224,3
patient27225,2
patient27226,1
patient27227,2
patient27228,1
patient27229,1
patient27230,2
patient27231,1
patient27232,3
patient27233,1
patient27234,2
patient27235,1
patient27236,1
patient27237,5
patient27238,3
patient27239,4
patient27240,2
patient27241,5
patient27242,7
patient27243,1
patient27244,1
patient27245,1
patient27246,3
patient27247,4
patient27248,2
patient27249,2
patient27250,3
patient27251,2
patient27252,1
patient27253,3
patient27254,9
patient27255,1
patient27256,13
patient27257,2
patient27258,2
patient27259,2
patient27260,1
patient27261,2
patient27262,1
patient27263,5
patient27264,2
patient27265,1
patient27266,9
patient27267,5
patient27268,8
patient27269,1
patient27270,1
patient27271,1
patient27272,2
patient27273,6
patient27274,5
patient27275,1
patient27276,1
patient27277,1
patient27278,14
patient27279,1
patient27280,1
patient27281,7
patient27282,2
patient27283,2
patient27284,4
patient27285,6
patient27286,2
patient27287,1
patient27288,5
patient27289,1
patient27290,3
patient27291,4
patient27292,2
patient27293,3
patient27294,2
patient27295,10
patient27296,1
patient27297,1
patient27298,3
patient27299,2
patient27300,7
patient27301,22
patient27302,13
patient27303,2
patient27304,2
patient27305,2
patient27306,2
patient27307,2
patient27308,3
patient27309,2
patient27310,2
patient27311,4
patient27312,3
patient27313,2
patient27314,2
patient27315,1
patient27316,4
patient27317,11
patient27318,2
patient27319,1
patient27320,7
patient27321,2
patient27322,1
patient27323,1
patient27324,3
patient27325,3
patient27326,7
patient27327,5
patient27328,11
patient27329,4
patient27330,2
patient27331,2
patient27332,4
patient27333,2
patient27334,2
patient27335,7
patient27336,1
patient27337,2
patient27338,17
patient27339,5
patient27340,4
patient27341,3
patient27342,1
patient27343,11
patient27344,4
patient27345,24
patient27346,2
patient27347,3
patient27348,2
patient27349,2
patient27350,2
patient27351,5
patient27352,2
patient27353,2
patient27354,3
patient27355,12
patient27356,7
patient27357,4
patient27358,1
patient27359,1
patient27360,2
patient27361,3
patient27362,2
patient27363,18
patient27364,1
patient27365,6
patient27366,13
patient27367,4
patient27368,3
patient27369,1
patient27370,2
patient27371,2
patient27372,2
patient27373,12
patient27374,2
patient27375,1
patient27376,1
patient27377,1
patient27378,1
patient27379,2
patient27380,2
patient27381,2
patient27382,4
patient27383,18
patient27384,9
patient27385,5
patient27386,2
patient27387,2
patient27388,2
patient27389,3
patient27390,2
patient27391,1
patient27392,5
patient27393,3
patient27394,2
patient27395,1
patient27396,3
patient27397,2
patient27398,1
patient27399,4
patient27400,1
patient27401,1
patient27402,13
patient27403,2
patient27404,7
patient27405,1
patient27406,2
patient27407,2
patient27408,9
patient27409,12
patient27410,3
patient27411,9
patient27412,4
patient27413,3
patient27414,6
patient27415,3
patient27416,1
patient27417,20
patient27418,3
patient27419,2
patient27420,1
patient27421,2
patient27422,7
patient27423,1
patient27424,4
patient27425,2
patient27426,11
patient27427,20
patient27428,2
patient27429,5
patient27430,2
patient27431,10
patient27432,1
patient27433,1
patient27434,1
patient27435,4
patient27436,3
patient27437,2
patient27438,2
patient27439,2
patient27440,1
patient27441,2
patient27442,4
patient27443,2
patient27444,1
patient27445,3
patient27446,1
patient27447,2
patient27448,4
patient27449,10
patient27450,9
patient27451,17
patient27452,3
patient27453,9
patient27454,2
patient27455,2
patient27456,3
patient27457,1
patient27458,2
patient27459,1
patient27460,1
patient27461,2
patient27462,2
patient27463,2
patient27464,3
patient27465,3
patient27466,2
patient27467,5
patient27468,5
patient27469,2
patient27470,7
patient27471,8
patient27472,2
patient27473,9
patient27474,2
patient27475,1
patient27476,4
patient27477,2
patient27478,7
patient27479,25
patient27480,10
patient27481,6
patient27482,4
patient27483,1
patient27484,1
patient27485,2
patient27486,3
patient27487,4
patient27488,2
patient27489,3
patient27490,17
patient27491,2
patient27492,2
patient27493,2
patient27494,2
patient27495,2
patient27496,1
patient27497,3
patient27498,1
patient27499,4
patient27500,1
patient27501,5
patient27502,3
patient27503,2
patient27504,2
patient27505,15
patient27506,3
patient27507,2
patient27508,2
patient27509,4
patient27510,7
patient27511,8
patient27512,1
patient27513,5
patient27514,2
patient27515,4
patient27516,1
patient27517,9
patient27518,1
patient27519,4
patient27520,18
patient27521,8
patient27522,5
patient27523,12
patient27524,4
patient27525,1
patient27526,2
patient27527,1
patient27528,2
patient27529,1
patient27530,6
patient27531,5
patient27532,8
patient27533,3
patient27534,5
patient27535,12
patient27536,6
patient27537,7
patient27538,2
patient27539,3
patient27540,1
patient27541,2
patient27542,8
patient27543,52
patient27544,5
patient27545,16
patient27546,8
patient27547,10
patient27548,4
patient27549,43
patient27550,4
patient27551,1
patient27552,2
patient27553,2
patient27554,8
patient27555,2
patient27556,2
patient27557,2
patient27558,1
patient27559,1
patient27560,5
patient27561,6
patient27562,3
patient27563,1
patient27564,2
patient27565,1
patient27566,6
patient27567,2
patient27568,7
patient27569,2
patient27570,2
patient27571,2
patient27572,1
patient27573,4
patient27574,4
patient27575,1
patient27576,2
patient27577,2
patient27578,2
patient27579,2
patient27580,1
patient27581,5
patient27582,3
patient27583,4
patient27584,2
patient27585,1
patient27586,2
patient27587,2
patient27588,7
patient27589,6
patient27590,6
patient27591,4
patient27592,8
patient27593,1
patient27594,2
patient27595,5
patient27596,2
patient27597,1
patient27598,2
patient27599,4
patient27600,2
patient27601,2
patient27602,2
patient27603,1
patient27604,2
patient27605,1
patient27606,3
patient27607,1
patient27608,4
patient27609,2
patient27610,11
patient27611,1
patient27612,6
patient27613,2
patient27614,1
patient27615,1
patient27616,1
patient27617,2
patient27618,1
patient27619,8
patient27620,3
patient27621,2
patient27622,2
patient27623,2
patient27624,1
patient27625,1
patient27626,1
patient27627,5
patient27628,2
patient27629,15
patient27630,1
patient27631,2
patient27632,38
patient27633,10
patient27634,3
patient27635,5
patient27636,2
patient27637,2
patient27638,6
patient27639,2
patient27640,2
patient27641,2
patient27642,1
patient27643,5
patient27644,9
patient27645,11
patient27646,12
patient27647,1
patient27648,2
patient27649,26
patient27650,1
patient27651,1
patient27652,1
patient27653,2
patient27654,2
patient27655,1
patient27656,2
patient27657,2
patient27658,1
patient27659,1
patient27660,1
patient27661,7
patient27662,4
patient27663,7
patient27664,2
patient27665,2
patient27666,4
patient27667,2
patient27668,2
patient27669,8
patient27670,1
patient27671,18
patient27672,3
patient27673,10
patient27674,1
patient27675,2
patient27676,4
patient27677,5
patient27678,4
patient27679,2
patient27680,51
patient27681,2
patient27682,2
patient27683,2
patient27684,1
patient27685,10
patient27686,4
patient27687,2
patient27688,3
patient27689,7
patient27690,2
patient27691,3
patient27692,6
patient27693,1
patient27694,13
patient27695,1
patient27696,2
patient27697,1
patient27698,2
patient27699,1
patient27700,2
patient27701,18
patient27702,1
patient27703,6
patient27704,3
patient27705,6
patient27706,2
patient27707,3
patient27708,1
patient27709,1
patient27710,3
patient27711,8
patient27712,11
patient27713,2
patient27714,6
patient27715,11
patient27716,2
patient27717,3
patient27718,28
patient27719,5
patient27720,1
patient27721,3
patient27722,2
patient27723,2
patient27724,1
patient27725,6
patient27726,2
patient27727,3
patient27728,1
patient27729,2
patient27730,3
patient27731,1
patient27732,1
patient27733,1
patient27734,41
patient27735,2
patient27736,1
patient27737,1
patient27738,4
patient27739,3
patient27740,2
patient27741,13
patient27742,2
patient27743,6
patient27744,1
patient27745,6
patient27746,1
patient27747,7
patient27748,4
patient27749,1
patient27750,2
patient27751,2
patient27752,9
patient27753,2
patient27754,2
patient27755,4
patient27756,1
patient27757,11
patient27758,1
patient27759,2
patient27760,5
patient27761,2
patient27762,3
patient27763,4
patient27764,3
patient27765,2
patient27766,3
patient27767,17
patient27768,9
patient27769,12
patient27770,2
patient27771,2
patient27772,9
patient27773,5
patient27774,1
patient27775,3
patient27776,2
patient27777,4
patient27778,5
patient27779,3
patient27780,1
patient27781,3
patient27782,5
patient27783,4
patient27784,2
patient27785,8
patient27786,2
patient27787,2
patient27788,2
patient27789,2
patient27790,6
patient27791,2
patient27792,11
patient27793,1
patient27794,1
patient27795,2
patient27796,2
patient27797,2
patient27798,4
patient27799,3
patient27800,1
patient27801,2
patient27802,2
patient27803,1
patient27804,2
patient27805,28
patient27806,5
patient27807,3
patient27808,15
patient27809,1
patient27810,6
patient27811,4
patient27812,2
patient27813,2
patient27814,2
patient27815,3
patient27816,3
patient27817,3
patient27818,2
patient27819,2
patient27820,2
patient27821,5
patient27822,2
patient27823,2
patient27824,2
patient27825,5
patient27826,14
patient27827,9
patient27828,12
patient27829,2
patient27830,4
patient27831,2
patient27832,1
patient27833,4
patient27834,1
patient27835,2
patient27836,2
patient27837,3
patient27838,5
patient27839,2
patient27840,3
patient27841,7
patient27842,3
patient27843,1
patient27844,13
patient27845,1
patient27846,6
patient27847,1
patient27848,5
patient27849,2
patient27850,3
patient27851,5
patient27852,8
patient27853,1
patient27854,1
patient27855,4
patient27856,3
patient27857,7
patient27858,1
patient27859,4
patient27860,2
patient27861,2
patient27862,2
patient27863,2
patient27864,2
patient27865,9
patient27866,2
patient27867,1
patient27868,4
patient27869,1
patient27870,2
patient27871,1
patient27872,7
patient27873,4
patient27874,1
patient27875,1
patient27876,5
patient27877,5
patient27878,2
patient27879,7
patient27880,4
patient27881,10
patient27882,2
patient27883,1
patient27884,2
patient27885,2
patient27886,1
patient27887,2
patient27888,1
patient27889,2
patient27890,4
patient27891,3
patient27892,2
patient27893,2
patient27894,2
patient27895,3
patient27896,1
patient27897,2
patient27898,11
patient27899,1
patient27900,23
patient27901,2
patient27902,3
patient27903,3
patient27904,2
patient27905,4
patient27906,3
patient27907,11
patient27908,10
patient27909,1
patient27910,20
patient27911,1
patient27912,2
patient27913,3
patient27914,13
patient27915,4
patient27916,3
patient27917,1
patient27918,3
patient27919,1
patient27920,2
patient27921,1
patient27922,2
patient27923,5
patient27924,4
patient27925,1
patient27926,2
patient27927,1
patient27928,1
patient27929,3
patient27930,3
patient27931,4
patient27932,1
patient27933,1
patient27934,1
patient27935,10
patient27936,3
patient27937,2
patient27938,1
patient27939,2
patient27940,2
patient27941,1
patient27942,2
patient27943,1
patient27944,4
patient27945,1
patient27946,2
patient27947,2
patient27948,3
patient27949,2
patient27950,3
patient27951,2
patient27952,15
patient27953,2
patient27954,2
patient27955,9
patient27956,9
patient27957,3
patient27958,2
patient27959,12
patient27960,9
patient27961,1
patient27962,2
patient27963,2
patient27964,6
patient27965,1
patient27966,4
patient27967,2
patient27968,2
patient27969,3
patient27970,2
patient27971,13
patient27972,9
patient27973,2
patient27974,5
patient27975,1
patient27976,1
patient27977,54
patient27978,15
patient27979,2
patient27980,2
patient27981,2
patient27982,6
patient27983,40
patient27984,3
patient27985,3
patient27986,1
patient27987,1
patient27988,2
patient27989,1
patient27990,8
patient27991,1
patient27992,3
patient27993,12
patient27994,65
patient27995,2
patient27996,3
patient27997,2
patient27998,9
patient27999,2
patient28000,5
patient28001,2
patient28002,8
patient28003,5
patient28004,1
patient28005,2
patient28006,2
patient28007,1
patient28008,4
patient28009,4
patient28010,36
patient28011,4
patient28012,3
patient28013,5
patient28014,5
patient28015,48
patient28016,8
patient28017,1
patient28018,1
patient28019,4
patient28020,9
patient28021,5
patient28022,2
patient28023,2
patient28024,1
patient28025,2
patient28026,4
patient28027,4
patient28028,4
patient28029,5
patient28030,1
patient28031,1
patient28032,2
patient28033,4
patient28034,2
patient28035,2
patient28036,4
patient28037,2
patient28038,2
patient28039,2
patient28040,3
patient28041,5
patient28042,1
patient28043,3
patient28044,1
patient28045,2
patient28046,1
patient28047,2
patient28048,19
patient28049,2
patient28050,1
patient28051,13
patient28052,14
patient28053,1
patient28054,2
patient28055,2
patient28056,5
patient28057,2
patient28058,1
patient28059,1
patient28060,1
patient28061,2
patient28062,10
patient28063,1
patient28064,2
patient28065,1
patient28066,6
patient28067,3
patient28068,1
patient28069,11
patient28070,2
patient28071,2
patient28072,7
patient28073,15
patient28074,2
patient28075,8
patient28076,2
patient28077,2
patient28078,8
patient28079,1
patient28080,2
patient28081,4
patient28082,1
patient28083,1
patient28084,2
patient28085,2
patient28086,4
patient28087,7
patient28088,5
patient28089,15
patient28090,2
patient28091,1
patient28092,2
patient28093,4
patient28094,2
patient28095,4
patient28096,2
patient28097,4
patient28098,2
patient28099,6
patient28100,2
patient28101,4
patient28102,2
patient28103,3
patient28104,1
patient28105,2
patient28106,5
patient28107,2
patient28108,2
patient28109,2
patient28110,5
patient28111,1
patient28112,2
patient28113,1
patient28114,3
patient28115,4
patient28116,2
patient28117,1
patient28118,2
patient28119,1
patient28120,4
patient28121,2
patient28122,7
patient28123,1
patient28124,2
patient28125,2
patient28126,2
patient28127,3
patient28128,4
patient28129,6
patient28130,2
patient28131,2
patient28132,1
patient28133,8
patient28134,2
patient28135,1
patient28136,1
patient28137,2
patient28138,6
patient28139,13
patient28140,2
patient28141,1
patient28142,4
patient28143,4
patient28144,1
patient28145,5
patient28146,2
patient28147,2
patient28148,2
patient28149,2
patient28150,1
patient28151,2
patient28152,1
patient28153,19
patient28154,1
patient28155,2
patient28156,8
patient28157,1
patient28158,2
patient28159,9
patient28160,1
patient28161,2
patient28162,2
patient28163,2
patient28164,2
patient28165,2
patient28166,2
patient28167,1
patient28168,2
patient28169,1
patient28170,13
patient28171,2
patient28172,4
patient28173,3
patient28174,1
patient28175,3
patient28176,8
patient28177,3
patient28178,2
patient28179,1
patient28180,2
patient28181,2
patient28182,5
patient28183,3
patient28184,4
patient28185,1
patient28186,2
patient28187,2
patient28188,3
patient28189,2
patient28190,2
patient28191,4
patient28192,2
patient28193,9
patient28194,3
patient28195,1
patient28196,2
patient28197,6
patient28198,2
patient28199,2
patient28200,3
patient28201,2
patient28202,7
patient28203,3
patient28204,1
patient28205,1
patient28206,2
patient28207,29
patient28208,24
patient28209,4
patient28210,4
patient28211,2
patient28212,10
patient28213,2
patient28214,2
patient28215,2
patient28216,4
patient28217,2
patient28218,1
patient28219,2
patient28220,2
patient28221,2
patient28222,1
patient28223,2
patient28224,1
patient28225,1
patient28226,1
patient28227,6
patient28228,2
patient28229,1
patient28230,4
patient28231,2
patient28232,1
patient28233,3
patient28234,34
patient28235,4
patient28236,1
patient28237,9
patient28238,5
patient28239,1
patient28240,2
patient28241,2
patient28242,5
patient28243,1
patient28244,4
patient28245,1
patient28246,2
patient28247,1
patient28248,7
patient28249,5
patient28250,2
patient28251,27
patient28252,2
patient28253,2
patient28254,2
patient28255,2
patient28256,1
patient28257,2
patient28258,2
patient28259,19
patient28260,20
patient28261,12
patient28262,2
patient28263,1
patient28264,1
patient28265,4
patient28266,7
patient28267,2
patient28268,2
patient28269,1
patient28270,1
patient28271,1
patient28272,8
patient28273,3
patient28274,1
patient28275,6
patient28276,12
patient28277,4
patient28278,3
patient28279,1
patient28280,5
patient28281,13
patient28282,4
patient28283,1
patient28284,10
patient28285,2
patient28286,5
patient28287,2
patient28288,2
patient28289,2
patient28290,1
patient28291,4
patient28292,4
patient28293,3
patient28294,9
patient28295,1
patient28296,9
patient28297,2
patient28298,2
patient28299,1
patient28300,2
patient28301,5
patient28302,7
patient28303,1
patient28304,2
patient28305,8
patient28306,4
patient28307,2
patient28308,3
patient28309,2
patient28310,4
patient28311,3
patient28312,8
patient28313,1
patient28314,5
patient28315,1
patient28316,2
patient28317,2
patient28318,3
patient28319,7
patient28320,8
patient28321,20
patient28322,1
patient28323,2
patient28324,3
patient28325,3
patient28326,1
patient28327,2
patient28328,2
patient28329,2
patient28330,4
patient28331,2
patient28332,3
patient28333,2
patient28334,1
patient28335,2
patient28336,1
patient28337,1
patient28338,3
patient28339,2
patient28340,2
patient28341,1
patient28342,3
patient28343,2
patient28344,2
patient28345,7
patient28346,1
patient28347,2
patient28348,5
patient28349,1
patient28350,2
patient28351,6
patient28352,1
patient28353,2
patient28354,5
patient28355,28
patient28356,1
patient28357,4
patient28358,2
patient28359,2
patient28360,2
patient28361,6
patient28362,1
patient28363,1
patient28364,2
patient28365,3
patient28366,2
patient28367,2
patient28368,2
patient28369,1
patient28370,2
patient28371,27
patient28372,1
patient28373,1
patient28374,1
patient28375,1
patient28376,2
patient28377,6
patient28378,2
patient28379,38
patient28380,2
patient28381,2
patient28382,3
patient28383,2
patient28384,5
patient28385,1
patient28386,2
patient28387,2
patient28388,25
patient28389,1
patient28390,1
patient28391,1
patient28392,4
patient28393,1
patient28394,2
patient28395,4
patient28396,2
patient28397,3
patient28398,10
patient28399,5
patient28400,5
patient28401,3
patient28402,1
patient28403,1
patient28404,2
patient28405,6
patient28406,4
patient28407,1
patient28408,1
patient28409,2
patient28410,1
patient28411,2
patient28412,2
patient28413,3
patient28414,2
patient28415,2
patient28416,4
patient28417,1
patient28418,3
patient28419,3
patient28420,8
patient28421,2
patient28422,16
patient28423,34
patient28424,4
patient28425,4
patient28426,2
patient28427,2
patient28428,1
patient28429,2
patient28430,7
patient28431,1
patient28432,18
patient28433,2
patient28434,2
patient28435,1
patient28436,2
patient28437,6
patient28438,2
patient28439,4
patient28440,1
patient28441,7
patient28442,1
patient28443,1
patient28444,6
patient28445,1
patient28446,1
patient28447,2
patient28448,1
patient28449,3
patient28450,2
patient28451,2
patient28452,1
patient28453,2
patient28454,1
patient28455,2
patient28456,2
patient28457,2
patient28458,2
patient28459,2
patient28460,1
patient28461,2
patient28462,3
patient28463,2
patient28464,2
patient28465,2
patient28466,3
patient28467,5
patient28468,2
patient28469,6
patient28470,5
patient28471,2
patient28472,2
patient28473,2
patient28474,2
patient28475,2
patient28476,3
patient28477,3
patient28478,5
patient28479,55
patient28480,2
patient28481,18
patient28482,2
patient28483,16
patient28484,2
patient28485,4
patient28486,8
patient28487,2
patient28488,6
patient28489,5
patient28490,2
patient28491,13
patient28492,4
patient28493,2
patient28494,2
patient28495,2
patient28496,13
patient28497,1
patient28498,3
patient28499,1
patient28500,1
patient28501,4
patient28502,3
patient28503,11
patient28504,1
patient28505,7
patient28506,3
patient28507,2
patient28508,2
patient28509,9
patient28510,2
patient28511,4
patient28512,4
patient28513,1
patient28514,6
patient28515,3
patient28516,6
patient28517,1
patient28518,1
patient28519,1
patient28520,1
patient28521,3
patient28522,4
patient28523,6
patient28524,5
patient28525,1
patient28526,5
patient28527,3
patient28528,1
patient28529,2
patient28530,3
patient28531,32
patient28532,2
patient28533,2
patient28534,1
patient28535,7
patient28536,10
patient28537,1
patient28538,2
patient28539,16
patient28540,6
patient28541,1
patient28542,1
patient28543,2
patient28544,1
patient28545,1
patient28546,6
patient28547,1
patient28548,1
patient28549,2
patient28550,3
patient28551,2
patient28552,2
patient28553,2
patient28554,28
patient28555,2
patient28556,1
patient28557,2
patient28558,2
patient28559,3
patient28560,4
patient28561,4
patient28562,2
patient28563,4
patient28564,1
patient28565,1
patient28566,3
patient28567,1
patient28568,2
patient28569,2
patient28570,2
patient28571,2
patient28572,3
patient28573,15
patient28574,5
patient28575,1
patient28576,6
patient28577,10
patient28578,2
patient28579,5
patient28580,5
patient28581,5
patient28582,3
patient28583,3
patient28584,1
patient28585,1
patient28586,2
patient28587,1
patient28588,2
patient28589,1
patient28590,23
patient28591,6
patient28592,1
patient28593,2
patient28594,2
patient28595,1
patient28596,2
patient28597,2
patient28598,5
patient28599,2
patient28600,9
patient28601,1
patient28602,1
patient28603,3
patient28604,2
patient28605,4
patient28606,8
patient28607,3
patient28608,7
patient28609,2
patient28610,2
patient28611,9
patient28612,8
patient28613,1
patient28614,47
patient28615,34
patient28616,2
patient28617,1
patient28618,5
patient28619,3
patient28620,3
patient28621,1
patient28622,2
patient28623,2
patient28624,1
patient28625,2
patient28626,1
patient28627,2
patient28628,2
patient28629,2
patient28630,2
patient28631,5
patient28632,1
patient28633,2
patient28634,3
patient28635,3
patient28636,2
patient28637,24
patient28638,4
patient28639,1
patient28640,15
patient28641,13
patient28642,4
patient28643,4
patient28644,3
patient28645,4
patient28646,4
patient28647,1
patient28648,4
patient28649,2
patient28650,1
patient28651,4
patient28652,1
patient28653,3
patient28654,40
patient28655,2
patient28656,2
patient28657,6
patient28658,8
patient28659,1
patient28660,1
patient28661,4
patient28662,1
patient28663,14
patient28664,2
patient28665,4
patient28666,5
patient28667,3
patient28668,1
patient28669,8
patient28670,2
patient28671,1
patient28672,2
patient28673,2
patient28674,1
patient28675,1
patient28676,1
patient28677,1
patient28678,1
patient28679,17
patient28680,1
patient28681,3
patient28682,3
patient28683,1
patient28684,2
patient28685,3
patient28686,2
patient28687,1
patient28688,1
patient28689,4
patient28690,2
patient28691,4
patient28692,2
patient28693,4
patient28694,2
patient28695,3
patient28696,1
patient28697,2
patient28698,2
patient28699,2
patient28700,4
patient28701,2
patient28702,10
patient28703,1
patient28704,4
patient28705,6
patient28706,14
patient28707,1
patient28708,1
patient28709,4
patient28710,5
patient28711,2
patient28712,4
patient28713,2
patient28714,1
patient28715,14
patient28716,1
patient28717,6
patient28718,1
patient28719,1
patient28720,2
patient28721,10
patient28722,2
patient28723,2
patient28724,1
patient28725,5
patient28726,3
patient28727,2
patient28728,2
patient28729,21
patient28730,1
patient28731,7
patient28732,1
patient28733,3
patient28734,3
patient28735,1
patient28736,4
patient28737,12
patient28738,14
patient28739,2
patient28740,20
patient28741,3
patient28742,1
patient28743,2
patient28744,2
patient28745,4
patient28746,92
patient28747,3
patient28748,8
patient28749,1
patient28750,2
patient28751,2
patient28752,12
patient28753,4
patient28754,3
patient28755,3
patient28756,3
patient28757,3
patient28758,2
patient28759,3
patient28760,16
patient28761,8
patient28762,1
patient28763,3
patient28764,3
patient28765,9
patient28766,2
patient28767,1
patient28768,5
patient28769,5
patient28770,3
patient28771,4
patient28772,4
patient28773,6
patient28774,1
patient28775,6
patient28776,8
patient28777,2
patient28778,2
patient28779,1
patient28780,5
patient28781,2
patient28782,2
patient28783,5
patient28784,24
patient28785,2
patient28786,21
patient28787,1
patient28788,12
patient28789,2
patient28790,6
patient28791,5
patient28792,5
patient28793,3
patient28794,2
patient28795,2
patient28796,1
patient28797,8
patient28798,9
patient28799,2
patient28800,1
patient28801,6
patient28802,4
patient28803,2
patient28804,2
patient28805,2
patient28806,19
patient28807,2
patient28808,2
patient28809,2
patient28810,2
patient28811,10
patient28812,2
patient28813,2
patient28814,3
patient28815,6
patient28816,1
patient28817,4
patient28818,2
patient28819,2
patient28820,5
patient28821,1
patient28822,3
patient28823,2
patient28824,1
patient28825,5
patient28826,2
patient28827,4
patient28828,1
patient28829,2
patient28830,2
patient28831,4
patient28832,1
patient28833,2
patient28834,2
patient28835,3
patient28836,1
patient28837,3
patient28838,2
patient28839,2
patient28840,3
patient28841,1
patient28842,2
patient28843,3
patient28844,13
patient28845,1
patient28846,1
patient28847,2
patient28848,5
patient28849,4
patient28850,2
patient28851,2
patient28852,2
patient28853,1
patient28854,6
patient28855,2
patient28856,1
patient28857,1
patient28858,2
patient28859,3
patient28860,2
patient28861,2
patient28862,1
patient28863,2
patient28864,2
patient28865,3
patient28866,4
patient28867,5
patient28868,1
patient28869,2
patient28870,1
patient28871,4
patient28872,4
patient28873,6
patient28874,4
patient28875,12
patient28876,2
patient28877,2
patient28878,2
patient28879,4
patient28880,3
patient28881,1
patient28882,1
patient28883,2
patient28884,4
patient28885,1
patient28886,3
patient28887,1
patient28888,3
patient28889,1
patient28890,10
patient28891,2
patient28892,8
patient28893,1
patient28894,6
patient28895,2
patient28896,8
patient28897,1
patient28898,11
patient28899,5
patient28900,4
patient28901,1
patient28902,1
patient28903,4
patient28904,2
patient28905,5
patient28906,1
patient28907,2
patient28908,2
patient28909,1
patient28910,5
patient28911,1
patient28912,12
patient28913,14
patient28914,15
patient28915,4
patient28916,3
patient28917,2
patient28918,2
patient28919,2
patient28920,5
patient28921,2
patient28922,11
patient28923,1
patient28924,5
patient28925,3
patient28926,2
patient28927,3
patient28928,1
patient28929,1
patient28930,1
patient28931,7
patient28932,1
patient28933,1
patient28934,4
patient28935,2
patient28936,2
patient28937,2
patient28938,2
patient28939,3
patient28940,1
patient28941,10
patient28942,2
patient28943,5
patient28944,1
patient28945,2
patient28946,6
patient28947,2
patient28948,1
patient28949,2
patient28950,1
patient28951,3
patient28952,1
patient28953,1
patient28954,2
patient28955,2
patient28956,1
patient28957,2
patient28958,2
patient28959,2
patient28960,2
patient28961,12
patient28962,4
patient28963,4
patient28964,3
patient28965,3
patient28966,49
patient28967,2
patient28968,2
patient28969,5
patient28970,4
patient28971,8
patient28972,14
patient28973,6
patient28974,2
patient28975,1
patient28976,1
patient28977,2
patient28978,2
patient28979,1
patient28980,2
patient28981,2
patient28982,2
patient28983,3
patient28984,1
patient28985,1
patient28986,5
patient28987,2
patient28988,1
patient28989,2
patient28990,1
patient28991,4
patient28992,4
patient28993,2
patient28994,2
patient28995,3
patient28996,11
patient28997,2
patient28998,3
patient28999,2
patient29000,2
patient29001,6
patient29002,6
patient29003,1
patient29004,2
patient29005,2
patient29006,2
patient29007,4
patient29008,5
patient29009,3
patient29010,1
patient29011,4
patient29012,4
patient29013,2
patient29014,18
patient29015,14
patient29016,2
patient29017,8
patient29018,2
patient29019,1
patient29020,2
patient29021,2
patient29022,3
patient29023,1
patient29024,3
patient29025,1
patient29026,2
patient29027,1
patient29028,1
patient29029,1
patient29030,3
patient29031,10
patient29032,2
patient29033,2
patient29034,2
patient29035,7
patient29036,2
patient29037,9
patient29038,3
patient29039,6
patient29040,1
patient29041,3
patient29042,2
patient29043,2
patient29044,1
patient29045,16
patient29046,7
patient29047,2
patient29048,1
patient29049,5
patient29050,5
patient29051,1
patient29052,2
patient29053,7
patient29054,1
patient29055,4
patient29056,1
patient29057,5
patient29058,2
patient29059,10
patient29060,1
patient29061,6
patient29062,4
patient29063,4
patient29064,2
patient29065,22
patient29066,1
patient29067,2
patient29068,10
patient29069,7
patient29070,1
patient29071,8
patient29072,7
patient29073,2
patient29074,2
patient29075,4
patient29076,4
patient29077,5
patient29078,2
patient29079,1
patient29080,2
patient29081,3
patient29082,2
patient29083,42
patient29084,3
patient29085,4
patient29086,20
patient29087,2
patient29088,2
patient29089,4
patient29090,10
patient29091,4
patient29092,10
patient29093,4
patient29094,2
patient29095,1
patient29096,21
patient29097,1
patient29098,1
patient29099,10
patient29100,2
patient29101,2
patient29102,1
patient29103,1
patient29104,3
patient29105,6
patient29106,1
patient29107,6
patient29108,7
patient29109,3
patient29110,3
patient29111,2
patient29112,7
patient29113,3
patient29114,2
patient29115,1
patient29116,4
patient29117,1
patient29118,2
patient29119,7
patient29120,3
patient29121,1
patient29122,1
patient29123,5
patient29124,1
patient29125,5
patient29126,1
patient29127,2
patient29128,8
patient29129,2
patient29130,1
patient29131,6
patient29132,3
patient29133,3
patient29134,5
patient29135,4
patient29136,1
patient29137,2
patient29138,2
patient29139,1
patient29140,2
patient29141,1
patient29142,1
patient29143,10
patient29144,2
patient29145,2
patient29146,3
patient29147,6
patient29148,4
patient29149,3
patient29150,1
patient29151,3
patient29152,3
patient29153,4
patient29154,12
patient29155,3
patient29156,3
patient29157,9
patient29158,2
patient29159,2
patient29160,5
patient29161,4
patient29162,12
patient29163,17
patient29164,6
patient29165,5
patient29166,3
patient29167,1
patient29168,3
patient29169,5
patient29170,2
patient29171,5
patient29172,2
patient29173,1
patient29174,3
patient29175,9
patient29176,2
patient29177,11
patient29178,2
patient29179,2
patient29180,1
patient29181,1
patient29182,39
patient29183,4
patient29184,3
patient29185,1
patient29186,7
patient29187,2
patient29188,2
patient29189,2
patient29190,1
patient29191,5
patient29192,15
patient29193,16
patient29194,6
patient29195,6
patient29196,10
patient29197,1
patient29198,4
patient29199,2
patient29200,1
patient29201,3
patient29202,2
patient29203,10
patient29204,2
patient29205,3
patient29206,3
patient29207,2
patient29208,2
patient29209,2
patient29210,24
patient29211,1
patient29212,1
patient29213,1
patient29214,5
patient29215,3
patient29216,11
patient29217,4
patient29218,4
patient29219,2
patient29220,2
patient29221,4
patient29222,1
patient29223,6
patient29224,4
patient29225,1
patient29226,3
patient29227,2
patient29228,3
patient29229,1
patient29230,1
patient29231,14
patient29232,8
patient29233,1
patient29234,2
patient29235,5
patient29236,6
patient29237,4
patient29238,4
patient29239,2
patient29240,9
patient29241,3
patient29242,1
patient29243,1
patient29244,2
patient29245,1
patient29246,3
patient29247,1
patient29248,7
patient29249,1
patient29250,6
patient29251,2
patient29252,2
patient29253,2
patient29254,2
patient29255,1
patient29256,2
patient29257,1
patient29258,7
patient29259,1
patient29260,3
patient29261,3
patient29262,2
patient29263,8
patient29264,3
patient29265,2
patient29266,2
patient29267,2
patient29268,3
patient29269,4
patient29270,1
patient29271,1
patient29272,1
patient29273,1
patient29274,3
patient29275,2
patient29276,1
patient29277,2
patient29278,2
patient29279,2
patient29280,2
patient29281,2
patient29282,1
patient29283,2
patient29284,2
patient29285,2
patient29286,2
patient29287,1
patient29288,1
patient29289,2
patient29290,1
patient29291,2
patient29292,4
patient29293,1
patient29294,1
patient29295,2
patient29296,2
patient29297,2
patient29298,7
patient29299,12
patient29300,4
patient29301,9
patient29302,6
patient29303,2
patient29304,4
patient29305,2
patient29306,2
patient29307,6
patient29308,1
patient29309,2
patient29310,2
patient29311,2
patient29312,2
patient29313,2
patient29314,2
patient29315,23
patient29316,3
patient29317,2
patient29318,1
patient29319,7
patient29320,2
patient29321,2
patient29322,4
patient29323,4
patient29324,10
patient29325,1
patient29326,38
patient29327,3
patient29328,2
patient29329,8
patient29330,1
patient29331,3
patient29332,15
patient29333,3
patient29334,9
patient29335,2
patient29336,6
patient29337,1
patient29338,2
patient29339,5
patient29340,1
patient29341,1
patient29342,2
patient29343,2
patient29344,3
patient29345,12
patient29346,3
patient29347,1
patient29348,1
patient29349,2
patient29350,1
patient29351,2
patient29352,2
patient29353,2
patient29354,1
patient29355,2
patient29356,8
patient29357,1
patient29358,4
patient29359,1
patient29360,1
patient29361,7
patient29362,11
patient29363,2
patient29364,3
patient29365,2
patient29366,1
patient29367,2
patient29368,1
patient29369,1
patient29370,26
patient29371,1
patient29372,2
patient29373,2
patient29374,2
patient29375,12
patient29376,10
patient29377,8
patient29378,2
patient29379,2
patient29380,1
patient29381,2
patient29382,2
patient29383,3
patient29384,9
patient29385,2
patient29386,2
patient29387,2
patient29388,24
patient29389,3
patient29390,1
patient29391,5
patient29392,12
patient29393,2
patient29394,1
patient29395,4
patient29396,4
patient29397,2
patient29398,2
patient29399,1
patient29400,8
patient29401,1
patient29402,2
patient29403,1
patient29404,5
patient29405,3
patient29406,1
patient29407,7
patient29408,2
patient29409,6
patient29410,2
patient29411,2
patient29412,12
patient29413,5
patient29414,1
patient29415,2
patient29416,2
patient29417,2
patient29418,1
patient29419,1
patient29420,1
patient29421,1
patient29422,8
patient29423,2
patient29424,1
patient29425,2
patient29426,16
patient29427,2
patient29428,6
patient29429,1
patient29430,8
patient29431,1
patient29432,4
patient29433,1
patient29434,1
patient29435,22
patient29436,1
patient29437,2
patient29438,14
patient29439,7
patient29440,1
patient29441,1
patient29442,11
patient29443,15
patient29444,1
patient29445,3
patient29446,4
patient29447,2
patient29448,2
patient29449,1
patient29450,2
patient29451,1
patient29452,1
patient29453,2
patient29454,1
patient29455,23
patient29456,6
patient29457,18
patient29458,11
patient29459,2
patient29460,1
patient29461,2
patient29462,1
patient29463,1
patient29464,1
patient29465,24
patient29466,5
patient29467,2
patient29468,3
patient29469,2
patient29470,1
patient29471,2
patient29472,1
patient29473,4
patient29474,2
patient29475,8
patient29476,29
patient29477,1
patient29478,2
patient29479,6
patient29480,1
patient29481,1
patient29482,2
patient29483,2
patient29484,6
patient29485,1
patient29486,2
patient29487,6
patient29488,7
patient29489,2
patient29490,2
patient29491,3
patient29492,2
patient29493,1
patient29494,5
patient29495,9
patient29496,2
patient29497,6
patient29498,2
patient29499,2
patient29500,1
patient29501,2
patient29502,14
patient29503,3
patient29504,10
patient29505,2
patient29506,1
patient29507,2
patient29508,2
patient29509,5
patient29510,3
patient29511,3
patient29512,2
patient29513,7
patient29514,2
patient29515,2
patient29516,1
patient29517,1
patient29518,6
patient29519,18
patient29520,18
patient29521,5
patient29522,2
patient29523,2
patient29524,14
patient29525,8
patient29526,2
patient29527,2
patient29528,2
patient29529,5
patient29530,2
patient29531,1
patient29532,3
patient29533,18
patient29534,1
patient29535,1
patient29536,5
patient29537,1
patient29538,1
patient29539,1
patient29540,2
patient29541,14
patient29542,2
patient29543,4
patient29544,5
patient29545,2
patient29546,1
patient29547,1
patient29548,6
patient29549,1
patient29550,3
patient29551,1
patient29552,3
patient29553,3
patient29554,3
patient29555,1
patient29556,2
patient29557,3
patient29558,10
patient29559,3
patient29560,2
patient29561,2
patient29562,2
patient29563,2
patient29564,5
patient29565,5
patient29566,3
patient29567,1
patient29568,9
patient29569,2
patient29570,7
patient29571,2
patient29572,11
patient29573,2
patient29574,2
patient29575,6
patient29576,2
patient29577,21
patient29578,4
patient29579,1
patient29580,1
patient29581,2
patient29582,2
patient29583,1
patient29584,4
patient29585,14
patient29586,4
patient29587,4
patient29588,6
patient29589,3
patient29590,2
patient29591,3
patient29592,29
patient29593,3
patient29594,2
patient29595,1
patient29596,6
patient29597,10
patient29598,3
patient29599,2
patient29600,3
patient29601,2
patient29602,4
patient29603,2
patient29604,2
patient29605,14
patient29606,1
patient29607,2
patient29608,4
patient29609,1
patient29610,7
patient29611,1
patient29612,1
patient29613,23
patient29614,2
patient29615,26
patient29616,2
patient29617,2
patient29618,2
patient29619,8
patient29620,5
patient29621,2
patient29622,6
patient29623,2
patient29624,2
patient29625,4
patient29626,8
patient29627,3
patient29628,10
patient29629,7
patient29630,4
patient29631,9
patient29632,1
patient29633,12
patient29634,4
patient29635,1
patient29636,4
patient29637,1
patient29638,4
patient29639,5
patient29640,1
patient29641,6
patient29642,2
patient29643,2
patient29644,3
patient29645,7
patient29646,5
patient29647,5
patient29648,4
patient29649,2
patient29650,2
patient29651,1
patient29652,6
patient29653,3
patient29654,1
patient29655,2
patient29656,2
patient29657,2
patient29658,7
patient29659,2
patient29660,1
patient29661,2
patient29662,8
patient29663,6
patient29664,2
patient29665,2
patient29666,2
patient29667,3
patient29668,4
patient29669,1
patient29670,7
patient29671,2
patient29672,1
patient29673,2
patient29674,1
patient29675,4
patient29676,13
patient29677,2
patient29678,2
patient29679,2
patient29680,2
patient29681,2
patient29682,2
patient29683,2
patient29684,1
patient29685,1
patient29686,2
patient29687,1
patient29688,3
patient29689,2
patient29690,2
patient29691,10
patient29692,1
patient29693,5
patient29694,1
patient29695,1
patient29696,2
patient29697,14
patient29698,4
patient29699,2
patient29700,1
patient29701,3
patient29702,1
patient29703,40
patient29704,3
patient29705,1
patient29706,2
patient29707,2
patient29708,3
patient29709,4
patient29710,27
patient29711,1
patient29712,3
patient29713,9
patient29714,7
patient29715,2
patient29716,1
patient29717,2
patient29718,1
patient29719,1
patient29720,1
patient29721,1
patient29722,2
patient29723,1
patient29724,16
patient29725,11
patient29726,14
patient29727,1
patient29728,2
patient29729,3
patient29730,4
patient29731,2
patient29732,49
patient29733,3
patient29734,1
patient29735,2
patient29736,2
patient29737,2
patient29738,2
patient29739,4
patient29740,2
patient29741,2
patient29742,3
patient29743,5
patient29744,2
patient29745,6
patient29746,3
patient29747,2
patient29748,2
patient29749,2
patient29750,21
patient29751,4
patient29752,6
patient29753,4
patient29754,1
patient29755,2
patient29756,1
patient29757,6
patient29758,1
patient29759,6
patient29760,1
patient29761,2
patient29762,3
patient29763,21
patient29764,3
patient29765,4
patient29766,6
patient29767,3
patient29768,3
patient29769,2
patient29770,1
patient29771,3
patient29772,4
patient29773,1
patient29774,2
patient29775,2
patient29776,1
patient29777,4
patient29778,9
patient29779,14
patient29780,6
patient29781,19
patient29782,6
patient29783,1
patient29784,2
patient29785,8
patient29786,2
patient29787,17
patient29788,2
patient29789,1
patient29790,4
patient29791,3
patient29792,8
patient29793,11
patient29794,1
patient29795,1
patient29796,2
patient29797,1
patient29798,11
patient29799,4
patient29800,1
patient29801,1
patient29802,1
patient29803,1
patient29804,2
patient29805,1
patient29806,2
patient29807,2
patient29808,2
patient29809,1
patient29810,15
patient29811,1
patient29812,3
patient29813,8
patient29814,2
patient29815,2
patient29816,2
patient29817,3
patient29818,1
patient29819,17
patient29820,3
patient29821,5
patient29822,3
patient29823,2
patient29824,2
patient29825,33
patient29826,2
patient29827,1
patient29828,2
patient29829,13
patient29830,2
patient29831,1
patient29832,5
patient29833,9
patient29834,2
patient29835,2
patient29836,4
patient29837,6
patient29838,1
patient29839,4
patient29840,2
patient29841,9
patient29842,2
patient29843,2
patient29844,5
patient29845,20
patient29846,6
patient29847,1
patient29848,3
patient29849,1
patient29850,8
patient29851,8
patient29852,2
patient29853,6
patient29854,2
patient29855,2
patient29856,6
patient29857,1
patient29858,2
patient29859,2
patient29860,2
patient29861,2
patient29862,1
patient29863,1
patient29864,1
patient29865,5
patient29866,2
patient29867,14
patient29868,3
patient29869,1
patient29870,8
patient29871,2
patient29872,6
patient29873,6
patient29874,2
patient29875,3
patient29876,4
patient29877,2
patient29878,1
patient29879,1
patient29880,15
patient29881,1
patient29882,1
patient29883,1
patient29884,7
patient29885,1
patient29886,5
patient29887,5
patient29888,1
patient29889,6
patient29890,8
patient29891,3
patient29892,1
patient29893,6
patient29894,19
patient29895,5
patient29896,2
patient29897,3
patient29898,1
patient29899,7
patient29900,2
patient29901,1
patient29902,1
patient29903,2
patient29904,11
patient29905,26
patient29906,2
patient29907,1
patient29908,3
patient29909,4
patient29910,1
patient29911,1
patient29912,3
patient29913,2
patient29914,1
patient29915,1
patient29916,6
patient29917,2
patient29918,2
patient29919,2
patient29920,2
patient29921,2
patient29922,2
patient29923,2
patient29924,2
patient29925,3
patient29926,8
patient29927,2
patient29928,2
patient29929,1
patient29930,1
patient29931,3
patient29932,2
patient29933,6
patient29934,6
patient29935,1
patient29936,6
patient29937,2
patient29938,7
patient29939,4
patient29940,2
patient29941,1
patient29942,9
patient29943,1
patient29944,3
patient29945,1
patient29946,3
patient29947,1
patient29948,2
patient29949,3
patient29950,1
patient29951,1
patient29952,1
patient29953,3
patient29954,1
patient29955,2
patient29956,3
patient29957,2
patient29958,22
patient29959,2
patient29960,4
patient29961,3
patient29962,1
patient29963,1
patient29964,1
patient29965,2
patient29966,2
patient29967,6
patient29968,8
patient29969,2
patient29970,3
patient29971,2
patient29972,1
patient29973,1
patient29974,1
patient29975,1
patient29976,4
patient29977,6
patient29978,12
patient29979,1
patient29980,1
patient29981,3
patient29982,10
patient29983,1
patient29984,6
patient29985,3
patient29986,1
patient29987,2
patient29988,4
patient29989,3
patient29990,7
patient29991,2
patient29992,7
patient29993,4
patient29994,10
patient29995,2
patient29996,2
patient29997,4
patient29998,1
patient29999,1
patient30000,2
patient30001,2
patient30002,10
patient30003,4
patient30004,5
patient30005,8
patient30006,11
patient30007,2
patient30008,1
patient30009,3
patient30010,2
patient30011,1
patient30012,2
patient30013,2
patient30014,1
patient30015,1
patient30016,4
patient30017,2
patient30018,11
patient30019,2
patient30020,1
patient30021,4
patient30022,10
patient30023,7
patient30024,1
patient30025,2
patient30026,32
patient30027,2
patient30028,22
patient30029,2
patient30030,7
patient30031,1
patient30032,1
patient30033,1
patient30034,3
patient30035,4
patient30036,3
patient30037,1
patient30038,11
patient30039,3
patient30040,7
patient30041,2
patient30042,1
patient30043,2
patient30044,7
patient30045,2
patient30046,1
patient30047,8
patient30048,9
patient30049,1
patient30050,7
patient30051,7
patient30052,2
patient30053,6
patient30054,3
patient30055,2
patient30056,2
patient30057,2
patient30058,1
patient30059,2
patient30060,1
patient30061,6
patient30062,10
patient30063,6
patient30064,6
patient30065,1
patient30066,1
patient30067,1
patient30068,6
patient30069,10
patient30070,10
patient30071,1
patient30072,2
patient30073,2
patient30074,3
patient30075,4
patient30076,2
patient30077,2
patient30078,1
patient30079,1
patient30080,3
patient30081,2
patient30082,1
patient30083,2
patient30084,2
patient30085,2
patient30086,1
patient30087,1
patient30088,14
patient30089,7
patient30090,2
patient30091,1
patient30092,2
patient30093,1
patient30094,2
patient30095,2
patient30096,10
patient30097,3
patient30098,7
patient30099,2
patient30100,2
patient30101,14
patient30102,4
patient30103,2
patient30104,4
patient30105,1
patient30106,1
patient30107,3
patient30108,5
patient30109,1
patient30110,7
patient30111,13
patient30112,1
patient30113,2
patient30114,1
patient30115,2
patient30116,2
patient30117,5
patient30118,2
patient30119,2
patient30120,7
patient30121,2
patient30122,5
patient30123,1
patient30124,8
patient30125,1
patient30126,1
patient30127,20
patient30128,1
patient30129,3
patient30130,8
patient30131,2
patient30132,6
patient30133,2
patient30134,1
patient30135,1
patient30136,2
patient30137,10
patient30138,1
patient30139,8
patient30140,4
patient30141,1
patient30142,2
patient30143,6
patient30144,5
patient30145,1
patient30146,1
patient30147,2
patient30148,2
patient30149,1
patient30150,1
patient30151,2
patient30152,1
patient30153,2
patient30154,2
patient30155,1
patient30156,4
patient30157,2
patient30158,1
patient30159,5
patient30160,1
patient30161,2
patient30162,2
patient30163,1
patient30164,2
patient30165,2
patient30166,11
patient30167,7
patient30168,8
patient30169,2
patient30170,1
patient30171,5
patient30172,1
patient30173,2
patient30174,5
patient30175,2
patient30176,1
patient30177,1
patient30178,11
patient30179,2
patient30180,5
patient30181,2
patient30182,1
patient30183,2
patient30184,4
patient30185,4
patient30186,5
patient30187,4
patient30188,2
patient30189,2
patient30190,1
patient30191,4
patient30192,9
patient30193,1
patient30194,2
patient30195,3
patient30196,2
patient30197,8
patient30198,2
patient30199,3
patient30200,2
patient30201,13
patient30202,2
patient30203,10
patient30204,1
patient30205,6
patient30206,20
patient30207,4
patient30208,1
patient30209,2
patient30210,4
patient30211,1
patient30212,2
patient30213,4
patient30214,1
patient30215,5
patient30216,9
patient30217,1
patient30218,1
patient30219,5
patient30220,2
patient30221,1
patient30222,8
patient30223,2
patient30224,11
patient30225,15
patient30226,14
patient30227,9
patient30228,2
patient30229,2
patient30230,3
patient30231,9
patient30232,2
patient30233,8
patient30234,1
patient30235,2
patient30236,2
patient30237,1
patient30238,1
patient30239,3
patient30240,3
patient30241,3
patient30242,3
patient30243,3
patient30244,1
patient30245,6
patient30246,2
patient30247,2
patient30248,2
patient30249,2
patient30250,2
patient30251,3
patient30252,9
patient30253,2
patient30254,2
patient30255,3
patient30256,12
patient30257,3
patient30258,3
patient30259,7
patient30260,1
patient30261,9
patient30262,2
patient30263,5
patient30264,2
patient30265,2
patient30266,5
patient30267,25
patient30268,2
patient30269,2
patient30270,3
patient30271,2
patient30272,8
patient30273,4
patient30274,7
patient30275,2
patient30276,17
patient30277,4
patient30278,2
patient30279,4
patient30280,4
patient30281,1
patient30282,9
patient30283,2
patient30284,2
patient30285,9
patient30286,1
patient30287,19
patient30288,2
patient30289,1
patient30290,3
patient30291,3
patient30292,2
patient30293,1
patient30294,1
patient30295,2
patient30296,4
patient30297,4
patient30298,1
patient30299,3
patient30300,8
patient30301,13
patient30302,4
patient30303,5
patient30304,4
patient30305,24
patient30306,1
patient30307,1
patient30308,3
patient30309,3
patient30310,1
patient30311,2
patient30312,3
patient30313,1
patient30314,2
patient30315,2
patient30316,1
patient30317,1
patient30318,3
patient30319,8
patient30320,6
patient30321,3
patient30322,1
patient30323,40
patient30324,1
patient30325,7
patient30326,1
patient30327,2
patient30328,4
patient30329,1
patient30330,2
patient30331,3
patient30332,2
patient30333,5
patient30334,2
patient30335,3
patient30336,2
patient30337,35
patient30338,2
patient30339,2
patient30340,1
patient30341,2
patient30342,4
patient30343,2
patient30344,2
patient30345,2
patient30346,3
patient30347,3
patient30348,2
patient30349,2
patient30350,17
patient30351,2
patient30352,6
patient30353,3
patient30354,5
patient30355,4
patient30356,2
patient30357,1
patient30358,4
patient30359,2
patient30360,2
patient30361,1
patient30362,3
patient30363,2
patient30364,10
patient30365,2
patient30366,11
patient30367,1
patient30368,1
patient30369,2
patient30370,1
patient30371,2
patient30372,2
patient30373,2
patient30374,2
patient30375,3
patient30376,2
patient30377,4
patient30378,1
patient30379,2
patient30380,1
patient30381,8
patient30382,1
patient30383,2
patient30384,2
patient30385,3
patient30386,2
patient30387,2
patient30388,10
patient30389,2
patient30390,2
patient30391,8
patient30392,2
patient30393,15
patient30394,2
patient30395,4
patient30396,5
patient30397,2
patient30398,9
patient30399,2
patient30400,6
patient30401,2
patient30402,6
patient30403,2
patient30404,1
patient30405,2
patient30406,7
patient30407,5
patient30408,3
patient30409,2
patient30410,4
patient30411,9
patient30412,2
patient30413,22
patient30414,6
patient30415,4
patient30416,24
patient30417,13
patient30418,2
patient30419,2
patient30420,5
patient30421,1
patient30422,1
patient30423,3
patient30424,3
patient30425,2
patient30426,1
patient30427,2
patient30428,7
patient30429,3
patient30430,4
patient30431,2
patient30432,3
patient30433,2
patient30434,6
patient30435,2
patient30436,13
patient30437,8
patient30438,2
patient30439,4
patient30440,4
patient30441,2
patient30442,1
patient30443,2
patient30444,10
patient30445,2
patient30446,1
patient30447,2
patient30448,1
patient30449,2
patient30450,5
patient30451,1
patient30452,1
patient30453,2
patient30454,3
patient30455,3
patient30456,1
patient30457,3
patient30458,9
patient30459,3
patient30460,4
patient30461,2
patient30462,1
patient30463,6
patient30464,4
patient30465,9
patient30466,8
patient30467,2
patient30468,3
patient30469,6
patient30470,2
patient30471,2
patient30472,9
patient30473,5
patient30474,5
patient30475,2
patient30476,1
patient30477,1
patient30478,2
patient30479,10
patient30480,3
patient30481,4
patient30482,2
patient30483,2
patient30484,5
patient30485,1
patient30486,3
patient30487,6
patient30488,6
patient30489,1
patient30490,4
patient30491,16
patient30492,2
patient30493,2
patient30494,19
patient30495,3
patient30496,2
patient30497,10
patient30498,2
patient30499,2
patient30500,3
patient30501,1
patient30502,2
patient30503,3
patient30504,2
patient30505,2
patient30506,2
patient30507,2
patient30508,2
patient30509,2
patient30510,2
patient30511,2
patient30512,2
patient30513,14
patient30514,34
patient30515,2
patient30516,1
patient30517,1
patient30518,3
patient30519,10
patient30520,3
patient30521,2
patient30522,1
patient30523,6
patient30524,2
patient30525,2
patient30526,1
patient30527,3
patient30528,3
patient30529,2
patient30530,2
patient30531,2
patient30532,40
patient30533,2
patient30534,4
patient30535,2
patient30536,6
patient30537,2
patient30538,4
patient30539,6
patient30540,2
patient30541,2
patient30542,1
patient30543,3
patient30544,1
patient30545,3
patient30546,1
patient30547,7
patient30548,1
patient30549,3
patient30550,3
patient30551,4
patient30552,6
patient30553,1
patient30554,2
patient30555,5
patient30556,13
patient30557,6
patient30558,3
patient30559,12
patient30560,2
patient30561,3
patient30562,2
patient30563,1
patient30564,1
patient30565,5
patient30566,2
patient30567,3
patient30568,11
patient30569,4
patient30570,3
patient30571,2
patient30572,9
patient30573,5
patient30574,1
patient30575,2
patient30576,13
patient30577,1
patient30578,9
patient30579,5
patient30580,3
patient30581,1
patient30582,3
patient30583,5
patient30584,2
patient30585,3
patient30586,3
patient30587,3
patient30588,3
patient30589,2
patient30590,13
patient30591,6
patient30592,1
patient30593,1
patient30594,1
patient30595,1
patient30596,2
patient30597,4
patient30598,2
patient30599,1
patient30600,1
patient30601,3
patient30602,1
patient30603,1
patient30604,8
patient30605,13
patient30606,4
patient30607,2
patient30608,1
patient30609,3
patient30610,1
patient30611,2
patient30612,2
patient30613,2
patient30614,2
patient30615,3
patient30616,2
patient30617,5
patient30618,5
patient30619,1
patient30620,6
patient30621,4
patient30622,1
patient30623,2
patient30624,2
patient30625,6
patient30626,1
patient30627,74
patient30628,2
patient30629,14
patient30630,3
patient30631,11
patient30632,17
patient30633,7
patient30634,13
patient30635,2
patient30636,3
patient30637,4
patient30638,6
patient30639,1
patient30640,7
patient30641,1
patient30642,6
patient30643,7
patient30644,22
patient30645,3
patient30646,7
patient30647,5
patient30648,2
patient30649,1
patient30650,11
patient30651,6
patient30652,1
patient30653,3
patient30654,2
patient30655,7
patient30656,12
patient30657,1
patient30658,3
patient30659,2
patient30660,2
patient30661,2
patient30662,4
patient30663,1
patient30664,4
patient30665,13
patient30666,4
patient30667,10
patient30668,13
patient30669,3
patient30670,2
patient30671,11
patient30672,4
patient30673,1
patient30674,2
patient30675,5
patient30676,2
patient30677,1
patient30678,1
patient30679,9
patient30680,13
patient30681,1
patient30682,1
patient30683,2
patient30684,4
patient30685,7
patient30686,6
patient30687,1
patient30688,4
patient30689,1
patient30690,2
patient30691,2
patient30692,2
patient30693,1
patient30694,4
patient30695,3
patient30696,1
patient30697,2
patient30698,6
patient30699,6
patient30700,4
patient30701,2
patient30702,1
patient30703,9
patient30704,2
patient30705,3
patient30706,6
patient30707,1
patient30708,8
patient30709,10
patient30710,7
patient30711,2
patient30712,1
patient30713,2
patient30714,5
patient30715,10
patient30716,1
patient30717,1
patient30718,12
patient30719,2
patient30720,3
patient30721,3
patient30722,2
patient30723,1
patient30724,2
patient30725,2
patient30726,1
patient30727,2
patient30728,2
patient30729,2
patient30730,2
patient30731,24
patient30732,11
patient30733,12
patient30734,2
patient30735,1
patient30736,1
patient30737,2
patient30738,1
patient30739,5
patient30740,2
patient30741,4
patient30742,3
patient30743,2
patient30744,5
patient30745,3
patient30746,4
patient30747,24
patient30748,4
patient30749,2
patient30750,1
patient30751,2
patient30752,5
patient30753,1
patient30754,16
patient30755,8
patient30756,6
patient30757,2
patient30758,12
patient30759,13
patient30760,4
patient30761,3
patient30762,8
patient30763,2
patient30764,2
patient30765,2
patient30766,1
patient30767,10
patient30768,2
patient30769,1
patient30770,2
patient30771,1
patient30772,2
patient30773,2
patient30774,4
patient30775,4
patient30776,2
patient30777,6
patient30778,1
patient30779,2
patient30780,2
patient30781,1
patient30782,3
patient30783,1
patient30784,2
patient30785,2
patient30786,3
patient30787,8
patient30788,3
patient30789,1
patient30790,2
patient30791,5
patient30792,5
patient30793,2
patient30794,2
patient30795,4
patient30796,1
patient30797,2
patient30798,2
patient30799,2
patient30800,1
patient30801,18
patient30802,4
patient30803,2
patient30804,1
patient30805,3
patient30806,2
patient30807,2
patient30808,3
patient30809,8
patient30810,2
patient30811,2
patient30812,48
patient30813,3
patient30814,1
patient30815,1
patient30816,9
patient30817,1
patient30818,6
patient30819,3
patient30820,4
patient30821,3
patient30822,5
patient30823,2
patient30824,8
patient30825,2
patient30826,3
patient30827,1
patient30828,4
patient30829,3
patient30830,1
patient30831,7
patient30832,2
patient30833,3
patient30834,2
patient30835,2
patient30836,6
patient30837,1
patient30838,2
patient30839,1
patient30840,1
patient30841,1
patient30842,1
patient30843,2
patient30844,1
patient30845,7
patient30846,2
patient30847,2
patient30848,15
patient30849,1
patient30850,1
patient30851,4
patient30852,3
patient30853,8
patient30854,2
patient30855,1
patient30856,1
patient30857,2
patient30858,1
patient30859,2
patient30860,2
patient30861,2
patient30862,13
patient30863,2
patient30864,6
patient30865,1
patient30866,3
patient30867,3
patient30868,2
patient30869,2
patient30870,3
patient30871,5
patient30872,6
patient30873,3
patient30874,2
patient30875,8
patient30876,4
patient30877,2
patient30878,3
patient30879,2
patient30880,1
patient30881,5
patient30882,1
patient30883,1
patient30884,4
patient30885,3
patient30886,1
patient30887,1
patient30888,2
patient30889,6
patient30890,1
patient30891,5
patient30892,6
patient30893,6
patient30894,4
patient30895,1
patient30896,1
patient30897,10
patient30898,2
patient30899,2
patient30900,2
patient30901,1
patient30902,3
patient30903,8
patient30904,2
patient30905,1
patient30906,1
patient30907,26
patient30908,1
patient30909,9
patient30910,5
patient30911,1
patient30912,1
patient30913,12
patient30914,2
patient30915,2
patient30916,4
patient30917,2
patient30918,11
patient30919,3
patient30920,6
patient30921,18
patient30922,7
patient30923,2
patient30924,2
patient30925,2
patient30926,9
patient30927,2
patient30928,1
patient30929,3
patient30930,4
patient30931,3
patient30932,2
patient30933,8
patient30934,7
patient30935,5
patient30936,1
patient30937,1
patient30938,1
patient30939,1
patient30940,3
patient30941,2
patient30942,1
patient30943,1
patient30944,1
patient30945,2
patient30946,25
patient30947,1
patient30948,1
patient30949,2
patient30950,1
patient30951,2
patient30952,4
patient30953,1
patient30954,3
patient30955,2
patient30956,2
patient30957,2
patient30958,15
patient30959,3
patient30960,4
patient30961,16
patient30962,2
patient30963,2
patient30964,2
patient30965,1
patient30966,1
patient30967,4
patient30968,13
patient30969,4
patient30970,3
patient30971,3
patient30972,19
patient30973,2
patient30974,4
patient30975,5
patient30976,2
patient30977,6
patient30978,1
patient30979,3
patient30980,2
patient30981,1
patient30982,4
patient30983,3
patient30984,5
patient30985,5
patient30986,12
patient30987,4
patient30988,5
patient30989,3
patient30990,3
patient30991,10
patient30992,1
patient30993,2
patient30994,5
patient30995,8
patient30996,4
patient30997,5
patient30998,1
patient30999,2
patient31000,3
patient31001,5
patient31002,1
patient31003,7
patient31004,3
patient31005,1
patient31006,2
patient31007,7
patient31008,5
patient31009,2
patient31010,6
patient31011,2
patient31012,2
patient31013,1
patient31014,7
patient31015,2
patient31016,8
patient31017,2
patient31018,2
patient31019,3
patient31020,2
patient31021,1
patient31022,7
patient31023,3
patient31024,2
patient31025,6
patient31026,8
patient31027,5
patient31028,2
patient31029,1
patient31030,1
patient31031,2
patient31032,1
patient31033,1
patient31034,3
patient31035,3
patient31036,8
patient31037,1
patient31038,2
patient31039,3
patient31040,4
patient31041,8
patient31042,4
patient31043,3
patient31044,4
patient31045,2
patient31046,5
patient31047,2
patient31048,1
patient31049,1
patient31050,2
patient31051,3
patient31052,2
patient31053,2
patient31054,8
patient31055,6
patient31056,2
patient31057,3
patient31058,3
patient31059,2
patient31060,18
patient31061,6
patient31062,2
patient31063,2
patient31064,2
patient31065,1
patient31066,2
patient31067,6
patient31068,6
patient31069,1
patient31070,3
patient31071,2
patient31072,14
patient31073,1
patient31074,16
patient31075,7
patient31076,6
patient31077,10
patient31078,5
patient31079,8
patient31080,2
patient31081,6
patient31082,2
patient31083,1
patient31084,2
patient31085,18
patient31086,2
patient31087,1
patient31088,8
patient31089,5
patient31090,6
patient31091,2
patient31092,7
patient31093,3
patient31094,11
patient31095,15
patient31096,7
patient31097,2
patient31098,9
patient31099,3
patient31100,11
patient31101,1
patient31102,1
patient31103,4
patient31104,5
patient31105,2
patient31106,2
patient31107,1
patient31108,1
patient31109,2
patient31110,2
patient31111,2
patient31112,4
patient31113,2
patient31114,6
patient31115,5
patient31116,7
patient31117,2
patient31118,3
patient31119,2
patient31120,42
patient31121,3
patient31122,2
patient31123,2
patient31124,5
patient31125,8
patient31126,2
patient31127,2
patient31128,1
patient31129,1
patient31130,9
patient31131,3
patient31132,1
patient31133,1
patient31134,2
patient31135,8
patient31136,11
patient31137,2
patient31138,2
patient31139,1
patient31140,2
patient31141,4
patient31142,3
patient31143,1
patient31144,1
patient31145,2
patient31146,8
patient31147,2
patient31148,2
patient31149,10
patient31150,2
patient31151,10
patient31152,2
patient31153,1
patient31154,1
patient31155,2
patient31156,2
patient31157,13
patient31158,8
patient31159,2
patient31160,2
patient31161,8
patient31162,1
patient31163,2
patient31164,8
patient31165,5
patient31166,2
patient31167,2
patient31168,3
patient31169,2
patient31170,2
patient31171,2
patient31172,2
patient31173,4
patient31174,1
patient31175,1
patient31176,12
patient31177,3
patient31178,2
patient31179,3
patient31180,5
patient31181,4
patient31182,6
patient31183,1
patient31184,3
patient31185,2
patient31186,2
patient31187,5
patient31188,7
patient31189,2
patient31190,2
patient31191,7
patient31192,2
patient31193,5
patient31194,9
patient31195,6
patient31196,6
patient31197,11
patient31198,2
patient31199,6
patient31200,1
patient31201,7
patient31202,1
patient31203,7
patient31204,6
patient31205,3
patient31206,3
patient31207,3
patient31208,2
patient31209,3
patient31210,16
patient31211,17
patient31212,1
patient31213,2
patient31214,1
patient31215,2
patient31216,2
patient31217,1
patient31218,2
patient31219,2
patient31220,2
patient31221,8
patient31222,3
patient31223,3
patient31224,3
patient31225,2
patient31226,2
patient31227,3
patient31228,2
patient31229,1
patient31230,2
patient31231,1
patient31232,3
patient31233,3
patient31234,5
patient31235,3
patient31236,2
patient31237,2
patient31238,6
patient31239,2
patient31240,1
patient31241,3
patient31242,1
patient31243,3
patient31244,2
patient31245,3
patient31246,2
patient31247,8
patient31248,1
patient31249,1
patient31250,2
patient31251,2
patient31252,3
patient31253,3
patient31254,4
patient31255,2
patient31256,16
patient31257,2
patient31258,2
patient31259,2
patient31260,4
patient31261,1
patient31262,2
patient31263,3
patient31264,1
patient31265,2
patient31266,2
patient31267,1
patient31268,1
patient31269,2
patient31270,2
patient31271,2
patient31272,3
patient31273,2
patient31274,2
patient31275,4
patient31276,2
patient31277,1
patient31278,2
patient31279,2
patient31280,1
patient31281,4
patient31282,2
patient31283,11
patient31284,2
patient31285,1
patient31286,8
patient31287,1
patient31288,2
patient31289,8
patient31290,2
patient31291,1
patient31292,2
patient31293,10
patient31294,4
patient31295,5
patient31296,4
patient31297,3
patient31298,1
patient31299,1
patient31300,2
patient31301,3
patient31302,3
patient31303,2
patient31304,10
patient31305,2
patient31306,13
patient31307,1
patient31308,1
patient31309,2
patient31310,2
patient31311,1
patient31312,4
patient31313,16
patient31314,1
patient31315,2
patient31316,21
patient31317,11
patient31318,1
patient31319,1
patient31320,10
patient31321,1
patient31322,1
patient31323,9
patient31324,2
patient31325,2
patient31326,1
patient31327,4
patient31328,1
patient31329,8
patient31330,4
patient31331,4
patient31332,3
patient31333,1
patient31334,2
patient31335,7
patient31336,2
patient31337,3
patient31338,4
patient31339,7
patient31340,3
patient31341,2
patient31342,21
patient31343,1
patient31344,1
patient31345,2
patient31346,8
patient31347,4
patient31348,6
patient31349,27
patient31350,4
patient31351,2
patient31352,5
patient31353,2
patient31354,2
patient31355,3
patient31356,1
patient31357,4
patient31358,9
patient31359,8
patient31360,2
patient31361,1
patient31362,1
patient31363,2
patient31364,2
patient31365,1
patient31366,8
patient31367,1
patient31368,2
patient31369,4
patient31370,4
patient31371,2
patient31372,2
patient31373,2
patient31374,1
patient31375,1
patient31376,2
patient31377,2
patient31378,6
patient31379,1
patient31380,2
patient31381,2
patient31382,4
patient31383,1
patient31384,6
patient31385,2
patient31386,3
patient31387,8
patient31388,6
patient31389,2
patient31390,2
patient31391,1
patient31392,1
patient31393,4
patient31394,1
patient31395,4
patient31396,2
patient31397,2
patient31398,3
patient31399,2
patient31400,1
patient31401,4
patient31402,2
patient31403,2
patient31404,6
patient31405,2
patient31406,7
patient31407,2
patient31408,1
patient31409,2
patient31410,4
patient31411,2
patient31412,1
patient31413,13
patient31414,13
patient31415,3
patient31416,1
patient31417,4
patient31418,6
patient31419,4
patient31420,3
patient31421,1
patient31422,5
patient31423,2
patient31424,2
patient31425,2
patient31426,3
patient31427,3
patient31428,2
patient31429,9
patient31430,4
patient31431,2
patient31432,16
patient31433,1
patient31434,1
patient31435,1
patient31436,2
patient31437,5
patient31438,2
patient31439,1
patient31440,4
patient31441,6
patient31442,2
patient31443,1
patient31444,1
patient31445,5
patient31446,1
patient31447,2
patient31448,1
patient31449,1
patient31450,5
patient31451,2
patient31452,2
patient31453,3
patient31454,1
patient31455,14
patient31456,1
patient31457,1
patient31458,2
patient31459,1
patient31460,2
patient31461,2
patient31462,2
patient31463,10
patient31464,2
patient31465,6
patient31466,2
patient31467,2
patient31468,3
patient31469,4
patient31470,3
patient31471,72
patient31472,39
patient31473,1
patient31474,4
patient31475,2
patient31476,2
patient31477,2
patient31478,1
patient31479,21
patient31480,2
patient31481,2
patient31482,18
patient31483,20
patient31484,1
patient31485,4
patient31486,2
patient31487,23
patient31488,1
patient31489,5
patient31490,2
patient31491,3
patient31492,2
patient31493,6
patient31494,1
patient31495,5
patient31496,4
patient31497,3
patient31498,2
patient31499,5
patient31500,2
patient31501,5
patient31502,2
patient31503,4
patient31504,2
patient31505,1
patient31506,2
patient31507,2
patient31508,2
patient31509,1
patient31510,4
patient31511,2
patient31512,36
patient31513,1
patient31514,2
patient31515,4
patient31516,1
patient31517,2
patient31518,1
patient31519,6
patient31520,2
patient31521,22
patient31522,3
patient31523,2
patient31524,2
patient31525,6
patient31526,4
patient31527,2
patient31528,6
patient31529,6
patient31530,6
patient31531,1
patient31532,1
patient31533,2
patient31534,2
patient31535,3
patient31536,1
patient31537,7
patient31538,2
patient31539,2
patient31540,2
patient31541,2
patient31542,1
patient31543,7
patient31544,2
patient31545,9
patient31546,9
patient31547,9
patient31548,2
patient31549,4
patient31550,4
patient31551,1
patient31552,7
patient31553,1
patient31554,11
patient31555,2
patient31556,7
patient31557,4
patient31558,2
patient31559,4
patient31560,6
patient31561,5
patient31562,18
patient31563,2
patient31564,6
patient31565,2
patient31566,6
patient31567,2
patient31568,3
patient31569,2
patient31570,1
patient31571,4
patient31572,3
patient31573,1
patient31574,3
patient31575,3
patient31576,1
patient31577,2
patient31578,7
patient31579,9
patient31580,1
patient31581,4
patient31582,1
patient31583,1
patient31584,2
patient31585,2
patient31586,1
patient31587,2
patient31588,3
patient31589,3
patient31590,3
patient31591,1
patient31592,7
patient31593,9
patient31594,10
patient31595,2
patient31596,2
patient31597,2
patient31598,2
patient31599,11
patient31600,2
patient31601,3
patient31602,2
patient31603,1
patient31604,7
patient31605,2
patient31606,4
patient31607,1
patient31608,1
patient31609,1
patient31610,2
patient31611,1
patient31612,1
patient31613,1
patient31614,2
patient31615,6
patient31616,2
patient31617,2
patient31618,2
patient31619,20
patient31620,2
patient31621,4
patient31622,2
patient31623,2
patient31624,3
patient31625,2
patient31626,4
patient31627,2
patient31628,6
patient31629,4
patient31630,2
patient31631,2
patient31632,2
patient31633,1
patient31634,6
patient31635,4
patient31636,2
patient31637,2
patient31638,2
patient31639,1
patient31640,1
patient31641,1
patient31642,2
patient31643,2
patient31644,3
patient31645,30
patient31646,2
patient31647,3
patient31648,1
patient31649,1
patient31650,2
patient31651,2
patient31652,2
patient31653,1
patient31654,2
patient31655,4
patient31656,7
patient31657,1
patient31658,2
patient31659,11
patient31660,5
patient31661,2
patient31662,2
patient31663,3
patient31664,3
patient31665,1
patient31666,1
patient31667,6
patient31668,3
patient31669,1
patient31670,2
patient31671,3
patient31672,2
patient31673,25
patient31674,5
patient31675,2
patient31676,2
patient31677,1
patient31678,2
patient31679,2
patient31680,2
patient31681,1
patient31682,10
patient31683,5
patient31684,4
patient31685,1
patient31686,2
patient31687,1
patient31688,1
patient31689,3
patient31690,2
patient31691,3
patient31692,1
patient31693,2
patient31694,10
patient31695,2
patient31696,1
patient31697,2
patient31698,2
patient31699,1
patient31700,4
patient31701,1
patient31702,2
patient31703,5
patient31704,1
patient31705,2
patient31706,2
patient31707,4
patient31708,7
patient31709,4
patient31710,3
patient31711,4
patient31712,2
patient31713,8
patient31714,2
patient31715,4
patient31716,12
patient31717,2
patient31718,3
patient31719,3
patient31720,2
patient31721,7
patient31722,3
patient31723,9
patient31724,3
patient31725,1
patient31726,2
patient31727,3
patient31728,2
patient31729,2
patient31730,1
patient31731,2
patient31732,2
patient31733,2
patient31734,3
patient31735,6
patient31736,1
patient31737,1
patient31738,1
patient31739,3
patient31740,2
patient31741,2
patient31742,5
patient31743,1
patient31744,2
patient31745,1
patient31746,2
patient31747,1
patient31748,1
patient31749,1
patient31750,9
patient31751,2
patient31752,4
patient31753,2
patient31754,5
patient31755,2
patient31756,2
patient31757,9
patient31758,1
patient31759,7
patient31760,2
patient31761,2
patient31762,4
patient31763,1
patient31764,4
patient31765,2
patient31766,11
patient31767,9
patient31768,1
patient31769,3
patient31770,2
patient31771,5
patient31772,2
patient31773,4
patient31774,2
patient31775,2
patient31776,3
patient31777,2
patient31778,2
patient31779,4
patient31780,5
patient31781,3
patient31782,4
patient31783,2
patient31784,5
patient31785,2
patient31786,2
patient31787,4
patient31788,2
patient31789,7
patient31790,3
patient31791,3
patient31792,2
patient31793,3
patient31794,24
patient31795,1
patient31796,2
patient31797,2
patient31798,2
patient31799,1
patient31800,1
patient31801,2
patient31802,2
patient31803,4
patient31804,7
patient31805,9
patient31806,1
patient31807,10
patient31808,3
patient31809,2
patient31810,6
patient31811,1
patient31812,5
patient31813,5
patient31814,1
patient31815,6
patient31816,4
patient31817,2
patient31818,6
patient31819,5
patient31820,2
patient31821,2
patient31822,5
patient31823,1
patient31824,2
patient31825,2
patient31826,20
patient31827,2
patient31828,2
patient31829,3
patient31830,1
patient31831,1
patient31832,2
patient31833,1
patient31834,2
patient31835,2
patient31836,5
patient31837,1
patient31838,1
patient31839,19
patient31840,4
patient31841,18
patient31842,2
patient31843,3
patient31844,4
patient31845,1
patient31846,2
patient31847,4
patient31848,4
patient31849,2
patient31850,4
patient31851,1
patient31852,2
patient31853,6
patient31854,1
patient31855,2
patient31856,4
patient31857,2
patient31858,1
patient31859,2
patient31860,2
patient31861,7
patient31862,3
patient31863,1
patient31864,1
patient31865,2
patient31866,1
patient31867,2
patient31868,1
patient31869,2
patient31870,3
patient31871,12
patient31872,1
patient31873,2
patient31874,2
patient31875,2
patient31876,2
patient31877,16
patient31878,5
patient31879,3
patient31880,5
patient31881,16
patient31882,5
patient31883,2
patient31884,1
patient31885,2
patient31886,2
patient31887,11
patient31888,2
patient31889,1
patient31890,46
patient31891,4
patient31892,1
patient31893,6
patient31894,1
patient31895,3
patient31896,1
patient31897,2
patient31898,3
patient31899,6
patient31900,1
patient31901,5
patient31902,1
patient31903,14
patient31904,6
patient31905,3
patient31906,2
patient31907,8
patient31908,1
patient31909,15
patient31910,5
patient31911,2
patient31912,7
patient31913,6
patient31914,7
patient31915,2
patient31916,1
patient31917,2
patient31918,3
patient31919,1
patient31920,5
patient31921,8
patient31922,2
patient31923,1
patient31924,2
patient31925,6
patient31926,4
patient31927,1
patient31928,12
patient31929,3
patient31930,3
patient31931,3
patient31932,2
patient31933,1
patient31934,2
patient31935,2
patient31936,1
patient31937,1
patient31938,3
patient31939,1
patient31940,7
patient31941,2
patient31942,2
patient31943,1
patient31944,7
patient31945,6
patient31946,2
patient31947,6
patient31948,7
patient31949,8
patient31950,2
patient31951,1
patient31952,3
patient31953,1
patient31954,9
patient31955,1
patient31956,1
patient31957,1
patient31958,2
patient31959,4
patient31960,2
patient31961,1
patient31962,2
patient31963,1
patient31964,1
patient31965,3
patient31966,3
patient31967,3
patient31968,4
patient31969,10
patient31970,1
patient31971,5
patient31972,2
patient31973,2
patient31974,2
patient31975,6
patient31976,2
patient31977,12
patient31978,11
patient31979,8
patient31980,16
patient31981,1
patient31982,8
patient31983,2
patient31984,2
patient31985,2
patient31986,6
patient31987,3
patient31988,5
patient31989,2
patient31990,2
patient31991,4
patient31992,1
patient31993,11
patient31994,8
patient31995,3
patient31996,2
patient31997,7
patient31998,1
patient31999,1
patient32000,5
patient32001,3
patient32002,2
patient32003,10
patient32004,2
patient32005,4
patient32006,3
patient32007,16
patient32008,1
patient32009,3
patient32010,3
patient32011,3
patient32012,7
patient32013,1
patient32014,19
patient32015,5
patient32016,10
patient32017,4
patient32018,1
patient32019,2
patient32020,2
patient32021,2
patient32022,4
patient32023,7
patient32024,1
patient32025,12
patient32026,4
patient32027,6
patient32028,4
patient32029,2
patient32030,2
patient32031,2
patient32032,2
patient32033,1
patient32034,2
patient32035,3
patient32036,6
patient32037,1
patient32038,2
patient32039,3
patient32040,2
patient32041,11
patient32042,1
patient32043,3
patient32044,3
patient32045,1
patient32046,17
patient32047,1
patient32048,2
patient32049,1
patient32050,2
patient32051,1
patient32052,1
patient32053,1
patient32054,7
patient32055,3
patient32056,2
patient32057,2
patient32058,2
patient32059,1
patient32060,5
patient32061,7
patient32062,1
patient32063,7
patient32064,4
patient32065,2
patient32066,3
patient32067,1
patient32068,12
patient32069,2
patient32070,4
patient32071,1
patient32072,2
patient32073,3
patient32074,1
patient32075,1
patient32076,2
patient32077,2
patient32078,1
patient32079,2
patient32080,1
patient32081,3
patient32082,1
patient32083,2
patient32084,2
patient32085,5
patient32086,8
patient32087,1
patient32088,1
patient32089,5
patient32090,2
patient32091,1
patient32092,25
patient32093,6
patient32094,20
patient32095,1
patient32096,3
patient32097,3
patient32098,1
patient32099,6
patient32100,2
patient32101,1
patient32102,7
patient32103,1
patient32104,3
patient32105,2
patient32106,2
patient32107,2
patient32108,2
patient32109,2
patient32110,4
patient32111,4
patient32112,2
patient32113,3
patient32114,1
patient32115,1
patient32116,12
patient32117,4
patient32118,7
patient32119,5
patient32120,3
patient32121,5
patient32122,2
patient32123,2
patient32124,2
patient32125,2
patient32126,3
patient32127,1
patient32128,2
patient32129,3
patient32130,2
patient32131,2
patient32132,8
patient32133,2
patient32134,2
patient32135,6
patient32136,3
patient32137,9
patient32138,2
patient32139,2
patient32140,1
patient32141,16
patient32142,1
patient32143,3
patient32144,2
patient32145,7
patient32146,9
patient32147,4
patient32148,14
patient32149,2
patient32150,7
patient32151,2
patient32152,5
patient32153,3
patient32154,2
patient32155,2
patient32156,2
patient32157,1
patient32158,5
patient32159,4
patient32160,1
patient32161,2
patient32162,2
patient32163,4
patient32164,1
patient32165,3
patient32166,5
patient32167,2
patient32168,2
patient32169,1
patient32170,8
patient32171,4
patient32172,2
patient32173,5
patient32174,1
patient32175,2
patient32176,2
patient32177,4
patient32178,4
patient32179,2
patient32180,2
patient32181,4
patient32182,2
patient32183,6
patient32184,5
patient32185,8
patient32186,1
patient32187,2
patient32188,6
patient32189,1
patient32190,5
patient32191,2
patient32192,2
patient32193,7
patient32194,2
patient32195,7
patient32196,26
patient32197,42
patient32198,43
patient32199,2
patient32200,2
patient32201,3
patient32202,1
patient32203,1
patient32204,1
patient32205,14
patient32206,2
patient32207,1
patient32208,3
patient32209,9
patient32210,5
patient32211,1
patient32212,5
patient32213,1
patient32214,7
patient32215,2
patient32216,9
patient32217,1
patient32218,1
patient32219,1
patient32220,2
patient32221,19
patient32222,2
patient32223,2
patient32224,1
patient32225,2
patient32226,2
patient32227,1
patient32228,11
patient32229,10
patient32230,1
patient32232,2
patient32233,6
patient32234,3
patient32235,3
patient32236,17
patient32237,1
patient32238,2
patient32239,4
patient32240,2
patient32241,3
patient32242,1
patient32243,2
patient32244,6
patient32245,2
patient32246,5
patient32247,9
patient32248,3
patient32249,1
patient32250,1
patient32251,5
patient32252,2
patient32253,3
patient32254,3
patient32255,2
patient32256,2
patient32257,4
patient32258,2
patient32259,5
patient32260,2
patient32261,2
patient32262,2
patient32263,2
patient32264,2
patient32265,2
patient32266,2
patient32267,3
patient32268,3
patient32269,3
patient32270,1
patient32271,7
patient32272,10
patient32273,1
patient32274,2
patient32275,1
patient32276,2
patient32277,2
patient32278,7
patient32279,4
patient32280,4
patient32281,2
patient32282,4
patient32283,2
patient32284,10
patient32285,19
patient32286,16
patient32287,1
patient32288,1
patient32289,6
patient32290,5
patient32291,2
patient32292,23
patient32293,2
patient32294,2
patient32295,8
patient32296,2
patient32297,1
patient32298,3
patient32299,1
patient32300,2
patient32301,1
patient32302,1
patient32303,1
patient32304,1
patient32305,1
patient32306,9
patient32307,9
patient32308,1
patient32309,2
patient32310,6
patient32311,3
patient32312,2
patient32313,2
patient32314,2
patient32315,3
patient32316,2
patient32317,4
patient32318,2
patient32319,2
patient32320,1
patient32321,2
patient32322,8
patient32323,5
patient32324,2
patient32325,1
patient32326,2
patient32327,1
patient32328,2
patient32329,3
patient32330,2
patient32331,1
patient32332,7
patient32333,1
patient32334,2
patient32335,9
patient32336,3
patient32337,21
patient32338,7
patient32339,2
patient32340,2
patient32341,2
patient32342,1
patient32343,1
patient32344,1
patient32345,5
patient32346,1
patient32347,1
patient32348,2
patient32349,2
patient32350,1
patient32351,2
patient32352,2
patient32353,1
patient32354,3
patient32355,2
patient32356,2
patient32357,1
patient32358,8
patient32359,1
patient32360,2
patient32361,2
patient32362,1
patient32363,1
patient32364,1
patient32365,3
patient32366,5
patient32367,1
patient32368,1
patient32369,12
patient32370,1
patient32371,6
patient32372,3
patient32373,9
patient32374,3
patient32375,2
patient32376,2
patient32377,5
patient32378,1
patient32379,6
patient32380,8
patient32381,10
patient32382,6
patient32383,2
patient32384,2
patient32385,1
patient32386,2
patient32387,2
patient32388,13
patient32389,1
patient32390,2
patient32391,1
patient32392,2
patient32393,1
patient32394,4
patient32395,1
patient32396,9
patient32397,1
patient32398,1
patient32399,10
patient32400,4
patient32401,2
patient32402,5
patient32403,2
patient32404,7
patient32405,2
patient32406,1
patient32407,9
patient32408,2
patient32409,1
patient32410,2
patient32411,6
patient32412,2
patient32413,2
patient32414,2
patient32415,1
patient32416,3
patient32417,3
patient32418,1
patient32419,2
patient32420,5
patient32421,2
patient32422,10
patient32423,2
patient32424,2
patient32425,13
patient32426,2
patient32427,2
patient32428,2
patient32429,7
patient32430,4
patient32431,1
patient32432,1
patient32433,3
patient32434,3
patient32435,3
patient32436,7
patient32437,2
patient32438,1
patient32439,1
patient32440,1
patient32441,6
patient32442,2
patient32443,2
patient32444,23
patient32445,8
patient32446,2
patient32447,1
patient32448,1
patient32449,1
patient32450,2
patient32451,2
patient32452,2
patient32453,11
patient32454,6
patient32455,2
patient32456,1
patient32457,3
patient32458,2
patient32459,1
patient32460,2
patient32461,12
patient32462,1
patient32463,6
patient32464,2
patient32465,1
patient32466,9
patient32467,2
patient32468,4
patient32469,8
patient32470,7
patient32471,1
patient32472,2
patient32473,2
patient32474,3
patient32475,2
patient32476,7
patient32477,2
patient32478,4
patient32479,2
patient32480,9
patient32481,9
patient32482,2
patient32483,1
patient32484,2
patient32485,2
patient32486,2
patient32487,2
patient32488,3
patient32489,1
patient32490,9
patient32491,3
patient32492,2
patient32493,1
patient32494,36
patient32495,4
patient32496,2
patient32497,2
patient32498,2
patient32499,2
patient32500,56
patient32501,29
patient32502,3
patient32503,8
patient32504,2
patient32505,21
patient32506,9
patient32507,5
patient32508,4
patient32509,3
patient32510,3
patient32511,2
patient32512,3
patient32513,2
patient32514,1
patient32515,3
patient32516,1
patient32517,2
patient32518,4
patient32519,2
patient32520,1
patient32521,1
patient32522,1
patient32523,1
patient32524,6
patient32525,2
patient32526,2
patient32527,2
patient32528,8
patient32529,2
patient32530,1
patient32531,2
patient32532,1
patient32533,2
patient32534,2
patient32535,2
patient32536,3
patient32537,2
patient32538,2
patient32539,1
patient32540,1
patient32541,11
patient32542,3
patient32543,3
patient32544,1
patient32545,1
patient32546,1
patient32547,3
patient32548,4
patient32549,2
patient32550,6
patient32551,3
patient32552,1
patient32553,2
patient32554,5
patient32555,8
patient32556,3
patient32557,7
patient32558,2
patient32559,2
patient32560,2
patient32561,2
patient32562,2
patient32563,4
patient32564,1
patient32565,4
patient32566,2
patient32567,1
patient32568,2
patient32569,3
patient32570,3
patient32571,2
patient32572,1
patient32573,2
patient32574,1
patient32575,2
patient32576,1
patient32577,2
patient32578,2
patient32579,8
patient32580,32
patient32581,2
patient32582,1
patient32583,3
patient32584,10
patient32585,2
patient32586,1
patient32587,1
patient32588,1
patient32589,1
patient32590,2
patient32591,2
patient32592,32
patient32593,1
patient32594,1
patient32595,47
patient32596,2
patient32597,3
patient32598,3
patient32599,1
patient32600,6
patient32601,9
patient32602,8
patient32603,16
patient32604,14
patient32605,4
patient32606,5
patient32607,4
patient32608,4
patient32609,4
patient32610,2
patient32611,2
patient32612,2
patient32613,7
patient32614,3
patient32615,4
patient32616,18
patient32617,1
patient32618,2
patient32619,3
patient32620,1
patient32621,2
patient32622,4
patient32623,4
patient32624,14
patient32625,2
patient32626,5
patient32627,8
patient32628,4
patient32629,10
patient32630,2
patient32631,1
patient32632,6
patient32633,5
patient32634,14
patient32635,2
patient32636,2
patient32637,8
patient32638,5
patient32639,3
patient32640,1
patient32641,8
patient32642,1
patient32643,1
patient32644,5
patient32645,4
patient32646,9
patient32647,23
patient32648,2
patient32649,1
patient32650,11
patient32651,2
patient32652,4
patient32653,1
patient32654,1
patient32655,1
patient32656,1
patient32657,1
patient32658,2
patient32659,2
patient32660,3
patient32661,5
patient32662,2
patient32663,7
patient32664,2
patient32665,1
patient32666,3
patient32667,2
patient32668,1
patient32669,2
patient32670,22
patient32671,2
patient32672,4
patient32673,3
patient32674,2
patient32675,1
patient32676,3
patient32677,4
patient32678,3
patient32679,2
patient32680,9
patient32681,1
patient32682,12
patient32683,2
patient32684,2
patient32685,2
patient32686,8
patient32687,2
patient32688,2
patient32689,2
patient32690,1
patient32691,1
patient32692,5
patient32693,1
patient32694,6
patient32695,2
patient32696,2
patient32697,1
patient32698,2
patient32699,1
patient32700,5
patient32701,1
patient32702,6
patient32703,9
patient32704,2
patient32705,6
patient32706,20
patient32707,3
patient32708,23
patient32709,4
patient32710,11
patient32711,2
patient32712,1
patient32713,8
patient32714,1
patient32715,1
patient32716,1
patient32717,9
patient32718,7
patient32719,1
patient32720,6
patient32721,3
patient32722,1
patient32723,2
patient32724,2
patient32725,1
patient32726,2
patient32727,2
patient32728,11
patient32729,2
patient32730,2
patient32731,4
patient32732,3
patient32733,12
patient32734,2
patient32735,2
patient32736,8
patient32737,2
patient32738,8
patient32739,2
patient32740,1
patient32741,7
patient32742,1
patient32743,2
patient32744,7
patient32745,1
patient32746,2
patient32747,2
patient32748,3
patient32749,3
patient32750,15
patient32751,16
patient32752,4
patient32753,2
patient32754,1
patient32755,7
patient32756,8
patient32757,3
patient32758,1
patient32759,4
patient32760,2
patient32761,1
patient32762,3
patient32763,9
patient32764,6
patient32765,9
patient32766,2
patient32767,4
patient32768,2
patient32769,6
patient32770,7
patient32771,2
patient32772,6
patient32773,3
patient32774,5
patient32775,1
patient32776,15
patient32777,1
patient32778,1
patient32779,5
patient32780,3
patient32781,1
patient32782,6
patient32783,2
patient32784,1
patient32785,23
patient32786,8
patient32787,2
patient32788,1
patient32789,3
patient32790,3
patient32791,2
patient32792,1
patient32793,4
patient32794,4
patient32795,1
patient32796,29
patient32797,2
patient32798,1
patient32799,2
patient32800,2
patient32801,1
patient32802,2
patient32803,1
patient32804,3
patient32805,5
patient32806,5
patient32807,3
patient32808,4
patient32809,4
patient32810,1
patient32811,6
patient32812,2
patient32813,8
patient32814,1
patient32815,42
patient32816,3
patient32817,2
patient32818,1
patient32819,3
patient32820,2
patient32821,5
patient32822,2
patient32823,2
patient32824,2
patient32825,1
patient32826,2
patient32827,1
patient32828,1
patient32829,4
patient32830,8
patient32831,3
patient32832,26
patient32833,3
patient32834,3
patient32835,2
patient32836,1
patient32837,1
patient32838,1
patient32839,3
patient32840,2
patient32841,3
patient32842,2
patient32843,1
patient32844,2
patient32845,4
patient32846,3
patient32847,12
patient32848,3
patient32849,2
patient32850,4
patient32851,1
patient32852,7
patient32853,2
patient32854,2
patient32855,4
patient32856,1
patient32857,2
patient32858,6
patient32859,3
patient32860,1
patient32861,3
patient32862,10
patient32863,1
patient32864,6
patient32865,2
patient32866,1
patient32867,5
patient32868,2
patient32869,7
patient32870,2
patient32871,4
patient32872,2
patient32873,8
patient32874,1
patient32875,1
patient32876,5
patient32877,3
patient32878,2
patient32879,2
patient32880,1
patient32881,14
patient32882,2
patient32883,2
patient32884,2
patient32885,2
patient32886,7
patient32887,6
patient32888,4
patient32889,1
patient32890,3
patient32891,14
patient32892,2
patient32893,11
patient32894,2
patient32895,2
patient32896,3
patient32897,6
patient32898,6
patient32899,1
patient32900,3
patient32901,1
patient32902,2
patient32903,2
patient32904,2
patient32905,15
patient32906,6
patient32907,2
patient32908,9
patient32909,2
patient32910,2
patient32911,3
patient32912,3
patient32913,2
patient32914,10
patient32915,4
patient32916,3
patient32917,2
patient32918,1
patient32919,4
patient32920,1
patient32921,2
patient32922,4
patient32923,6
patient32925,3
patient32926,2
patient32927,8
patient32928,5
patient32929,2
patient32930,1
patient32931,2
patient32932,2
patient32933,2
patient32934,1
patient32935,2
patient32936,2
patient32937,2
patient32938,2
patient32939,4
patient32940,1
patient32941,1
patient32942,1
patient32943,2
patient32944,1
patient32945,8
patient32946,4
patient32947,1
patient32948,7
patient32949,5
patient32950,1
patient32951,1
patient32952,1
patient32953,2
patient32954,1
patient32955,21
patient32956,2
patient32957,2
patient32958,2
patient32959,2
patient32960,2
patient32961,5
patient32962,5
patient32963,5
patient32964,4
patient32965,2
patient32966,1
patient32967,2
patient32968,1
patient32969,8
patient32970,7
patient32971,2
patient32972,14
patient32973,3
patient32974,1
patient32975,5
patient32976,1
patient32977,1
patient32978,2
patient32979,1
patient32980,8
patient32981,2
patient32982,3
patient32983,1
patient32984,6
patient32985,2
patient32986,1
patient32987,2
patient32988,8
patient32989,4
patient32990,1
patient32991,3
patient32992,8
patient32993,4
patient32994,4
patient32995,2
patient32996,5
patient32997,21
patient32998,4
patient32999,1
patient33000,13
patient33001,1
patient33002,6
patient33003,2
patient33004,4
patient33005,2
patient33006,1
patient33007,2
patient33008,4
patient33009,7
patient33010,1
patient33011,3
patient33012,2
patient33013,8
patient33014,1
patient33015,2
patient33016,3
patient33017,2
patient33018,1
patient33019,2
patient33020,5
patient33021,6
patient33022,4
patient33023,1
patient33024,2
patient33025,3
patient33026,1
patient33027,1
patient33028,6
patient33029,1
patient33030,2
patient33031,1
patient33032,1
patient33033,2
patient33034,2
patient33035,1
patient33036,1
patient33037,2
patient33038,2
patient33039,2
patient33040,2
patient33041,7
patient33042,2
patient33043,2
patient33044,4
patient33045,1
patient33046,3
patient33047,1
patient33048,2
patient33049,1
patient33050,1
patient33051,2
patient33052,6
patient33053,2
patient33054,1
patient33055,4
patient33056,2
patient33057,2
patient33058,3
patient33059,8
patient33060,2
patient33061,4
patient33062,2
patient33063,4
patient33064,9
patient33065,7
patient33066,2
patient33067,3
patient33068,2
patient33069,3
patient33070,1
patient33071,2
patient33072,2
patient33073,8
patient33074,2
patient33075,1
patient33076,1
patient33077,2
patient33078,14
patient33079,1
patient33080,2
patient33081,9
patient33082,2
patient33083,2
patient33084,11
patient33085,4
patient33086,2
patient33087,9
patient33088,2
patient33089,2
patient33090,3
patient33091,5
patient33092,8
patient33093,1
patient33094,4
patient33095,24
patient33096,4
patient33097,2
patient33098,2
patient33099,1
patient33100,2
patient33101,7
patient33102,3
patient33103,2
patient33104,1
patient33105,3
patient33106,3
patient33107,2
patient33108,1
patient33109,2
patient33110,4
patient33111,2
patient33112,8
patient33113,1
patient33114,2
patient33115,1
patient33116,2
patient33117,2
patient33118,1
patient33119,2
patient33120,2
patient33121,3
patient33122,1
patient33123,1
patient33124,1
patient33125,5
patient33126,1
patient33127,12
patient33128,5
patient33129,14
patient33130,6
patient33131,3
patient33132,12
patient33133,1
patient33134,2
patient33135,2
patient33136,9
patient33137,5
patient33138,1
patient33139,13
patient33140,1
patient33141,2
patient33142,3
patient33143,10
patient33144,1
patient33145,3
patient33146,11
patient33147,1
patient33148,3
patient33149,3
patient33150,2
patient33151,2
patient33152,2
patient33153,2
patient33154,4
patient33155,92
patient33156,2
patient33157,4
patient33158,14
patient33159,2
patient33160,2
patient33161,4
patient33162,4
patient33163,2
patient33164,3
patient33165,4
patient33166,1
patient33167,1
patient33168,25
patient33169,2
patient33170,2
patient33171,1
patient33172,2
patient33173,4
patient33174,1
patient33175,4
patient33176,1
patient33177,7
patient33178,3
patient33179,10
patient33180,4
patient33181,2
patient33182,5
patient33183,5
patient33184,2
patient33185,2
patient33186,5
patient33187,2
patient33188,3
patient33189,2
patient33190,2
patient33191,2
patient33192,6
patient33193,1
patient33194,5
patient33195,2
patient33196,3
patient33197,5
patient33198,1
patient33199,31
patient33200,2
patient33201,3
patient33202,3
patient33203,1
patient33204,1
patient33205,3
patient33206,1
patient33207,2
patient33208,2
patient33209,2
patient33210,4
patient33211,5
patient33212,1
patient33213,1
patient33214,2
patient33215,1
patient33216,19
patient33217,2
patient33218,1
patient33219,3
patient33220,2
patient33221,2
patient33222,2
patient33223,4
patient33224,14
patient33225,2
patient33226,4
patient33227,9
patient33228,4
patient33229,2
patient33230,1
patient33231,6
patient33232,2
patient33233,2
patient33234,1
patient33235,1
patient33236,4
patient33237,2
patient33238,2
patient33239,1
patient33240,10
patient33241,3
patient33242,1
patient33243,2
patient33244,1
patient33245,1
patient33246,1
patient33247,13
patient33248,8
patient33249,1
patient33250,5
patient33251,27
patient33252,6
patient33253,1
patient33254,1
patient33255,1
patient33256,7
patient33257,1
patient33258,3
patient33259,1
patient33260,2
patient33261,1
patient33262,2
patient33263,2
patient33264,1
patient33265,1
patient33266,2
patient33267,2
patient33268,3
patient33269,4
patient33270,2
patient33271,2
patient33272,5
patient33273,4
patient33274,4
patient33275,4
patient33276,1
patient33277,1
patient33278,11
patient33279,7
patient33280,2
patient33281,3
patient33282,4
patient33283,5
patient33284,6
patient33285,1
patient33286,6
patient33287,2
patient33288,2
patient33289,7
patient33290,2
patient33291,8
patient33292,2
patient33293,4
patient33294,4
patient33295,2
patient33296,1
patient33297,2
patient33298,2
patient33299,5
patient33300,2
patient33301,7
patient33302,1
patient33303,8
patient33304,7
patient33305,1
patient33306,2
patient33307,10
patient33308,1
patient33309,6
patient33310,7
patient33311,2
patient33312,6
patient33313,2
patient33314,4
patient33315,2
patient33316,1
patient33317,9
patient33318,3
patient33319,11
patient33320,3
patient33321,1
patient33322,2
patient33323,3
patient33324,1
patient33325,3
patient33326,19
patient33327,2
patient33328,1
patient33329,1
patient33330,2
patient33331,2
patient33332,1
patient33333,2
patient33334,4
patient33335,1
patient33336,2
patient33337,1
patient33338,6
patient33339,1
patient33340,13
patient33341,3
patient33342,2
patient33343,5
patient33344,1
patient33345,6
patient33346,7
patient33347,1
patient33348,1
patient33349,20
patient33350,1
patient33351,2
patient33352,5
patient33353,2
patient33354,1
patient33355,2
patient33356,8
patient33357,3
patient33358,3
patient33359,2
patient33360,4
patient33361,1
patient33362,1
patient33363,3
patient33364,4
patient33365,4
patient33366,2
patient33367,2
patient33368,2
patient33369,1
patient33370,2
patient33371,1
patient33372,2
patient33373,3
patient33374,20
patient33375,2
patient33376,12
patient33377,5
patient33378,2
patient33379,4
patient33380,1
patient33381,4
patient33382,5
patient33383,2
patient33384,1
patient33385,1
patient33386,1
patient33387,2
patient33388,2
patient33389,4
patient33390,6
patient33391,2
patient33392,4
patient33393,1
patient33394,2
patient33395,2
patient33396,1
patient33397,5
patient33398,1
patient33399,2
patient33400,2
patient33401,5
patient33402,7
patient33403,4
patient33404,1
patient33405,4
patient33406,8
patient33407,3
patient33408,2
patient33409,2
patient33410,6
patient33411,5
patient33412,3
patient33413,4
patient33414,23
patient33415,2
patient33416,2
patient33417,1
patient33418,2
patient33419,1
patient33420,2
patient33421,1
patient33422,1
patient33423,1
patient33424,3
patient33425,7
patient33426,7
patient33427,2
patient33428,10
patient33429,2
patient33430,3
patient33431,12
patient33432,2
patient33433,2
patient33434,1
patient33435,2
patient33436,1
patient33437,11
patient33438,5
patient33439,1
patient33440,6
patient33441,5
patient33442,2
patient33443,4
patient33444,1
patient33445,1
patient33446,2
patient33447,1
patient33448,2
patient33449,2
patient33450,8
patient33451,1
patient33452,4
patient33453,6
patient33454,4
patient33455,2
patient33456,6
patient33457,5
patient33458,2
patient33459,2
patient33460,3
patient33461,3
patient33462,2
patient33463,3
patient33464,1
patient33465,4
patient33466,6
patient33467,2
patient33468,2
patient33469,2
patient33470,1
patient33471,2
patient33472,4
patient33473,10
patient33474,2
patient33475,2
patient33476,13
patient33477,2
patient33478,1
patient33479,22
patient33480,13
patient33481,6
patient33482,4
patient33483,2
patient33484,2
patient33485,4
patient33486,3
patient33487,16
patient33488,7
patient33489,2
patient33490,4
patient33491,3
patient33492,2
patient33493,2
patient33494,1
patient33495,2
patient33496,2
patient33497,1
patient33498,3
patient33499,1
patient33500,1
patient33501,2
patient33502,13
patient33503,2
patient33504,2
patient33505,3
patient33506,8
patient33507,2
patient33508,2
patient33509,8
patient33510,3
patient33511,3
patient33512,2
patient33513,2
patient33514,4
patient33515,3
patient33516,49
patient33517,1
patient33518,3
patient33519,1
patient33520,2
patient33521,5
patient33522,4
patient33523,3
patient33524,1
patient33525,5
patient33526,1
patient33527,3
patient33528,1
patient33529,2
patient33530,2
patient33531,2
patient33532,2
patient33533,1
patient33534,4
patient33535,1
patient33536,1
patient33537,1
patient33538,5
patient33539,4
patient33540,1
patient33541,7
patient33542,1
patient33543,2
patient33544,1
patient33545,2
patient33546,1
patient33547,2
patient33548,3
patient33549,15
patient33550,8
patient33551,2
patient33552,6
patient33553,22
patient33554,2
patient33555,3
patient33556,15
patient33557,2
patient33558,12
patient33559,1
patient33560,3
patient33561,2
patient33562,2
patient33563,2
patient33564,2
patient33565,17
patient33566,2
patient33567,2
patient33568,3
patient33569,1
patient33570,7
patient33571,2
patient33572,1
patient33573,2
patient33574,2
patient33575,2
patient33576,1
patient33577,3
patient33578,21
patient33579,12
patient33580,2
patient33581,3
patient33582,11
patient33583,2
patient33584,14
patient33585,2
patient33586,1
patient33587,1
patient33588,7
patient33589,1
patient33590,15
patient33591,2
patient33592,10
patient33593,1
patient33594,2
patient33595,4
patient33596,2
patient33597,1
patient33598,3
patient33599,8
patient33600,1
patient33601,2
patient33602,3
patient33603,1
patient33604,1
patient33605,2
patient33606,2
patient33607,2
patient33608,5
patient33609,1
patient33610,33
patient33611,1
patient33612,6
patient33613,8
patient33614,1
patient33615,2
patient33616,2
patient33617,7
patient33618,3
patient33619,1
patient33620,19
patient33621,2
patient33622,33
patient33623,2
patient33624,8
patient33625,16
patient33626,2
patient33627,5
patient33628,2
patient33629,3
patient33630,1
patient33631,1
patient33632,1
patient33633,2
patient33634,1
patient33635,5
patient33636,1
patient33637,15
patient33638,1
patient33639,1
patient33640,2
patient33641,2
patient33642,14
patient33643,5
patient33644,1
patient33645,3
patient33646,2
patient33647,1
patient33648,2
patient33649,2
patient33650,2
patient33651,2
patient33652,1
patient33653,1
patient33654,5
patient33655,1
patient33656,3
patient33657,2
patient33658,2
patient33659,1
patient33660,4
patient33661,2
patient33662,4
patient33663,3
patient33664,1
patient33665,4
patient33666,1
patient33667,1
patient33668,16
patient33669,4
patient33670,2
patient33671,5
patient33672,2
patient33673,1
patient33674,4
patient33675,2
patient33676,2
patient33677,2
patient33678,8
patient33679,6
patient33680,16
patient33681,4
patient33682,2
patient33683,23
patient33684,3
patient33685,1
patient33686,3
patient33687,2
patient33688,6
patient33689,1
patient33690,2
patient33691,4
patient33692,1
patient33693,8
patient33694,14
patient33695,3
patient33696,3
patient33697,1
patient33698,5
patient33699,1
patient33700,4
patient33701,2
patient33702,5
patient33703,1
patient33704,2
patient33705,2
patient33706,1
patient33707,2
patient33708,4
patient33709,1
patient33710,3
patient33711,1
patient33712,2
patient33713,4
patient33714,2
patient33715,1
patient33716,2
patient33717,2
patient33718,2
patient33719,1
patient33720,3
patient33721,3
patient33722,13
patient33723,1
patient33724,1
patient33725,1
patient33726,1
patient33727,1
patient33728,2
patient33729,1
patient33730,2
patient33731,2
patient33732,4
patient33733,2
patient33734,10
patient33735,3
patient33736,2
patient33737,3
patient33738,4
patient33739,2
patient33740,1
patient33741,7
patient33742,4
patient33743,2
patient33744,2
patient33745,5
patient33746,14
patient33747,4
patient33748,2
patient33749,6
patient33750,3
patient33751,3
patient33752,3
patient33753,5
patient33754,2
patient33755,4
patient33756,7
patient33757,1
patient33758,3
patient33759,1
patient33760,1
patient33761,2
patient33762,2
patient33763,1
patient33764,3
patient33765,17
patient33766,1
patient33767,6
patient33768,2
patient33769,3
patient33770,5
patient33771,1
patient33772,7
patient33773,10
patient33774,4
patient33775,6
patient33776,2
patient33777,6
patient33778,1
patient33779,3
patient33780,1
patient33781,2
patient33782,2
patient33783,1
patient33784,4
patient33785,8
patient33786,8
patient33787,7
patient33788,3
patient33789,2
patient33790,2
patient33791,1
patient33792,6
patient33793,1
patient33794,2
patient33795,1
patient33796,1
patient33797,1
patient33798,1
patient33799,7
patient33800,3
patient33801,2
patient33802,1
patient33803,3
patient33804,4
patient33805,5
patient33806,2
patient33807,1
patient33808,3
patient33809,8
patient33810,3
patient33811,1
patient33812,2
patient33813,2
patient33814,10
patient33815,9
patient33816,4
patient33817,2
patient33818,2
patient33819,2
patient33820,6
patient33821,2
patient33822,1
patient33823,9
patient33824,2
patient33825,7
patient33826,2
patient33827,14
patient33828,4
patient33829,4
patient33830,5
patient33831,1
patient33832,8
patient33833,2
patient33834,16
patient33835,5
patient33836,1
patient33837,5
patient33838,1
patient33839,3
patient33840,4
patient33841,3
patient33842,4
patient33843,2
patient33844,1
patient33845,15
patient33846,1
patient33847,2
patient33848,2
patient33849,6
patient33850,2
patient33851,2
patient33852,1
patient33853,2
patient33854,29
patient33855,1
patient33856,2
patient33857,4
patient33858,2
patient33859,3
patient33860,5
patient33861,3
patient33862,1
patient33863,2
patient33864,2
patient33865,1
patient33866,2
patient33867,5
patient33868,2
patient33869,1
patient33870,1
patient33871,2
patient33872,2
patient33873,1
patient33874,2
patient33875,4
patient33876,2
patient33877,3
patient33878,1
patient33879,2
patient33880,2
patient33881,1
patient33882,2
patient33883,3
patient33884,6
patient33885,1
patient33886,2
patient33887,3
patient33888,1
patient33889,2
patient33890,28
patient33891,7
patient33892,10
patient33893,3
patient33894,20
patient33895,4
patient33896,2
patient33897,2
patient33898,2
patient33899,2
patient33900,2
patient33901,1
patient33902,4
patient33903,1
patient33904,39
patient33905,1
patient33906,5
patient33907,7
patient33908,6
patient33909,2
patient33910,18
patient33911,11
patient33912,4
patient33913,9
patient33914,2
patient33915,3
patient33916,4
patient33917,2
patient33918,5
patient33919,1
patient33920,4
patient33921,19
patient33922,3
patient33923,2
patient33924,1
patient33925,1
patient33926,5
patient33927,1
patient33928,1
patient33929,4
patient33930,7
patient33931,1
patient33932,2
patient33933,5
patient33934,2
patient33935,2
patient33936,1
patient33937,1
patient33938,1
patient33939,2
patient33940,1
patient33941,1
patient33942,4
patient33943,14
patient33944,1
patient33945,1
patient33946,12
patient33947,2
patient33948,3
patient33949,1
patient33950,2
patient33951,3
patient33952,2
patient33953,2
patient33954,14
patient33955,2
patient33956,2
patient33957,6
patient33958,1
patient33959,1
patient33960,1
patient33961,8
patient33962,9
patient33963,8
patient33964,2
patient33965,1
patient33966,3
patient33967,2
patient33968,7
patient33969,4
patient33970,3
patient33971,5
patient33972,3
patient33973,3
patient33974,1
patient33975,2
patient33976,1
patient33977,3
patient33978,2
patient33979,2
patient33980,3
patient33981,4
patient33982,23
patient33983,1
patient33984,2
patient33985,1
patient33986,2
patient33987,2
patient33988,1
patient33989,6
patient33990,1
patient33991,2
patient33992,1
patient33993,1
patient33994,6
patient33995,2
patient33996,6
patient33997,2
patient33998,1
patient33999,1
patient34000,1
patient34001,2
patient34002,2
patient34003,1
patient34004,2
patient34005,17
patient34006,2
patient34007,1
patient34008,1
patient34009,4
patient34010,3
patient34011,2
patient34012,4
patient34013,2
patient34014,1
patient34015,1
patient34016,3
patient34017,2
patient34018,1
patient34019,10
patient34020,2
patient34021,1
patient34022,2
patient34023,1
patient34024,1
patient34025,5
patient34026,10
patient34027,2
patient34028,5
patient34029,2
patient34030,2
patient34031,1
patient34032,2
patient34033,2
patient34034,1
patient34035,1
patient34036,1
patient34037,14
patient34038,1
patient34039,4
patient34040,1
patient34041,2
patient34042,2
patient34043,14
patient34044,1
patient34045,19
patient34046,6
patient34047,2
patient34048,8
patient34049,2
patient34050,3
patient34051,2
patient34052,1
patient34053,1
patient34054,2
patient34055,3
patient34056,3
patient34057,5
patient34058,1
patient34059,2
patient34060,2
patient34061,6
patient34062,1
patient34063,2
patient34064,9
patient34065,1
patient34066,10
patient34067,7
patient34068,3
patient34069,7
patient34070,66
patient34071,1
patient34072,2
patient34073,1
patient34074,11
patient34075,3
patient34076,2
patient34077,9
patient34078,3
patient34079,3
patient34080,2
patient34081,1
patient34082,1
patient34083,1
patient34084,1
patient34085,12
patient34086,2
patient34087,1
patient34088,2
patient34089,1
patient34090,12
patient34091,5
patient34092,18
patient34093,5
patient34094,1
patient34095,3
patient34096,3
patient34097,2
patient34098,3
patient34099,5
patient34100,15
patient34101,6
patient34102,8
patient34103,6
patient34104,1
patient34105,1
patient34106,3
patient34107,2
patient34108,3
patient34109,4
patient34110,8
patient34111,3
patient34112,3
patient34113,2
patient34114,1
patient34115,2
patient34116,2
patient34117,2
patient34118,2
patient34119,1
patient34120,4
patient34121,2
patient34122,6
patient34123,1
patient34124,4
patient34125,1
patient34126,3
patient34127,1
patient34128,2
patient34129,2
patient34130,5
patient34131,2
patient34132,2
patient34133,8
patient34134,2
patient34135,2
patient34136,6
patient34137,3
patient34138,1
patient34139,3
patient34140,4
patient34141,18
patient34142,1
patient34143,2
patient34144,3
patient34145,10
patient34146,3
patient34147,1
patient34148,4
patient34149,1
patient34150,2
patient34151,3
patient34152,1
patient34153,2
patient34154,7
patient34155,1
patient34156,2
patient34157,5
patient34158,1
patient34159,3
patient34160,2
patient34161,1
patient34162,2
patient34163,6
patient34164,5
patient34165,2
patient34166,8
patient34167,1
patient34168,4
patient34169,1
patient34170,8
patient34171,5
patient34172,1
patient34173,3
patient34174,6
patient34175,3
patient34176,6
patient34177,4
patient34178,7
patient34179,1
patient34180,4
patient34181,5
patient34182,6
patient34183,3
patient34184,11
patient34185,5
patient34186,1
patient34187,3
patient34188,8
patient34189,2
patient34190,2
patient34191,2
patient34192,1
patient34193,18
patient34194,4
patient34195,5
patient34196,1
patient34197,7
patient34198,6
patient34199,10
patient34200,4
patient34201,3
patient34202,6
patient34203,16
patient34204,2
patient34205,4
patient34206,2
patient34207,5
patient34208,13
patient34209,1
patient34210,9
patient34211,3
patient34212,2
patient34213,24
patient34214,1
patient34215,7
patient34216,1
patient34217,2
patient34218,1
patient34219,3
patient34220,1
patient34221,2
patient34222,2
patient34223,5
patient34224,2
patient34225,4
patient34226,5
patient34227,2
patient34228,2
patient34229,3
patient34230,2
patient34231,1
patient34232,2
patient34233,4
patient34234,2
patient34235,1
patient34236,1
patient34237,3
patient34238,1
patient34239,6
patient34240,14
patient34241,1
patient34242,2
patient34243,1
patient34244,4
patient34245,3
patient34246,2
patient34247,13
patient34248,5
patient34249,7
patient34250,5
patient34251,1
patient34252,3
patient34253,2
patient34254,3
patient34255,3
patient34256,2
patient34257,6
patient34258,7
patient34259,5
patient34260,6
patient34261,4
patient34262,5
patient34263,3
patient34264,3
patient34265,1
patient34266,1
patient34267,1
patient34268,1
patient34269,3
patient34270,2
patient34271,2
patient34272,2
patient34273,1
patient34274,4
patient34275,1
patient34276,2
patient34277,17
patient34278,1
patient34279,2
patient34280,2
patient34281,2
patient34282,2
patient34283,1
patient34284,2
patient34285,13
patient34286,2
patient34287,30
patient34288,6
patient34289,2
patient34290,1
patient34291,2
patient34292,5
patient34293,10
patient34294,2
patient34295,23
patient34296,3
patient34297,8
patient34298,7
patient34299,2
patient34300,2
patient34301,10
patient34302,3
patient34303,2
patient34304,1
patient34305,4
patient34306,1
patient34307,11
patient34308,1
patient34309,1
patient34310,1
patient34311,2
patient34312,3
patient34313,2
patient34314,11
patient34315,1
patient34316,1
patient34317,1
patient34318,2
patient34319,2
patient34320,4
patient34321,3
patient34322,24
patient34323,2
patient34324,7
patient34325,1
patient34326,1
patient34327,3
patient34328,2
patient34329,2
patient34330,3
patient34331,3
patient34332,4
patient34333,2
patient34334,1
patient34335,1
patient34336,45
patient34337,2
patient34338,2
patient34339,1
patient34340,5
patient34341,7
patient34342,4
patient34343,9
patient34344,2
patient34345,34
patient34346,4
patient34347,1
patient34348,5
patient34349,1
patient34350,1
patient34351,1
patient34352,3
patient34353,17
patient34354,1
patient34355,4
patient34356,3
patient34357,5
patient34358,2
patient34359,1
patient34360,2
patient34361,2
patient34362,1
patient34363,1
patient34364,1
patient34365,2
patient34366,2
patient34367,4
patient34368,3
patient34369,1
patient34370,2
patient34371,1
patient34372,2
patient34373,7
patient34374,5
patient34375,1
patient34376,2
patient34377,1
patient34378,13
patient34379,6
patient34380,15
patient34381,9
patient34382,1
patient34383,2
patient34384,2
patient34385,1
patient34386,3
patient34387,2
patient34388,1
patient34389,1
patient34390,2
patient34391,1
patient34392,2
patient34393,1
patient34394,1
patient34395,3
patient34396,30
patient34397,1
patient34398,2
patient34399,7
patient34400,9
patient34401,4
patient34402,1
patient34403,2
patient34404,11
patient34405,2
patient34406,3
patient34407,1
patient34408,2
patient34409,1
patient34410,2
patient34411,1
patient34412,2
patient34413,19
patient34414,2
patient34415,2
patient34416,3
patient34417,2
patient34418,6
patient34419,4
patient34420,11
patient34421,2
patient34422,12
patient34423,2
patient34424,3
patient34425,11
patient34426,8
patient34427,2
patient34428,5
patient34429,1
patient34430,7
patient34431,2
patient34432,1
patient34433,4
patient34434,15
patient34435,1
patient34436,1
patient34437,5
patient34438,1
patient34439,3
patient34440,6
patient34441,8
patient34442,6
patient34443,4
patient34444,2
patient34445,4
patient34446,3
patient34447,1
patient34448,3
patient34449,5
patient34450,2
patient34451,3
patient34452,2
patient34453,2
patient34454,13
patient34455,2
patient34456,2
patient34457,2
patient34458,2
patient34459,1
patient34460,2
patient34461,2
patient34462,6
patient34463,4
patient34464,6
patient34465,2
patient34466,2
patient34467,3
patient34468,2
patient34469,3
patient34470,1
patient34471,5
patient34472,2
patient34473,1
patient34474,4
patient34475,18
patient34476,6
patient34477,6
patient34478,11
patient34479,4
patient34480,2
patient34481,7
patient34482,13
patient34483,7
patient34484,2
patient34485,2
patient34486,9
patient34487,15
patient34488,1
patient34489,2
patient34490,9
patient34491,10
patient34492,4
patient34493,2
patient34494,1
patient34495,1
patient34496,2
patient34497,2
patient34498,1
patient34499,1
patient34500,2
patient34501,6
patient34502,8
patient34503,7
patient34504,5
patient34505,3
patient34506,1
patient34507,1
patient34508,3
patient34509,1
patient34510,4
patient34511,2
patient34512,21
patient34513,2
patient34514,1
patient34515,1
patient34516,1
patient34517,7
patient34518,4
patient34519,2
patient34520,2
patient34521,9
patient34522,1
patient34523,13
patient34524,3
patient34525,1
patient34526,14
patient34527,9
patient34528,3
patient34529,12
patient34530,2
patient34531,2
patient34532,5
patient34533,1
patient34534,2
patient34535,11
patient34536,2
patient34537,5
patient34538,1
patient34539,4
patient34540,11
patient34541,1
patient34542,6
patient34543,3
patient34544,3
patient34545,3
patient34546,8
patient34547,5
patient34548,10
patient34549,4
patient34550,2
patient34551,3
patient34552,10
patient34553,2
patient34554,1
patient34555,1
patient34556,10
patient34557,1
patient34558,2
patient34559,14
patient34560,1
patient34561,1
patient34562,7
patient34563,6
patient34564,2
patient34565,1
patient34566,2
patient34567,1
patient34568,2
patient34569,2
patient34570,1
patient34571,4
patient34572,1
patient34573,6
patient34574,6
patient34575,1
patient34576,2
patient34577,2
patient34578,1
patient34579,2
patient34580,1
patient34581,1
patient34582,2
patient34583,4
patient34584,8
patient34585,1
patient34586,4
patient34587,7
patient34588,1
patient34589,4
patient34590,2
patient34591,3
patient34592,2
patient34593,2
patient34594,2
patient34595,2
patient34596,2
patient34597,2
patient34598,1
patient34599,10
patient34600,1
patient34601,2
patient34602,8
patient34603,8
patient34604,3
patient34605,18
patient34606,2
patient34607,2
patient34608,3
patient34609,9
patient34610,2
patient34611,2
patient34612,2
patient34613,5
patient34614,1
patient34615,85
patient34616,16
patient34617,18
patient34618,11
patient34619,1
patient34620,1
patient34621,3
patient34622,3
patient34623,34
patient34624,8
patient34625,2
patient34626,4
patient34627,1
patient34628,11
patient34629,2
patient34630,3
patient34631,5
patient34632,1
patient34633,6
patient34634,11
patient34635,2
patient34636,4
patient34637,3
patient34638,2
patient34639,3
patient34640,2
patient34641,25
patient34642,1
patient34643,25
patient34644,5
patient34645,20
patient34646,16
patient34647,1
patient34648,14
patient34649,5
patient34650,5
patient34651,8
patient34652,1
patient34653,2
patient34654,5
patient34655,8
patient34656,28
patient34657,5
patient34658,1
patient34659,2
patient34660,3
patient34661,1
patient34662,20
patient34663,14
patient34664,2
patient34665,1
patient34666,1
patient34667,2
patient34668,3
patient34669,11
patient34670,2
patient34671,5
patient34672,5
patient34673,4
patient34674,1
patient34675,1
patient34676,5
patient34677,11
patient34678,16
patient34679,9
patient34680,5
patient34681,1
patient34682,8
patient34683,6
patient34684,2
patient34685,2
patient34686,7
patient34687,3
patient34688,2
patient34689,2
patient34690,3
patient34691,6
patient34692,1
patient34693,5
patient34694,4
patient34695,4
patient34696,2
patient34697,6
patient34698,1
patient34699,5
patient34700,2
patient34701,1
patient34702,3
patient34703,11
patient34704,4
patient34705,2
patient34706,37
patient34707,1
patient34708,2
patient34709,1
patient34710,6
patient34711,2
patient34712,23
patient34713,8
patient34714,4
patient34715,1
patient34716,17
patient34717,8
patient34718,4
patient34719,3
patient34720,10
patient34721,2
patient34722,23
patient34723,4
patient34724,9
patient34725,4
patient34726,8
patient34727,13
patient34728,3
patient34729,2
patient34730,1
patient34731,4
patient34732,6
patient34733,11
patient34734,1
patient34735,10
patient34736,4
patient34737,1
patient34738,2
patient34739,4
patient34740,3
patient34741,11
patient34742,8
patient34743,5
patient34744,2
patient34745,15
patient34746,1
patient34747,1
patient34748,1
patient34749,62
patient34750,4
patient34751,1
patient34752,2
patient34753,1
patient34754,3
patient34755,4
patient34756,8
patient34757,1
patient34758,5
patient34759,1
patient34760,1
patient34761,15
patient34762,2
patient34763,12
patient34764,2
patient34765,2
patient34766,4
patient34767,18
patient34768,1
patient34769,5
patient34770,7
patient34771,22
patient34772,4
patient34773,7
patient34774,17
patient34775,6
patient34776,3
patient34777,1
patient34778,2
patient34779,3
patient34780,2
patient34781,2
patient34782,3
patient34783,1
patient34784,3
patient34785,4
patient34786,25
patient34787,7
patient34788,3
patient34789,1
patient34790,21
patient34791,16
patient34792,2
patient34793,3
patient34794,7
patient34795,12
patient34796,12
patient34797,7
patient34798,2
patient34799,3
patient34800,20
patient34801,13
patient34802,1
patient34803,2
patient34804,5
patient34805,1
patient34806,5
patient34807,3
patient34808,2
patient34809,27
patient34810,1
patient34811,9
patient34812,1
patient34813,25
patient34814,4
patient34815,12
patient34816,10
patient34817,5
patient34818,2
patient34819,6
patient34820,1
patient34821,2
patient34822,3
patient34823,1
patient34824,6
patient34825,1
patient34826,2
patient34827,7
patient34828,9
patient34829,1
patient34830,4
patient34831,2
patient34832,2
patient34833,10
patient34834,1
patient34835,2
patient34836,1
patient34837,1
patient34838,1
patient34839,2
patient34840,3
patient34841,1
patient34842,2
patient34843,10
patient34844,2
patient34845,4
patient34846,5
patient34847,3
patient34848,1
patient34849,1
patient34850,33
patient34851,2
patient34852,9
patient34853,1
patient34854,3
patient34855,3
patient34856,3
patient34857,3
patient34858,7
patient34859,1
patient34860,2
patient34861,16
patient34862,8
patient34863,7
patient34864,11
patient34865,8
patient34866,7
patient34867,6
patient34868,14
patient34869,1
patient34870,6
patient34871,4
patient34872,3
patient34873,8
patient34874,1
patient34875,1
patient34876,4
patient34877,3
patient34878,2
patient34879,2
patient34880,2
patient34881,1
patient34882,4
patient34883,2
patient34884,2
patient34885,1
patient34886,2
patient34887,3
patient34888,14
patient34889,4
patient34890,1
patient34891,2
patient34892,1
patient34893,5
patient34894,12
patient34895,1
patient34896,2
patient34897,27
patient34898,16
patient34899,2
patient34900,3
patient34901,7
patient34902,6
patient34903,53
patient34904,12
patient34905,1
patient34906,4
patient34907,9
patient34908,17
patient34909,1
patient34910,2
patient34911,27
patient34912,21
patient34913,6
patient34914,23
patient34915,5
patient34916,2
patient34917,1
patient34918,3
patient34919,12
patient34920,4
patient34921,5
patient34922,5
patient34923,1
patient34924,1
patient34925,11
patient34926,3
patient34927,2
patient34928,14
patient34929,5
patient34930,5
patient34931,5
patient34932,10
patient34933,2
patient34934,18
patient34935,6
patient34936,4
patient34937,2
patient34938,22
patient34939,4
patient34940,4
patient34941,21
patient34942,1
patient34943,3
patient34944,6
patient34945,9
patient34946,1
patient34947,16
patient34948,9
patient34949,5
patient34950,5
patient34951,20
patient34952,1
patient34953,14
patient34954,3
patient34955,9
patient34956,12
patient34957,6
patient34958,6
patient34959,7
patient34960,5
patient34961,8
patient34962,4
patient34963,10
patient34964,6
patient34965,31
patient34966,1
patient34967,20
patient34968,7
patient34969,1
patient34970,2
patient34971,4
patient34972,14
patient34973,5
patient34974,5
patient34975,11
patient34976,1
patient34977,10
patient34978,1
patient34979,3
patient34980,4
patient34981,7
patient34982,8
patient34983,8
patient34984,8
patient34985,5
patient34986,21
patient34987,2
patient34988,1
patient34989,1
patient34990,1
patient34991,50
patient34992,16
patient34993,17
patient34994,5
patient34995,1
patient34996,7
patient34997,3
patient34998,8
patient34999,6
patient35000,8
patient35001,1
patient35002,1
patient35003,1
patient35004,13
patient35005,2
patient35006,23
patient35007,30
patient35008,3
patient35009,17
patient35010,1
patient35011,4
patient35012,2
patient35013,7
patient35014,4
patient35015,2
patient35016,9
patient35017,2
patient35018,5
patient35019,1
patient35020,8
patient35021,11
patient35022,1
patient35023,2
patient35024,8
patient35025,9
patient35026,4
patient35027,2
patient35028,1
patient35029,1
patient35030,3
patient35031,12
patient35032,3
patient35033,12
patient35034,8
patient35035,1
patient35036,2
patient35037,2
patient35038,3
patient35039,3
patient35040,26
patient35041,4
patient35042,6
patient35043,11
patient35044,5
patient35045,3
patient35046,10
patient35047,3
patient35048,5
patient35049,4
patient35050,2
patient35051,8
patient35052,1
patient35053,2
patient35054,21
patient35055,17
patient35056,4
patient35057,4
patient35058,14
patient35059,5
patient35060,2
patient35061,10
patient35062,2
patient35063,1
patient35064,4
patient35065,21
patient35066,7
patient35067,1
patient35068,6
patient35069,9
patient35070,2
patient35071,2
patient35072,1
patient35073,1
patient35074,7
patient35075,3
patient35076,1
patient35077,2
patient35078,12
patient35079,2
patient35080,1
patient35081,1
patient35082,13
patient35083,2
patient35084,2
patient35085,14
patient35086,8
patient35087,1
patient35088,6
patient35089,10
patient35090,2
patient35091,2
patient35092,3
patient35093,10
patient35094,2
patient35095,3
patient35096,3
patient35097,4
patient35098,3
patient35099,49
patient35100,12
patient35101,8
patient35102,10
patient35103,20
patient35104,14
patient35105,30
patient35106,5
patient35107,4
patient35108,7
patient35109,2
patient35110,1
patient35111,4
patient35112,1
patient35113,3
patient35114,6
patient35115,28
patient35116,1
patient35117,7
patient35118,2
patient35119,3
patient35120,10
patient35121,1
patient35122,5
patient35123,2
patient35124,3
patient35125,2
patient35126,3
patient35127,9
patient35128,19
patient35129,2
patient35130,10
patient35131,6
patient35132,4
patient35133,7
patient35134,3
patient35135,9
patient35136,1
patient35137,3
patient35138,5
patient35139,17
patient35140,1
patient35141,1
patient35142,3
patient35143,1
patient35144,8
patient35145,4
patient35146,13
patient35147,2
patient35148,1
patient35149,1
patient35150,1
patient35151,3
patient35152,26
patient35153,1
patient35154,2
patient35155,3
patient35156,2
patient35157,12
patient35158,6
patient35159,18
patient35160,3
patient35161,8
patient35162,4
patient35163,14
patient35164,8
patient35165,6
patient35166,27
patient35167,34
patient35168,3
patient35169,2
patient35170,3
patient35171,1
patient35172,5
patient35173,2
patient35174,2
patient35175,2
patient35176,4
patient35177,5
patient35178,5
patient35179,1
patient35180,1
patient35181,8
patient35182,4
patient35183,1
patient35184,6
patient35185,1
patient35186,4
patient35187,1
patient35188,8
patient35189,13
patient35190,2
patient35191,8
patient35192,1
patient35193,8
patient35194,5
patient35195,1
patient35196,1
patient35197,4
patient35198,15
patient35199,1
patient35200,7
patient35201,2
patient35202,1
patient35203,40
patient35204,7
patient35205,5
patient35206,4
patient35207,5
patient35208,1
patient35209,15
patient35210,7
patient35211,4
patient35212,2
patient35213,6
patient35214,8
patient35215,5
patient35216,11
patient35217,2
patient35218,5
patient35219,1
patient35220,1
patient35221,2
patient35222,12
patient35223,5
patient35224,7
patient35225,4
patient35226,2
patient35227,2
patient35228,10
patient35229,5
patient35230,3
patient35231,1
patient35232,2
patient35233,22
patient35234,7
patient35235,2
patient35236,1
patient35237,10
patient35238,2
patient35239,4
patient35240,18
patient35241,10
patient35242,1
patient35243,4
patient35244,5
patient35245,1
patient35246,2
patient35247,1
patient35248,3
patient35249,5
patient35250,7
patient35251,3
patient35252,1
patient35253,1
patient35254,3
patient35255,7
patient35256,1
patient35257,7
patient35258,4
patient35259,1
patient35260,25
patient35261,5
patient35262,12
patient35263,4
patient35264,5
patient35265,1
patient35266,14
patient35267,6
patient35268,10
patient35269,5
patient35270,1
patient35271,1
patient35272,13
patient35273,1
patient35274,13
patient35275,1
patient35276,16
patient35277,2
patient35278,9
patient35279,6
patient35280,1
patient35281,1
patient35282,3
patient35283,1
patient35284,3
patient35285,1
patient35286,3
patient35287,2
patient35288,25
patient35289,2
patient35290,7
patient35291,3
patient35292,5
patient35293,7
patient35294,2
patient35295,1
patient35296,2
patient35297,24
patient35298,9
patient35299,4
patient35300,15
patient35301,18
patient35302,5
patient35303,1
patient35304,2
patient35305,1
patient35306,1
patient35307,6
patient35308,4
patient35309,5
patient35310,2
patient35311,4
patient35312,7
patient35313,2
patient35314,7
patient35315,3
patient35316,1
patient35317,4
patient35318,1
patient35319,2
patient35320,3
patient35321,3
patient35322,4
patient35323,3
patient35324,1
patient35325,1
patient35326,8
patient35327,7
patient35328,5
patient35329,5
patient35330,4
patient35331,6
patient35332,3
patient35333,4
patient35334,3
patient35335,4
patient35336,7
patient35337,19
patient35338,3
patient35339,3
patient35340,7
patient35341,4
patient35342,5
patient35343,13
patient35344,11
patient35345,2
patient35346,1
patient35347,2
patient35348,12
patient35349,1
patient35350,4
patient35351,31
patient35352,3
patient35353,31
patient35354,5
patient35355,5
patient35356,3
patient35357,4
patient35358,2
patient35359,19
patient35360,6
patient35361,5
patient35362,3
patient35363,4
patient35364,1
patient35365,1
patient35366,1
patient35367,1
patient35368,7
patient35369,5
patient35370,1
patient35371,16
patient35372,3
patient35373,3
patient35374,3
patient35375,20
patient35376,3
patient35377,8
patient35378,7
patient35379,2
patient35380,11
patient35381,3
patient35382,5
patient35383,6
patient35384,4
patient35385,1
patient35386,3
patient35387,1
patient35388,1
patient35389,1
patient35390,4
patient35391,3
patient35392,1
patient35393,1
patient35394,3
patient35395,12
patient35396,5
patient35397,3
patient35398,5
patient35399,5
patient35400,3
patient35401,2
patient35402,17
patient35403,3
patient35404,3
patient35405,3
patient35406,8
patient35407,8
patient35408,1
patient35409,5
patient35410,11
patient35411,45
patient35412,20
patient35413,8
patient35414,2
patient35415,5
patient35416,3
patient35417,2
patient35418,2
patient35419,1
patient35420,9
patient35421,1
patient35422,1
patient35423,1
patient35424,2
patient35425,9
patient35426,10
patient35427,3
patient35428,2
patient35429,1
patient35430,1
patient35431,14
patient35432,10
patient35433,23
patient35434,1
patient35435,12
patient35436,2
patient35437,3
patient35438,3
patient35439,26
patient35440,4
patient35441,7
patient35442,16
patient35443,1
patient35444,1
patient35445,1
patient35446,3
patient35447,1
patient35448,2
patient35449,2
patient35450,4
patient35451,6
patient35452,6
patient35453,1
patient35454,2
patient35455,12
patient35456,4
patient35457,2
patient35458,11
patient35459,36
patient35460,4
patient35461,4
patient35462,10
patient35463,3
patient35464,5
patient35465,7
patient35466,6
patient35467,1
patient35468,4
patient35469,13
patient35470,3
patient35471,3
patient35472,4
patient35473,1
patient35474,3
patient35475,11
patient35476,9
patient35477,2
patient35478,3
patient35479,3
patient35480,57
patient35481,13
patient35482,5
patient35483,6
patient35484,18
patient35485,4
patient35486,4
patient35487,8
patient35488,31
patient35489,4
patient35490,1
patient35491,4
patient35492,10
patient35493,3
patient35494,11
patient35495,12
patient35496,1
patient35497,5
patient35498,26
patient35499,17
patient35500,1
patient35501,10
patient35502,3
patient35503,5
patient35504,1
patient35505,2
patient35506,3
patient35507,13
patient35508,1
patient35509,9
patient35510,1
patient35511,1
patient35512,31
patient35513,1
patient35514,17
patient35515,6
patient35516,10
patient35517,1
patient35518,7
patient35519,3
patient35520,7
patient35521,3
patient35522,5
patient35523,1
patient35524,18
patient35525,9
patient35526,7
patient35527,1
patient35528,2
patient35529,8
patient35530,6
patient35531,1
patient35532,2
patient35533,3
patient35534,9
patient35535,14
patient35536,1
patient35537,3
patient35538,2
patient35539,1
patient35540,2
patient35541,2
patient35542,3
patient35543,3
patient35544,4
patient35545,2
patient35546,5
patient35547,5
patient35548,8
patient35549,5
patient35550,1
patient35551,2
patient35552,2
patient35553,1
patient35554,11
patient35555,26
patient35556,5
patient35557,1
patient35558,1
patient35559,1
patient35560,3
patient35561,13
patient35562,2
patient35563,4
patient35564,1
patient35565,1
patient35566,2
patient35567,6
patient35568,9
patient35569,4
patient35570,8
patient35571,6
patient35572,1
patient35573,1
patient35574,2
patient35575,1
patient35576,1
patient35577,1
patient35578,5
patient35579,3
patient35580,1
patient35581,1
patient35582,37
patient35583,3
patient35584,3
patient35585,19
patient35586,9
patient35587,9
patient35588,9
patient35589,24
patient35590,1
patient35591,1
patient35592,2
patient35593,1
patient35594,1
patient35595,3
patient35596,3
patient35597,8
patient35598,5
patient35599,8
patient35600,1
patient35601,10
patient35602,9
patient35603,1
patient35604,3
patient35605,8
patient35606,1
patient35607,9
patient35608,3
patient35609,6
patient35610,10
patient35611,14
patient35612,5
patient35613,1
patient35614,3
patient35615,24
patient35616,1
patient35617,6
patient35618,1
patient35619,2
patient35620,21
patient35621,17
patient35622,1
patient35623,2
patient35624,15
patient35625,2
patient35626,2
patient35627,5
patient35628,16
patient35629,1
patient35630,3
patient35631,30
patient35632,2
patient35633,1
patient35634,2
patient35635,1
patient35636,11
patient35637,11
patient35638,14
patient35639,15
patient35640,2
patient35641,4
patient35642,1
patient35643,1
patient35644,12
patient35645,4
patient35646,4
patient35647,2
patient35648,1
patient35649,3
patient35650,1
patient35651,6
patient35652,1
patient35653,3
patient35654,2
patient35655,3
patient35656,3
patient35657,30
patient35658,1
patient35659,1
patient35660,2
patient35661,5
patient35662,11
patient35663,8
patient35664,3
patient35665,1
patient35666,13
patient35667,2
patient35668,1
patient35669,3
patient35670,13
patient35671,1
patient35672,6
patient35673,9
patient35674,3
patient35675,2
patient35676,1
patient35677,1
patient35678,3
patient35679,1
patient35680,1
patient35681,5
patient35682,16
patient35683,1
patient35684,20
patient35685,1
patient35686,5
patient35687,15
patient35688,7
patient35689,3
patient35690,1
patient35691,1
patient35692,5
patient35693,4
patient35694,17
patient35695,6
patient35696,1
patient35697,2
patient35698,1
patient35699,10
patient35700,1
patient35701,2
patient35702,2
patient35703,17
patient35704,6
patient35705,6
patient35706,1
patient35707,12
patient35708,3
patient35709,26
patient35710,5
patient35711,10
patient35712,1
patient35713,14
patient35714,10
patient35715,8
patient35716,1
patient35717,1
patient35718,1
patient35719,23
patient35720,3
patient35721,20
patient35722,1
patient35723,7
patient35724,4
patient35725,11
patient35726,1
patient35727,9
patient35728,3
patient35729,9
patient35730,12
patient35731,4
patient35732,4
patient35733,1
patient35734,1
patient35735,3
patient35736,5
patient35737,10
patient35738,1
patient35739,2
patient35740,1
patient35741,9
patient35742,5
patient35743,4
patient35744,12
patient35745,3
patient35746,9
patient35747,1
patient35748,12
patient35749,2
patient35750,18
patient35751,6
patient35752,2
patient35753,28
patient35754,10
patient35755,5
patient35756,4
patient35757,1
patient35758,1
patient35759,9
patient35760,5
patient35761,1
patient35762,7
patient35763,1
patient35764,47
patient35765,1
patient35766,5
patient35767,4
patient35768,4
patient35769,1
patient35770,8
patient35771,3
patient35772,3
patient35773,7
patient35774,1
patient35775,1
patient35776,19
patient35777,3
patient35778,2
patient35779,2
patient35780,1
patient35781,3
patient35782,4
patient35783,5
patient35784,1
patient35785,7
patient35786,10
patient35787,9
patient35788,6
patient35789,1
patient35790,1
patient35791,10
patient35792,3
patient35793,3
patient35794,2
patient35795,5
patient35796,3
patient35797,5
patient35798,7
patient35799,1
patient35800,6
patient35801,14
patient35802,3
patient35803,7
patient35804,9
patient35805,13
patient35806,4
patient35807,21
patient35808,4
patient35809,1
patient35810,13
patient35811,5
patient35812,1
patient35813,4
patient35814,4
patient35815,6
patient35816,1
patient35817,4
patient35818,4
patient35819,1
patient35820,2
patient35821,1
patient35822,2
patient35823,1
patient35824,24
patient35825,9
patient35826,5
patient35827,5
patient35828,3
patient35829,5
patient35830,1
patient35831,4
patient35832,17
patient35833,6
patient35834,6
patient35835,1
patient35836,2
patient35837,1
patient35838,2
patient35839,5
patient35840,1
patient35841,3
patient35842,8
patient35843,1
patient35844,2
patient35845,2
patient35846,5
patient35847,4
patient35848,3
patient35849,1
patient35850,1
patient35851,1
patient35852,21
patient35853,1
patient35854,12
patient35855,1
patient35856,5
patient35857,2
patient35858,11
patient35859,1
patient35860,2
patient35861,1
patient35862,2
patient35863,2
patient35864,6
patient35865,3
patient35866,9
patient35867,3
patient35868,3
patient35869,20
patient35870,6
patient35871,3
patient35872,3
patient35873,2
patient35874,28
patient35875,1
patient35876,4
patient35877,10
patient35878,2
patient35879,2
patient35880,5
patient35881,1
patient35882,8
patient35883,2
patient35884,5
patient35885,15
patient35886,4
patient35887,5
patient35888,3
patient35889,12
patient35890,1
patient35891,4
patient35892,26
patient35893,11
patient35894,5
patient35895,1
patient35896,4
patient35897,10
patient35898,3
patient35899,3
patient35900,3
patient35901,5
patient35902,1
patient35903,5
patient35904,3
patient35905,20
patient35906,8
patient35907,1
patient35908,12
patient35909,4
patient35910,1
patient35911,2
patient35912,1
patient35913,2
patient35914,6
patient35915,13
patient35916,6
patient35917,8
patient35918,5
patient35919,6
patient35920,2
patient35921,1
patient35922,1
patient35923,8
patient35924,2
patient35925,3
patient35926,2
patient35927,65
patient35928,3
patient35929,2
patient35930,4
patient35931,2
patient35932,1
patient35933,1
patient35934,10
patient35935,5
patient35936,5
patient35937,1
patient35938,1
patient35939,2
patient35940,2
patient35941,5
patient35942,1
patient35943,3
patient35944,1
patient35945,3
patient35946,4
patient35947,1
patient35948,1
patient35949,4
patient35950,6
patient35951,4
patient35952,7
patient35953,15
patient35954,6
patient35955,2
patient35956,17
patient35957,28
patient35958,1
patient35959,5
patient35960,2
patient35961,4
patient35962,9
patient35963,2
patient35964,5
patient35965,5
patient35966,3
patient35967,4
patient35968,1
patient35969,3
patient35970,1
patient35971,3
patient35972,6
patient35973,1
patient35974,15
patient35975,4
patient35976,1
patient35977,12
patient35978,2
patient35979,5
patient35980,5
patient35981,1
patient35982,3
patient35983,1
patient35984,1
patient35985,6
patient35986,3
patient35987,3
patient35988,8
patient35989,14
patient35990,1
patient35991,1
patient35992,3
patient35993,4
patient35994,7
patient35995,1
patient35996,1
patient35997,9
patient35998,3
patient35999,20
patient36000,1
patient36001,11
patient36002,5
patient36003,2
patient36004,1
patient36005,3
patient36006,22
patient36007,1
patient36008,2
patient36009,11
patient36010,3
patient36011,2
patient36012,2
patient36013,16
patient36014,12
patient36015,3
patient36016,1
patient36017,2
patient36018,13
patient36019,8
patient36020,4
patient36021,4
patient36022,11
patient36023,2
patient36024,3
patient36025,3
patient36026,1
patient36027,1
patient36028,27
patient36029,5
patient36030,6
patient36031,1
patient36032,1
patient36033,6
patient36034,7
patient36035,1
patient36036,6
patient36037,2
patient36038,8
patient36039,3
patient36040,4
patient36041,1
patient36042,1
patient36043,1
patient36044,12
patient36045,4
patient36046,8
patient36047,10
patient36048,8
patient36049,10
patient36050,4
patient36051,1
patient36052,6
patient36053,5
patient36054,2
patient36055,20
patient36056,5
patient36057,27
patient36058,4
patient36059,4
patient36060,2
patient36061,3
patient36062,3
patient36063,7
patient36064,10
patient36065,8
patient36066,21
patient36067,1
patient36068,2
patient36069,2
patient36070,2
patient36071,3
patient36072,3
patient36073,8
patient36074,7
patient36075,3
patient36076,6
patient36077,3
patient36078,5
patient36079,21
patient36080,1
patient36081,3
patient36082,14
patient36083,8
patient36084,2
patient36085,2
patient36086,3
patient36087,6
patient36088,5
patient36089,5
patient36090,2
patient36091,7
patient36092,1
patient36093,23
patient36094,5
patient36095,1
patient36096,1
patient36097,2
patient36098,2
patient36099,12
patient36100,4
patient36101,4
patient36102,8
patient36103,3
patient36104,8
patient36105,6
patient36106,4
patient36107,3
patient36108,1
patient36109,1
patient36110,1
patient36111,2
patient36112,4
patient36113,6
patient36114,1
patient36115,1
patient36116,1
patient36117,4
patient36118,6
patient36119,2
patient36120,3
patient36121,7
patient36122,52
patient36123,2
patient36124,1
patient36125,29
patient36126,2
patient36127,4
patient36128,19
patient36129,4
patient36130,5
patient36131,1
patient36132,4
patient36133,1
patient36134,2
patient36135,15
patient36136,5
patient36137,1
patient36138,2
patient36139,6
patient36140,3
patient36141,1
patient36142,5
patient36143,3
patient36144,4
patient36145,1
patient36146,3
patient36147,1
patient36148,5
patient36149,1
patient36150,2
patient36151,10
patient36152,2
patient36153,1
patient36154,7
patient36155,1
patient36156,5
patient36157,2
patient36158,1
patient36159,4
patient36160,6
patient36161,2
patient36162,3
patient36163,2
patient36164,12
patient36165,1
patient36166,9
patient36167,2
patient36168,1
patient36169,5
patient36170,5
patient36171,1
patient36172,1
patient36173,2
patient36174,1
patient36175,13
patient36176,1
patient36177,1
patient36178,3
patient36179,2
patient36180,17
patient36181,1
patient36182,2
patient36183,12
patient36184,8
patient36185,8
patient36186,16
patient36187,18
patient36188,2
patient36189,7
patient36190,4
patient36191,1
patient36192,4
patient36193,1
patient36194,4
patient36195,25
patient36196,1
patient36197,9
patient36198,5
patient36199,4
patient36200,4
patient36201,3
patient36202,6
patient36203,2
patient36204,2
patient36205,8
patient36206,1
patient36207,7
patient36208,2
patient36209,1
patient36210,8
patient36211,2
patient36212,2
patient36213,3
patient36214,6
patient36215,7
patient36216,9
patient36217,12
patient36218,14
patient36219,4
patient36220,1
patient36221,1
patient36222,3
patient36223,1
patient36224,7
patient36225,7
patient36226,6
patient36227,1
patient36228,2
patient36229,12
patient36230,3
patient36231,5
patient36232,2
patient36233,5
patient36234,1
patient36235,1
patient36236,4
patient36237,6
patient36238,1
patient36239,1
patient36240,2
patient36241,16
patient36242,3
patient36243,1
patient36244,5
patient36245,2
patient36246,2
patient36247,1
patient36248,7
patient36249,1
patient36250,3
patient36251,1
patient36252,1
patient36253,1
patient36254,9
patient36255,2
patient36256,1
patient36257,6
patient36258,3
patient36259,1
patient36260,20
patient36261,4
patient36262,3
patient36263,3
patient36264,9
patient36265,4
patient36266,9
patient36267,9
patient36268,4
patient36269,2
patient36270,20
patient36271,1
patient36272,23
patient36273,1
patient36274,4
patient36275,5
patient36276,13
patient36277,2
patient36278,5
patient36279,1
patient36280,5
patient36281,3
patient36282,1
patient36283,4
patient36284,1
patient36285,3
patient36286,14
patient36287,2
patient36288,7
patient36289,9
patient36290,6
patient36291,1
patient36292,5
patient36293,3
patient36294,1
patient36295,1
patient36296,2
patient36297,6
patient36298,15
patient36299,3
patient36300,2
patient36301,1
patient36302,13
patient36303,5
patient36304,7
patient36305,5
patient36306,29
patient36307,8
patient36308,3
patient36309,15
patient36310,1
patient36311,1
patient36312,1
patient36313,11
patient36314,6
patient36315,2
patient36316,12
patient36317,4
patient36318,4
patient36319,5
patient36320,1
patient36321,5
patient36322,20
patient36323,6
patient36324,4
patient36325,8
patient36326,1
patient36327,1
patient36328,1
patient36329,3
patient36330,4
patient36331,1
patient36332,9
patient36333,1
patient36334,1
patient36335,7
patient36336,2
patient36337,18
patient36338,4
patient36339,8
patient36340,1
patient36341,2
patient36342,10
patient36343,6
patient36344,2
patient36345,3
patient36346,3
patient36347,10
patient36348,3
patient36349,8
patient36350,2
patient36351,1
patient36352,32
patient36353,2
patient36354,4
patient36355,3
patient36356,1
patient36357,13
patient36358,12
patient36359,21
patient36360,4
patient36361,7
patient36362,6
patient36363,5
patient36364,5
patient36365,9
patient36366,2
patient36367,2
patient36368,1
patient36369,1
patient36370,7
patient36371,5
patient36372,14
patient36373,2
patient36374,4
patient36375,2
patient36376,1
patient36377,3
patient36378,3
patient36379,6
patient36380,1
patient36381,4
patient36382,11
patient36383,3
patient36384,5
patient36385,2
patient36386,2
patient36387,7
patient36388,2
patient36389,4
patient36390,3
patient36391,19
patient36392,5
patient36393,1
patient36394,3
patient36395,2
patient36396,4
patient36397,1
patient36398,3
patient36399,23
patient36400,16
patient36401,3
patient36402,23
patient36403,12
patient36404,2
patient36405,3
patient36406,11
patient36407,1
patient36408,9
patient36409,9
patient36410,2
patient36411,11
patient36412,1
patient36413,9
patient36414,1
patient36415,3
patient36416,1
patient36417,9
patient36418,9
patient36419,4
patient36420,6
patient36421,5
patient36422,10
patient36423,2
patient36424,4
patient36425,20
patient36426,2
patient36427,3
patient36428,2
patient36429,1
patient36430,4
patient36431,4
patient36432,6
patient36433,10
patient36434,3
patient36435,2
patient36436,10
patient36437,8
patient36438,1
patient36439,1
patient36440,1
patient36441,11
patient36442,6
patient36443,1
patient36444,2
patient36445,8
patient36446,2
patient36447,1
patient36448,6
patient36449,1
patient36450,6
patient36451,1
patient36452,2
patient36453,1
patient36454,4
patient36455,9
patient36456,3
patient36457,2
patient36458,22
patient36459,5
patient36460,1
patient36461,2
patient36462,9
patient36463,3
patient36464,4
patient36465,17
patient36466,3
patient36467,9
patient36468,2
patient36469,12
patient36470,4
patient36471,8
patient36472,3
patient36473,11
patient36474,24
patient36475,4
patient36476,1
patient36477,3
patient36478,1
patient36479,9
patient36480,1
patient36481,2
patient36482,5
patient36483,10
patient36484,1
patient36485,5
patient36486,1
patient36487,3
patient36488,7
patient36489,3
patient36490,9
patient36491,1
patient36492,10
patient36493,1
patient36494,2
patient36495,10
patient36496,13
patient36497,3
patient36498,4
patient36499,8
patient36500,2
patient36501,2
patient36502,1
patient36503,4
patient36504,7
patient36505,1
patient36506,16
patient36507,11
patient36508,6
patient36509,11
patient36510,15
patient36511,5
patient36512,1
patient36513,5
patient36514,4
patient36515,1
patient36516,3
patient36517,1
patient36518,13
patient36519,1
patient36520,1
patient36521,7
patient36522,12
patient36523,13
patient36524,1
patient36525,13
patient36526,20
patient36527,7
patient36528,14
patient36529,3
patient36530,11
patient36531,6
patient36532,1
patient36533,1
patient36534,3
patient36535,10
patient36536,1
patient36537,3
patient36538,4
patient36539,5
patient36540,1
patient36541,3
patient36542,6
patient36543,5
patient36544,2
patient36545,2
patient36546,3
patient36547,14
patient36548,25
patient36549,2
patient36550,1
patient36551,1
patient36552,4
patient36553,1
patient36554,1
patient36555,3
patient36556,2
patient36557,1
patient36558,6
patient36559,2
patient36560,8
patient36561,4
patient36562,1
patient36563,7
patient36564,25
patient36565,36
patient36566,6
patient36567,2
patient36568,4
patient36569,1
patient36570,6
patient36571,7
patient36572,2
patient36573,14
patient36574,2
patient36575,6
patient36576,3
patient36577,3
patient36578,30
patient36579,13
patient36580,6
patient36581,2
patient36582,6
patient36583,33
patient36584,4
patient36585,1
patient36586,1
patient36587,3
patient36588,6
patient36589,3
patient36590,2
patient36591,12
patient36592,1
patient36593,14
patient36594,6
patient36595,4
patient36596,1
patient36597,3
patient36598,2
patient36599,7
patient36600,16
patient36601,1
patient36602,2
patient36603,14
patient36604,13
patient36605,8
patient36606,9
patient36607,1
patient36608,3
patient36609,30
patient36610,29
patient36611,1
patient36612,1
patient36613,5
patient36614,12
patient36615,1
patient36616,4
patient36617,1
patient36618,7
patient36619,2
patient36620,3
patient36621,14
patient36622,14
patient36623,1
patient36624,12
patient36625,21
patient36626,20
patient36627,1
patient36628,6
patient36629,7
patient36630,11
patient36631,4
patient36632,1
patient36633,6
patient36634,16
patient36635,1
patient36636,1
patient36637,4
patient36638,1
patient36639,5
patient36640,7
patient36641,1
patient36642,1
patient36643,1
patient36644,5
patient36645,1
patient36646,3
patient36647,4
patient36648,2
patient36649,7
patient36650,3
patient36651,14
patient36652,7
patient36653,2
patient36654,1
patient36655,3
patient36656,1
patient36657,1
patient36658,1
patient36659,10
patient36660,3
patient36661,2
patient36662,10
patient36663,6
patient36664,10
patient36665,8
patient36666,1
patient36667,13
patient36668,3
patient36669,9
patient36670,4
patient36671,1
patient36672,7
patient36673,2
patient36674,11
patient36675,4
patient36676,4
patient36677,23
patient36678,2
patient36679,2
patient36680,2
patient36681,1
patient36682,4
patient36683,2
patient36684,5
patient36685,3
patient36686,2
patient36687,1
patient36688,10
patient36689,1
patient36690,1
patient36691,9
patient36692,7
patient36693,2
patient36694,12
patient36695,1
patient36696,12
patient36697,2
patient36698,13
patient36699,6
patient36700,1
patient36701,20
patient36702,4
patient36703,3
patient36704,1
patient36705,2
patient36706,2
patient36707,9
patient36708,13
patient36709,6
patient36710,2
patient36711,7
patient36712,2
patient36713,2
patient36714,7
patient36715,3
patient36716,1
patient36717,1
patient36718,3
patient36719,3
patient36720,1
patient36721,9
patient36722,12
patient36723,4
patient36724,6
patient36725,11
patient36726,1
patient36727,3
patient36728,11
patient36729,3
patient36730,10
patient36731,2
patient36732,3
patient36733,2
patient36734,2
patient36735,11
patient36736,2
patient36737,9
patient36738,3
patient36739,4
patient36740,8
patient36741,1
patient36742,5
patient36743,3
patient36744,1
patient36745,3
patient36746,6
patient36747,31
patient36748,1
patient36749,3
patient36750,3
patient36751,6
patient36752,1
patient36753,3
patient36754,1
patient36755,4
patient36756,10
patient36757,2
patient36758,2
patient36759,5
patient36760,5
patient36761,7
patient36762,1
patient36763,1
patient36764,19
patient36765,1
patient36766,4
patient36767,3
patient36768,3
patient36769,15
patient36770,4
patient36771,16
patient36772,1
patient36773,4
patient36774,7
patient36775,4
patient36776,4
patient36777,1
patient36778,1
patient36779,9
patient36780,2
patient36781,8
patient36782,9
patient36783,2
patient36784,8
patient36785,2
patient36786,1
patient36787,1
patient36788,1
patient36789,3
patient36790,7
patient36791,2
patient36792,7
patient36793,10
patient36794,4
patient36795,3
patient36796,2
patient36797,14
patient36798,9
patient36799,3
patient36800,11
patient36801,3
patient36802,1
patient36803,3
patient36804,1
patient36805,1
patient36806,3
patient36807,1
patient36808,2
patient36809,6
patient36810,1
patient36811,1
patient36812,5
patient36813,1
patient36814,2
patient36815,1
patient36816,1
patient36817,2
patient36818,7
patient36819,6
patient36820,15
patient36821,2
patient36822,1
patient36823,1
patient36824,4
patient36825,5
patient36826,6
patient36827,1
patient36828,9
patient36829,1
patient36830,4
patient36831,3
patient36832,11
patient36833,4
patient36834,4
patient36835,2
patient36836,1
patient36837,3
patient36838,6
patient36839,1
patient36840,3
patient36841,2
patient36842,3
patient36843,1
patient36844,3
patient36845,2
patient36846,2
patient36847,1
patient36848,4
patient36849,1
patient36850,1
patient36851,4
patient36852,9
patient36853,2
patient36854,14
patient36855,1
patient36856,13
patient36857,1
patient36858,1
patient36859,2
patient36860,1
patient36861,9
patient36862,1
patient36863,3
patient36864,6
patient36865,1
patient36866,2
patient36867,6
patient36868,7
patient36869,9
patient36870,1
patient36871,8
patient36872,4
patient36873,1
patient36874,5
patient36875,9
patient36876,4
patient36877,5
patient36878,1
patient36879,1
patient36880,14
patient36881,3
patient36882,2
patient36883,10
patient36884,15
patient36885,2
patient36886,1
patient36887,1
patient36888,3
patient36889,2
patient36890,2
patient36891,4
patient36892,2
patient36893,3
patient36894,7
patient36895,1
patient36896,3
patient36897,4
patient36898,1
patient36899,5
patient36900,4
patient36901,5
patient36902,2
patient36903,2
patient36904,2
patient36905,2
patient36906,8
patient36907,2
patient36908,10
patient36909,1
patient36910,4
patient36911,5
patient36912,10
patient36913,10
patient36914,2
patient36915,4
patient36916,16
patient36917,12
patient36918,5
patient36919,2
patient36920,1
patient36921,2
patient36922,1
patient36923,10
patient36924,9
patient36925,4
patient36926,25
patient36927,9
patient36928,7
patient36929,6
patient36930,13
patient36931,2
patient36932,2
patient36933,6
patient36934,4
patient36935,2
patient36936,8
patient36937,5
patient36938,2
patient36939,8
patient36940,4
patient36941,3
patient36942,3
patient36943,5
patient36944,3
patient36945,1
patient36946,7
patient36947,2
patient36948,4
patient36949,4
patient36950,10
patient36951,4
patient36952,5
patient36953,13
patient36954,1
patient36955,7
patient36956,4
patient36957,3
patient36958,1
patient36959,9
patient36960,5
patient36961,21
patient36962,5
patient36963,1
patient36964,2
patient36965,18
patient36966,3
patient36967,1
patient36968,1
patient36969,7
patient36970,5
patient36971,4
patient36972,16
patient36973,10
patient36974,3
patient36975,3
patient36976,3
patient36977,2
patient36978,5
patient36979,4
patient36980,6
patient36981,6
patient36982,6
patient36983,2
patient36984,2
patient36985,6
patient36986,21
patient36987,3
patient36988,1
patient36989,8
patient36990,5
patient36991,1
patient36992,4
patient36993,2
patient36994,16
patient36995,2
patient36996,3
patient36997,1
patient36998,1
patient36999,11
patient37000,5
patient37001,2
patient37002,2
patient37003,17
patient37004,1
patient37005,8
patient37006,8
patient37007,3
patient37008,6
patient37009,3
patient37010,1
patient37011,4
patient37012,2
patient37013,1
patient37014,2
patient37015,1
patient37016,6
patient37017,6
patient37018,7
patient37019,2
patient37020,1
patient37021,3
patient37022,3
patient37023,5
patient37024,4
patient37025,5
patient37026,1
patient37027,6
patient37028,11
patient37029,1
patient37030,6
patient37031,3
patient37032,1
patient37033,26
patient37034,5
patient37035,1
patient37036,2
patient37037,1
patient37038,5
patient37039,1
patient37040,5
patient37041,3
patient37042,5
patient37043,10
patient37044,3
patient37045,15
patient37046,1
patient37047,2
patient37048,3
patient37049,1
patient37050,9
patient37051,18
patient37052,2
patient37053,3
patient37054,4
patient37055,4
patient37056,2
patient37057,1
patient37058,1
patient37059,3
patient37060,1
patient37061,1
patient37062,9
patient37063,2
patient37064,9
patient37065,1
patient37066,1
patient37067,5
patient37068,3
patient37069,2
patient37070,1
patient37071,2
patient37072,2
patient37073,4
patient37074,3
patient37075,1
patient37076,5
patient37077,2
patient37078,18
patient37079,1
patient37080,1
patient37081,1
patient37082,5
patient37083,5
patient37084,5
patient37085,15
patient37086,11
patient37087,6
patient37088,12
patient37089,2
patient37090,15
patient37091,7
patient37092,1
patient37093,3
patient37094,4
patient37095,5
patient37096,1
patient37097,2
patient37098,1
patient37099,3
patient37100,1
patient37101,3
patient37102,8
patient37103,10
patient37104,6
patient37105,4
patient37106,3
patient37107,14
patient37108,3
patient37109,5
patient37110,8
patient37111,4
patient37112,3
patient37113,4
patient37114,8
patient37115,2
patient37116,2
patient37117,1
patient37118,8
patient37119,3
patient37120,1
patient37121,4
patient37122,2
patient37123,3
patient37124,3
patient37125,8
patient37126,11
patient37127,4
patient37128,1
patient37129,4
patient37130,3
patient37131,2
patient37132,4
patient37133,15
patient37134,4
patient37135,2
patient37136,1
patient37137,2
patient37138,8
patient37139,3
patient37140,6
patient37141,2
patient37142,6
patient37143,4
patient37144,5
patient37145,4
patient37146,2
patient37147,1
patient37148,3
patient37149,2
patient37150,3
patient37151,1
patient37152,5
patient37153,10
patient37154,8
patient37155,12
patient37156,3
patient37157,4
patient37158,1
patient37159,2
patient37160,1
patient37161,2
patient37162,9
patient37163,2
patient37164,1
patient37165,7
patient37166,5
patient37167,5
patient37168,1
patient37169,1
patient37170,7
patient37171,2
patient37172,5
patient37173,4
patient37174,13
patient37175,2
patient37176,3
patient37177,7
patient37178,2
patient37179,5
patient37180,8
patient37181,4
patient37182,9
patient37183,2
patient37184,24
patient37185,1
patient37186,4
patient37187,8
patient37188,2
patient37189,3
patient37190,2
patient37191,2
patient37192,11
patient37193,1
patient37194,3
patient37195,1
patient37196,2
patient37197,3
patient37198,2
patient37199,2
patient37200,4
patient37201,7
patient37202,1
patient37203,5
patient37204,2
patient37205,2
patient37206,5
patient37207,5
patient37208,1
patient37209,15
patient37210,2
patient37211,14
patient37212,1
patient37213,3
patient37214,4
patient37215,5
patient37216,1
patient37217,11
patient37218,4
patient37219,1
patient37220,11
patient37221,1
patient37222,4
patient37223,2
patient37224,1
patient37225,2
patient37226,12
patient37227,1
patient37228,4
patient37229,2
patient37230,3
patient37231,1
patient37232,1
patient37233,6
patient37234,6
patient37235,1
patient37236,1
patient37237,1
patient37238,6
patient37239,2
patient37240,10
patient37241,13
patient37242,7
patient37243,4
patient37244,3
patient37245,1
patient37246,3
patient37247,3
patient37248,2
patient37249,6
patient37250,1
patient37251,7
patient37252,1
patient37253,6
patient37254,3
patient37255,1
patient37256,1
patient37257,6
patient37258,3
patient37259,2
patient37260,2
patient37261,3
patient37262,8
patient37263,8
patient37264,4
patient37265,1
patient37266,8
patient37267,4
patient37268,1
patient37269,2
patient37270,22
patient37271,1
patient37272,2
patient37273,3
patient37274,2
patient37275,1
patient37276,1
patient37277,9
patient37278,18
patient37279,2
patient37280,1
patient37281,2
patient37282,1
patient37283,2
patient37284,10
patient37285,1
patient37286,1
patient37287,1
patient37288,5
patient37289,1
patient37290,1
patient37291,5
patient37292,2
patient37293,2
patient37294,9
patient37295,1
patient37296,4
patient37297,8
patient37298,7
patient37299,6
patient37300,20
patient37301,3
patient37302,12
patient37303,1
patient37304,7
patient37305,2
patient37306,1
patient37307,2
patient37308,7
patient37309,3
patient37310,2
patient37311,2
patient37312,1
patient37313,1
patient37314,2
patient37315,8
patient37316,6
patient37317,6
patient37318,3
patient37319,12
patient37320,16
patient37321,4
patient37322,19
patient37323,1
patient37324,4
patient37325,4
patient37326,6
patient37327,18
patient37328,5
patient37329,6
patient37330,4
patient37331,14
patient37332,1
patient37333,20
patient37334,2
patient37335,11
patient37336,3
patient37337,3
patient37338,3
patient37339,1
patient37340,1
patient37341,12
patient37342,23
patient37343,3
patient37344,6
patient37345,2
patient37346,2
patient37347,2
patient37348,3
patient37349,2
patient37350,8
patient37351,5
patient37352,5
patient37353,2
patient37354,18
patient37355,7
patient37356,2
patient37357,3
patient37358,3
patient37359,1
patient37360,3
patient37361,7
patient37362,4
patient37363,2
patient37364,2
patient37365,1
patient37366,6
patient37367,2
patient37368,1
patient37369,4
patient37370,1
patient37371,4
patient37372,6
patient37373,2
patient37374,4
patient37375,3
patient37376,5
patient37377,2
patient37378,3
patient37379,2
patient37380,3
patient37381,9
patient37382,9
patient37383,5
patient37384,5
patient37385,10
patient37386,4
patient37387,3
patient37388,2
patient37389,19
patient37390,9
patient37391,1
patient37392,5
patient37393,12
patient37394,1
patient37395,1
patient37396,1
patient37397,3
patient37398,11
patient37399,8
patient37400,1
patient37401,20
patient37402,4
patient37403,3
patient37404,1
patient37405,1
patient37406,4
patient37407,4
patient37408,3
patient37409,5
patient37410,5
patient37411,1
patient37412,3
patient37413,5
patient37414,5
patient37415,10
patient37416,2
patient37417,1
patient37418,4
patient37419,3
patient37420,1
patient37421,3
patient37422,3
patient37423,3
patient37424,1
patient37425,1
patient37426,2
patient37427,1
patient37428,2
patient37429,2
patient37430,4
patient37431,9
patient37432,5
patient37433,9
patient37434,4
patient37435,17
patient37436,11
patient37437,1
patient37438,6
patient37439,1
patient37440,2
patient37441,1
patient37442,1
patient37443,2
patient37444,2
patient37445,2
patient37446,20
patient37447,15
patient37448,26
patient37449,1
patient37450,9
patient37451,2
patient37452,1
patient37453,3
patient37454,2
patient37455,1
patient37456,6
patient37457,4
patient37458,7
patient37459,5
patient37460,3
patient37461,3
patient37462,9
patient37463,4
patient37464,2
patient37465,3
patient37466,3
patient37467,2
patient37468,2
patient37469,9
patient37470,4
patient37471,19
patient37472,10
patient37473,2
patient37474,4
patient37475,2
patient37476,7
patient37477,3
patient37478,3
patient37479,20
patient37480,5
patient37481,1
patient37482,5
patient37483,1
patient37484,3
patient37485,5
patient37486,9
patient37487,5
patient37488,1
patient37489,4
patient37490,11
patient37491,2
patient37492,2
patient37493,8
patient37494,4
patient37495,1
patient37496,7
patient37497,1
patient37498,8
patient37499,7
patient37500,5
patient37501,1
patient37502,1
patient37503,1
patient37504,12
patient37505,8
patient37506,1
patient37507,6
patient37508,21
patient37509,1
patient37510,8
patient37511,1
patient37512,2
patient37513,1
patient37514,1
patient37515,1
patient37516,2
patient37517,14
patient37518,2
patient37519,1
patient37520,1
patient37521,13
patient37522,11
patient37523,1
patient37524,22
patient37525,2
patient37526,3
patient37527,19
patient37528,8
patient37529,1
patient37530,5
patient37531,5
patient37532,1
patient37533,5
patient37534,10
patient37535,3
patient37536,4
patient37537,1
patient37538,3
patient37539,1
patient37540,3
patient37541,9
patient37542,5
patient37543,4
patient37544,1
patient37545,1
patient37546,8
patient37547,3
patient37548,23
patient37549,2
patient37550,1
patient37551,1
patient37552,5
patient37553,1
patient37554,6
patient37555,4
patient37556,4
patient37557,3
patient37558,9
patient37559,2
patient37560,5
patient37561,4
patient37562,2
patient37563,6
patient37564,3
patient37565,2
patient37566,12
patient37567,2
patient37568,7
patient37569,5
patient37570,21
patient37571,3
patient37572,2
patient37573,3
patient37574,3
patient37575,11
patient37576,2
patient37577,2
patient37578,5
patient37579,1
patient37580,6
patient37581,3
patient37582,4
patient37583,6
patient37584,4
patient37585,18
patient37586,4
patient37587,2
patient37588,2
patient37589,14
patient37590,3
patient37591,3
patient37592,17
patient37593,2
patient37594,1
patient37595,1
patient37596,11
patient37597,6
patient37598,4
patient37599,1
patient37600,6
patient37601,1
patient37602,1
patient37603,4
patient37604,16
patient37605,5
patient37606,7
patient37607,4
patient37608,1
patient37609,6
patient37610,6
patient37611,1
patient37612,4
patient37613,1
patient37614,5
patient37615,1
patient37616,1
patient37617,2
patient37618,4
patient37619,3
patient37620,1
patient37621,1
patient37622,4
patient37623,1
patient37624,1
patient37625,4
patient37626,3
patient37627,6
patient37628,1
patient37629,30
patient37630,2
patient37631,2
patient37632,9
patient37633,12
patient37634,4
patient37635,9
patient37636,3
patient37637,1
patient37638,9
patient37639,9
patient37640,1
patient37641,5
patient37642,4
patient37643,6
patient37644,16
patient37645,2
patient37646,1
patient37647,1
patient37648,1
patient37649,2
patient37650,1
patient37651,4
patient37652,2
patient37653,5
patient37654,2
patient37655,4
patient37656,1
patient37657,1
patient37658,2
patient37659,18
patient37660,4
patient37661,8
patient37662,2
patient37663,6
patient37664,3
patient37665,4
patient37666,1
patient37667,1
patient37668,3
patient37669,1
patient37670,4
patient37671,1
patient37672,4
patient37673,2
patient37674,11
patient37675,1
patient37676,8
patient37677,3
patient37678,4
patient37679,4
patient37680,1
patient37681,7
patient37682,15
patient37683,11
patient37684,2
patient37685,1
patient37686,6
patient37687,5
patient37688,14
patient37689,4
patient37690,13
patient37691,1
patient37692,1
patient37693,2
patient37694,1
patient37695,1
patient37696,1
patient37697,1
patient37698,2
patient37699,1
patient37700,3
patient37701,15
patient37702,4
patient37703,3
patient37704,1
patient37705,9
patient37706,1
patient37707,5
patient37708,11
patient37709,1
patient37710,4
patient37711,8
patient37712,1
patient37713,3
patient37714,7
patient37715,3
patient37716,14
patient37717,5
patient37718,1
patient37719,2
patient37720,4
patient37721,4
patient37722,4
patient37723,3
patient37724,15
patient37725,10
patient37726,2
patient37727,3
patient37728,1
patient37729,1
patient37730,6
patient37731,2
patient37732,9
patient37733,5
patient37734,5
patient37735,11
patient37736,6
patient37737,2
patient37738,3
patient37739,5
patient37740,1
patient37741,2
patient37742,4
patient37743,3
patient37744,4
patient37745,2
patient37746,8
patient37747,3
patient37748,7
patient37749,17
patient37750,4
patient37751,2
patient37752,1
patient37753,4
patient37754,1
patient37755,5
patient37756,7
patient37757,2
patient37758,1
patient37759,2
patient37760,10
patient37761,2
patient37762,5
patient37763,2
patient37764,10
patient37765,1
patient37766,3
patient37767,9
patient37768,4
patient37769,5
patient37770,9
patient37771,5
patient37772,3
patient37773,3
patient37774,3
patient37775,7
patient37776,1
patient37777,15
patient37778,3
patient37779,1
patient37780,6
patient37781,5
patient37782,10
patient37783,3
patient37784,8
patient37785,6
patient37786,11
patient37787,3
patient37788,8
patient37789,7
patient37790,5
patient37791,9
patient37792,8
patient37793,1
patient37794,6
patient37795,14
patient37796,16
patient37797,3
patient37798,1
patient37799,19
patient37800,2
patient37801,1
patient37802,5
patient37803,14
patient37804,3
patient37805,4
patient37806,5
patient37807,2
patient37808,1
patient37809,4
patient37810,2
patient37811,4
patient37812,2
patient37813,3
patient37814,3
patient37815,2
patient37816,3
patient37817,16
patient37818,8
patient37819,3
patient37820,2
patient37821,6
patient37822,8
patient37823,4
patient37824,4
patient37825,7
patient37826,1
patient37827,14
patient37828,1
patient37829,2
patient37830,2
patient37831,7
patient37832,1
patient37833,4
patient37834,9
patient37835,1
patient37836,4
patient37837,3
patient37838,9
patient37839,1
patient37840,12
patient37841,3
patient37842,2
patient37843,18
patient37844,4
patient37845,5
patient37846,1
patient37847,2
patient37848,2
patient37849,2
patient37850,3
patient37851,1
patient37852,13
patient37853,2
patient37854,1
patient37855,2
patient37856,4
patient37857,8
patient37858,31
patient37859,11
patient37860,8
patient37861,4
patient37862,3
patient37863,1
patient37864,6
patient37865,3
patient37866,3
patient37867,1
patient37868,10
patient37869,1
patient37870,2
patient37871,7
patient37872,2
patient37873,3
patient37874,3
patient37875,1
patient37876,3
patient37877,3
patient37878,1
patient37879,16
patient37880,6
patient37881,11
patient37882,7
patient37883,1
patient37884,23
patient37885,2
patient37886,1
patient37887,3
patient37888,3
patient37889,11
patient37890,1
patient37891,1
patient37892,13
patient37893,8
patient37894,3
patient37895,3
patient37896,2
patient37897,5
patient37898,3
patient37899,2
patient37900,1
patient37901,3
patient37902,1
patient37903,6
patient37904,14
patient37905,4
patient37906,2
patient37907,2
patient37908,1
patient37909,4
patient37910,11
patient37911,2
patient37912,17
patient37913,1
patient37914,5
patient37915,3
patient37916,2
patient37917,5
patient37918,3
patient37919,1
patient37920,6
patient37921,4
patient37922,8
patient37923,5
patient37924,2
patient37925,5
patient37926,9
patient37927,3
patient37928,1
patient37929,6
patient37930,2
patient37931,2
patient37932,1
patient37933,12
patient37934,5
patient37935,6
patient37936,4
patient37937,2
patient37938,2
patient37939,8
patient37940,2
patient37941,1
patient37942,4
patient37943,23
patient37944,2
patient37945,2
patient37946,1
patient37947,4
patient37948,1
patient37949,5
patient37950,3
patient37951,5
patient37952,1
patient37953,1
patient37954,7
patient37955,4
patient37956,3
patient37957,5
patient37958,1
patient37959,2
patient37960,2
patient37961,15
patient37962,1
patient37963,2
patient37964,9
patient37965,4
patient37966,7
patient37967,2
patient37968,2
patient37969,4
patient37970,1
patient37971,13
patient37972,14
patient37973,2
patient37974,3
patient37975,1
patient37976,4
patient37977,13
patient37978,5
patient37979,4
patient37980,1
patient37981,5
patient37982,9
patient37983,4
patient37984,5
patient37985,4
patient37986,3
patient37987,1
patient37988,1
patient37989,7
patient37990,3
patient37991,6
patient37992,3
patient37993,2
patient37994,5
patient37995,1
patient37996,1
patient37997,3
patient37998,5
patient37999,3
patient38000,1
patient38001,2
patient38002,6
patient38003,1
patient38004,4
patient38005,2
patient38006,1
patient38007,10
patient38008,10
patient38009,2
patient38010,1
patient38011,1
patient38012,17
patient38013,4
patient38014,8
patient38015,3
patient38016,4
patient38017,1
patient38018,1
patient38019,3
patient38020,13
patient38021,5
patient38022,2
patient38023,15
patient38024,6
patient38025,4
patient38026,3
patient38027,5
patient38028,3
patient38029,5
patient38030,1
patient38031,21
patient38032,4
patient38033,4
patient38034,1
patient38035,1
patient38036,2
patient38037,2
patient38038,1
patient38039,5
patient38040,16
patient38041,2
patient38042,1
patient38043,3
patient38044,3
patient38045,1
patient38046,8
patient38047,1
patient38048,1
patient38049,2
patient38050,9
patient38051,5
patient38052,8
patient38053,3
patient38054,1
patient38055,11
patient38056,2
patient38057,4
patient38058,2
patient38059,2
patient38060,2
patient38061,6
patient38062,9
patient38063,1
patient38064,1
patient38065,2
patient38066,1
patient38067,2
patient38068,3
patient38069,4
patient38070,1
patient38071,3
patient38072,5
patient38073,2
patient38074,5
patient38075,4
patient38076,9
patient38077,1
patient38078,3
patient38079,4
patient38080,1
patient38081,7
patient38082,1
patient38083,3
patient38084,2
patient38085,2
patient38086,12
patient38087,7
patient38088,2
patient38089,6
patient38090,8
patient38091,1
patient38092,16
patient38093,5
patient38094,3
patient38095,11
patient38096,5
patient38097,3
patient38098,2
patient38099,5
patient38100,2
patient38101,4
patient38102,2
patient38103,2
patient38104,5
patient38105,4
patient38106,7
patient38107,4
patient38108,1
patient38109,4
patient38110,7
patient38111,2
patient38112,7
patient38113,2
patient38114,1
patient38115,3
patient38116,3
patient38117,10
patient38118,1
patient38119,2
patient38120,5
patient38121,4
patient38122,11
patient38123,6
patient38124,5
patient38125,5
patient38126,2
patient38127,8
patient38128,7
patient38129,2
patient38130,1
patient38131,22
patient38132,4
patient38133,2
patient38134,1
patient38135,1
patient38136,3
patient38137,10
patient38138,1
patient38139,2
patient38140,8
patient38141,8
patient38142,1
patient38143,1
patient38144,1
patient38145,2
patient38146,5
patient38147,10
patient38148,3
patient38149,31
patient38150,1
patient38151,5
patient38152,1
patient38153,17
patient38154,16
patient38155,2
patient38156,4
patient38157,2
patient38158,1
patient38159,2
patient38160,1
patient38161,1
patient38162,17
patient38163,3
patient38164,6
patient38165,2
patient38166,4
patient38167,3
patient38168,7
patient38169,12
patient38170,1
patient38171,2
patient38172,3
patient38173,7
patient38174,13
patient38175,2
patient38176,2
patient38177,1
patient38178,2
patient38179,1
patient38180,11
patient38181,4
patient38182,2
patient38183,2
patient38184,1
patient38185,2
patient38186,2
patient38187,4
patient38188,6
patient38189,2
patient38190,4
patient38191,2
patient38192,1
patient38193,4
patient38194,5
patient38195,2
patient38196,1
patient38197,9
patient38198,4
patient38199,4
patient38200,2
patient38201,1
patient38202,3
patient38203,13
patient38204,2
patient38205,5
patient38206,3
patient38207,2
patient38208,9
patient38209,7
patient38210,2
patient38211,1
patient38212,3
patient38213,1
patient38214,4
patient38215,1
patient38216,3
patient38217,1
patient38218,4
patient38219,5
patient38220,9
patient38221,1
patient38222,6
patient38223,10
patient38224,4
patient38225,3
patient38226,2
patient38227,1
patient38228,6
patient38229,2
patient38230,2
patient38231,5
patient38232,5
patient38233,6
patient38234,5
patient38235,6
patient38236,1
patient38237,1
patient38238,5
patient38239,2
patient38240,2
patient38241,10
patient38242,1
patient38243,1
patient38244,11
patient38245,1
patient38246,2
patient38247,2
patient38248,7
patient38249,1
patient38250,9
patient38251,2
patient38252,1
patient38253,6
patient38254,2
patient38255,2
patient38256,2
patient38257,3
patient38258,5
patient38259,14
patient38260,11
patient38261,13
patient38262,4
patient38263,5
patient38264,4
patient38265,1
patient38266,2
patient38267,6
patient38268,11
patient38269,5
patient38270,3
patient38271,3
patient38272,1
patient38273,2
patient38274,8
patient38275,1
patient38276,2
patient38277,12
patient38278,1
patient38279,14
patient38280,1
patient38281,1
patient38282,8
patient38283,4
patient38284,4
patient38285,1
patient38286,4
patient38287,1
patient38288,3
patient38289,1
patient38290,3
patient38291,2
patient38292,12
patient38293,11
patient38294,2
patient38295,1
patient38296,8
patient38297,4
patient38298,2
patient38299,1
patient38300,5
patient38301,38
patient38302,1
patient38303,1
patient38304,4
patient38305,3
patient38306,5
patient38307,9
patient38308,18
patient38309,17
patient38310,4
patient38311,5
patient38312,4
patient38313,6
patient38314,1
patient38315,1
patient38316,2
patient38317,1
patient38318,2
patient38319,3
patient38320,3
patient38321,1
patient38322,6
patient38323,4
patient38324,4
patient38325,1
patient38326,13
patient38327,5
patient38328,1
patient38329,1
patient38330,1
patient38331,4
patient38332,1
patient38333,1
patient38334,2
patient38335,7
patient38336,2
patient38337,1
patient38338,3
patient38339,3
patient38340,3
patient38341,4
patient38342,30
patient38343,5
patient38344,5
patient38345,1
patient38346,4
patient38347,27
patient38348,2
patient38349,9
patient38350,4
patient38351,3
patient38352,5
patient38353,14
patient38354,3
patient38355,2
patient38356,4
patient38357,3
patient38358,8
patient38359,4
patient38360,10
patient38361,2
patient38362,3
patient38363,4
patient38364,1
patient38365,12
patient38366,3
patient38367,9
patient38368,6
patient38369,7
patient38370,5
patient38371,3
patient38372,2
patient38373,9
patient38374,3
patient38375,3
patient38376,3
patient38377,5
patient38378,1
patient38379,1
patient38380,2
patient38381,5
patient38382,5
patient38383,2
patient38384,5
patient38385,3
patient38386,5
patient38387,2
patient38388,9
patient38389,5
patient38390,24
patient38391,2
patient38392,6
patient38393,5
patient38394,3
patient38395,8
patient38396,3
patient38397,2
patient38398,10
patient38399,3
patient38400,6
patient38401,1
patient38402,3
patient38403,2
patient38404,2
patient38405,5
patient38406,4
patient38407,2
patient38408,3
patient38409,1
patient38410,16
patient38411,1
patient38412,13
patient38413,4
patient38414,8
patient38415,3
patient38416,3
patient38417,3
patient38418,2
patient38419,4
patient38420,6
patient38421,2
patient38422,3
patient38423,2
patient38424,3
patient38425,1
patient38426,3
patient38427,2
patient38428,1
patient38429,2
patient38430,7
patient38431,1
patient38432,3
patient38433,2
patient38434,1
patient38435,3
patient38436,3
patient38437,3
patient38438,2
patient38439,1
patient38440,5
patient38441,1
patient38442,1
patient38443,4
patient38444,1
patient38445,2
patient38446,2
patient38447,1
patient38448,2
patient38449,6
patient38450,1
patient38451,9
patient38452,2
patient38453,45
patient38454,16
patient38455,2
patient38456,2
patient38457,2
patient38458,5
patient38459,1
patient38460,3
patient38461,1
patient38462,1
patient38463,4
patient38464,7
patient38465,4
patient38466,2
patient38467,1
patient38468,7
patient38469,1
patient38470,1
patient38471,1
patient38472,2
patient38473,7
patient38474,5
patient38475,2
patient38476,3
patient38477,1
patient38478,5
patient38479,1
patient38480,3
patient38481,2
patient38482,7
patient38483,11
patient38484,3
patient38485,6
patient38486,28
patient38487,1
patient38488,1
patient38489,1
patient38490,5
patient38491,7
patient38492,1
patient38493,2
patient38494,2
patient38495,1
patient38496,1
patient38497,9
patient38498,1
patient38499,3
patient38500,1
patient38501,1
patient38502,1
patient38503,6
patient38504,11
patient38505,5
patient38506,10
patient38507,1
patient38508,5
patient38509,12
patient38510,1
patient38511,4
patient38512,4
patient38513,1
patient38514,2
patient38515,5
patient38516,1
patient38517,1
patient38518,1
patient38519,7
patient38520,3
patient38521,3
patient38522,2
patient38523,3
patient38524,2
patient38525,12
patient38526,11
patient38527,2
patient38528,5
patient38529,2
patient38530,4
patient38531,4
patient38532,1
patient38533,25
patient38534,3
patient38535,3
patient38536,1
patient38537,2
patient38538,4
patient38539,12
patient38540,1
patient38541,13
patient38542,1
patient38543,2
patient38544,6
patient38545,15
patient38546,1
patient38547,9
patient38548,3
patient38549,2
patient38550,1
patient38551,4
patient38552,4
patient38553,12
patient38554,3
patient38555,1
patient38556,3
patient38557,3
patient38558,5
patient38559,2
patient38560,2
patient38561,11
patient38562,9
patient38563,1
patient38564,9
patient38565,10
patient38566,5
patient38567,3
patient38568,5
patient38569,2
patient38570,11
patient38571,4
patient38572,2
patient38573,1
patient38574,3
patient38575,2
patient38576,1
patient38577,14
patient38578,13
patient38579,5
patient38580,2
patient38581,5
patient38582,1
patient38583,3
patient38584,8
patient38585,5
patient38586,2
patient38587,8
patient38588,4
patient38589,2
patient38590,5
patient38591,2
patient38592,7
patient38593,9
patient38594,3
patient38595,1
patient38596,4
patient38597,29
patient38598,5
patient38599,3
patient38600,1
patient38601,7
patient38602,2
patient38603,3
patient38604,2
patient38605,6
patient38606,1
patient38607,3
patient38608,3
patient38609,1
patient38610,2
patient38611,5
patient38612,6
patient38613,11
patient38614,1
patient38615,5
patient38616,1
patient38617,3
patient38618,1
patient38619,6
patient38620,2
patient38621,1
patient38622,8
patient38623,2
patient38624,17
patient38625,2
patient38626,4
patient38627,5
patient38628,4
patient38629,2
patient38630,4
patient38631,14
patient38632,17
patient38633,12
patient38634,2
patient38635,6
patient38636,1
patient38637,1
patient38638,5
patient38639,3
patient38640,1
patient38641,4
patient38642,2
patient38643,4
patient38644,23
patient38645,5
patient38646,6
patient38647,2
patient38648,4
patient38649,2
patient38650,2
patient38651,1
patient38652,6
patient38653,3
patient38654,2
patient38655,1
patient38656,15
patient38657,3
patient38658,3
patient38659,4
patient38660,4
patient38661,4
patient38662,1
patient38663,1
patient38664,1
patient38665,1
patient38666,1
patient38667,2
patient38668,3
patient38669,1
patient38670,1
patient38671,1
patient38672,2
patient38673,1
patient38674,5
patient38675,2
patient38676,4
patient38677,1
patient38678,2
patient38679,7
patient38680,3
patient38681,13
patient38682,2
patient38683,1
patient38684,1
patient38685,3
patient38686,1
patient38687,3
patient38688,5
patient38689,1
patient38690,4
patient38691,2
patient38692,3
patient38693,9
patient38694,2
patient38695,4
patient38696,1
patient38697,2
patient38698,1
patient38699,7
patient38700,1
patient38701,1
patient38702,3
patient38703,1
patient38704,11
patient38705,7
patient38706,9
patient38707,3
patient38708,3
patient38709,4
patient38710,1
patient38711,8
patient38712,2
patient38713,6
patient38714,1
patient38715,4
patient38716,8
patient38717,2
patient38718,1
patient38719,20
patient38720,8
patient38721,3
patient38722,1
patient38723,1
patient38724,3
patient38725,2
patient38726,6
patient38727,1
patient38728,2
patient38729,2
patient38730,9
patient38731,9
patient38732,1
patient38733,5
patient38734,15
patient38735,3
patient38736,4
patient38737,2
patient38738,12
patient38739,2
patient38740,7
patient38741,2
patient38742,2
patient38743,1
patient38744,2
patient38745,1
patient38746,6
patient38747,1
patient38748,2
patient38749,1
patient38750,8
patient38751,1
patient38752,12
patient38753,4
patient38754,14
patient38755,2
patient38756,3
patient38757,2
patient38758,4
patient38759,1
patient38760,3
patient38761,6
patient38762,5
patient38763,2
patient38764,2
patient38765,1
patient38766,10
patient38767,2
patient38768,4
patient38769,4
patient38770,1
patient38771,14
patient38772,1
patient38773,6
patient38774,4
patient38775,6
patient38776,4
patient38777,1
patient38778,19
patient38779,2
patient38780,6
patient38781,1
patient38782,1
patient38783,10
patient38784,9
patient38785,3
patient38786,3
patient38787,1
patient38788,3
patient38789,5
patient38790,1
patient38791,6
patient38792,6
patient38793,5
patient38794,14
patient38795,10
patient38796,4
patient38797,5
patient38798,1
patient38799,2
patient38800,1
patient38801,3
patient38802,3
patient38803,4
patient38804,6
patient38805,5
patient38806,3
patient38807,5
patient38808,3
patient38809,5
patient38810,3
patient38811,1
patient38812,2
patient38813,2
patient38814,7
patient38815,6
patient38816,2
patient38817,12
patient38818,1
patient38819,6
patient38820,2
patient38821,2
patient38822,2
patient38823,1
patient38824,6
patient38825,3
patient38826,9
patient38827,9
patient38828,1
patient38829,2
patient38830,6
patient38831,8
patient38832,1
patient38833,3
patient38834,6
patient38835,4
patient38836,5
patient38837,3
patient38838,2
patient38839,3
patient38840,2
patient38841,1
patient38842,2
patient38843,1
patient38844,3
patient38845,2
patient38846,4
patient38847,1
patient38848,1
patient38849,1
patient38850,1
patient38851,2
patient38852,5
patient38853,1
patient38854,3
patient38855,1
patient38856,1
patient38857,2
patient38858,7
patient38859,1
patient38860,5
patient38861,1
patient38862,1
patient38863,1
patient38864,6
patient38865,1
patient38866,3
patient38867,3
patient38868,8
patient38869,3
patient38870,1
patient38871,1
patient38872,3
patient38873,3
patient38874,4
patient38875,1
patient38876,6
patient38877,1
patient38878,3
patient38879,4
patient38880,1
patient38881,3
patient38882,1
patient38883,1
patient38884,1
patient38885,5
patient38886,3
patient38887,5
patient38888,5
patient38889,2
patient38890,5
patient38891,3
patient38892,5
patient38893,2
patient38894,3
patient38895,3
patient38896,4
patient38897,7
patient38898,3
patient38899,1
patient38900,4
patient38901,1
patient38902,2
patient38903,5
patient38904,3
patient38905,2
patient38906,1
patient38907,2
patient38908,2
patient38909,4
patient38910,12
patient38911,3
patient38912,4
patient38913,3
patient38914,6
patient38915,2
patient38916,1
patient38917,4
patient38918,1
patient38919,2
patient38920,9
patient38921,4
patient38922,2
patient38923,1
patient38924,4
patient38925,4
patient38926,12
patient38927,1
patient38928,3
patient38929,10
patient38930,2
patient38931,3
patient38932,5
patient38933,9
patient38934,3
patient38935,6
patient38936,2
patient38937,10
patient38938,8
patient38939,1
patient38940,3
patient38941,2
patient38942,1
patient38943,6
patient38944,4
patient38945,5
patient38946,1
patient38947,1
patient38948,3
patient38949,23
patient38950,1
patient38951,1
patient38952,2
patient38953,6
patient38954,3
patient38955,1
patient38956,2
patient38957,4
patient38958,6
patient38959,2
patient38960,1
patient38961,2
patient38962,1
patient38963,3
patient38964,8
patient38965,5
patient38966,2
patient38967,3
patient38968,1
patient38969,4
patient38970,5
patient38971,14
patient38972,5
patient38973,6
patient38974,14
patient38975,5
patient38976,3
patient38977,5
patient38978,4
patient38979,3
patient38980,7
patient38981,1
patient38982,2
patient38983,3
patient38984,2
patient38985,3
patient38986,1
patient38987,5
patient38988,4
patient38989,7
patient38990,1
patient38991,1
patient38992,1
patient38993,1
patient38994,5
patient38995,1
patient38996,1
patient38997,5
patient38998,2
patient38999,5
patient39000,3
patient39001,11
patient39002,1
patient39003,2
patient39004,2
patient39005,5
patient39006,5
patient39007,31
patient39008,10
patient39009,4
patient39010,4
patient39011,1
patient39012,2
patient39013,4
patient39014,2
patient39015,1
patient39016,2
patient39017,2
patient39018,1
patient39019,7
patient39020,2
patient39021,3
patient39022,1
patient39023,2
patient39024,3
patient39025,1
patient39026,3
patient39027,2
patient39028,6
patient39029,4
patient39030,7
patient39031,1
patient39032,6
patient39033,2
patient39034,2
patient39035,6
patient39036,4
patient39037,12
patient39038,17
patient39039,4
patient39040,1
patient39041,6
patient39042,2
patient39043,3
patient39044,1
patient39045,3
patient39046,2
patient39047,1
patient39048,4
patient39049,10
patient39050,1
patient39051,1
patient39052,1
patient39053,1
patient39054,1
patient39055,1
patient39056,2
patient39057,4
patient39058,1
patient39059,2
patient39060,10
patient39061,1
patient39062,1
patient39063,2
patient39064,3
patient39065,17
patient39066,1
patient39067,6
patient39068,3
patient39069,3
patient39070,1
patient39071,1
patient39072,13
patient39073,2
patient39074,6
patient39075,2
patient39076,8
patient39077,4
patient39078,1
patient39079,10
patient39080,4
patient39081,5
patient39082,4
patient39083,19
patient39084,2
patient39085,3
patient39086,5
patient39087,3
patient39088,5
patient39089,1
patient39090,1
patient39091,4
patient39092,2
patient39093,6
patient39094,10
patient39095,1
patient39096,13
patient39097,6
patient39098,1
patient39099,32
patient39100,2
patient39101,2
patient39102,5
patient39103,2
patient39104,21
patient39105,3
patient39106,7
patient39107,4
patient39108,3
patient39109,16
patient39110,1
patient39111,1
patient39112,11
patient39113,8
patient39114,4
patient39115,1
patient39116,1
patient39117,3
patient39118,15
patient39119,1
patient39120,1
patient39121,1
patient39122,2
patient39123,1
patient39124,3
patient39125,4
patient39126,1
patient39127,1
patient39128,4
patient39129,6
patient39130,2
patient39131,3
patient39132,5
patient39133,3
patient39134,4
patient39135,2
patient39136,3
patient39137,4
patient39138,4
patient39139,3
patient39140,11
patient39141,1
patient39142,1
patient39143,1
patient39144,6
patient39145,5
patient39146,1
patient39147,4
patient39148,4
patient39149,2
patient39150,3
patient39151,2
patient39152,4
patient39153,2
patient39154,2
patient39155,1
patient39156,3
patient39157,4
patient39158,14
patient39159,1
patient39160,1
patient39161,1
patient39162,2
patient39163,1
patient39164,1
patient39165,2
patient39166,3
patient39167,8
patient39168,6
patient39169,3
patient39170,5
patient39171,6
patient39172,1
patient39173,4
patient39174,4
patient39175,1
patient39176,1
patient39177,4
patient39178,19
patient39179,1
patient39180,4
patient39181,2
patient39182,1
patient39183,2
patient39184,2
patient39185,2
patient39186,2
patient39187,4
patient39188,2
patient39189,4
patient39190,3
patient39191,1
patient39192,2
patient39193,1
patient39194,1
patient39195,13
patient39196,11
patient39197,2
patient39198,1
patient39199,2
patient39200,1
patient39201,7
patient39202,1
patient39203,7
patient39204,3
patient39205,3
patient39206,4
patient39207,3
patient39208,1
patient39209,5
patient39210,2
patient39211,28
patient39212,6
patient39213,6
patient39214,2
patient39215,1
patient39216,3
patient39217,8
patient39218,6
patient39219,3
patient39220,4
patient39221,3
patient39222,3
patient39223,1
patient39224,3
patient39225,18
patient39226,11
patient39227,2
patient39228,12
patient39229,4
patient39230,17
patient39231,8
patient39232,3
patient39233,13
patient39234,3
patient39235,10
patient39236,5
patient39237,11
patient39238,8
patient39239,2
patient39240,3
patient39241,4
patient39242,9
patient39243,6
patient39244,5
patient39245,2
patient39246,6
patient39247,9
patient39248,3
patient39249,2
patient39250,15
patient39251,1
patient39252,1
patient39253,5
patient39254,7
patient39255,4
patient39256,6
patient39257,1
patient39258,4
patient39259,12
patient39260,1
patient39261,1
patient39262,1
patient39263,1
patient39264,1
patient39265,2
patient39266,1
patient39267,20
patient39268,2
patient39269,5
patient39270,3
patient39271,4
patient39272,2
patient39273,4
patient39274,4
patient39275,1
patient39276,1
patient39277,7
patient39278,2
patient39279,32
patient39280,10
patient39281,10
patient39282,13
patient39283,1
patient39284,6
patient39285,3
patient39286,6
patient39287,3
patient39288,3
patient39289,2
patient39290,4
patient39291,4
patient39292,4
patient39293,16
patient39294,2
patient39295,1
patient39296,1
patient39297,8
patient39298,6
patient39299,4
patient39300,6
patient39301,1
patient39302,1
patient39303,4
patient39304,4
patient39305,1
patient39306,4
patient39307,2
patient39308,1
patient39309,1
patient39310,5
patient39311,1
patient39312,1
patient39313,3
patient39314,3
patient39315,6
patient39316,9
patient39317,10
patient39318,6
patient39319,2
patient39320,1
patient39321,10
patient39322,1
patient39323,9
patient39324,3
patient39325,5
patient39326,1
patient39327,5
patient39328,1
patient39329,3
patient39330,5
patient39331,4
patient39332,6
patient39333,1
patient39334,3
patient39335,3
patient39336,5
patient39337,2
patient39338,1
patient39339,3
patient39340,7
patient39341,26
patient39342,8
patient39343,1
patient39344,26
patient39345,2
patient39346,3
patient39347,1
patient39348,4
patient39349,1
patient39350,4
patient39351,2
patient39352,9
patient39353,5
patient39354,1
patient39355,1
patient39356,9
patient39357,1
patient39358,2
patient39359,1
patient39360,4
patient39361,2
patient39362,2
patient39363,2
patient39364,5
patient39365,1
patient39366,3
patient39367,5
patient39368,2
patient39369,1
patient39370,24
patient39371,1
patient39372,12
patient39373,2
patient39374,25
patient39375,2
patient39376,4
patient39377,2
patient39378,2
patient39379,5
patient39380,4
patient39381,5
patient39382,3
patient39383,2
patient39384,4
patient39385,12
patient39386,3
patient39387,7
patient39388,3
patient39389,4
patient39390,1
patient39391,1
patient39392,2
patient39393,1
patient39394,1
patient39395,3
patient39396,1
patient39397,6
patient39398,1
patient39399,17
patient39400,10
patient39401,2
patient39402,1
patient39403,8
patient39404,3
patient39405,5
patient39406,1
patient39407,1
patient39408,8
patient39409,4
patient39410,3
patient39411,4
patient39412,5
patient39413,2
patient39414,1
patient39415,4
patient39416,2
patient39417,19
patient39418,4
patient39419,2
patient39420,1
patient39421,9
patient39422,20
patient39423,1
patient39424,6
patient39425,2
patient39426,3
patient39427,2
patient39428,4
patient39429,1
patient39430,13
patient39431,1
patient39432,3
patient39433,1
patient39434,1
patient39435,2
patient39436,5
patient39437,1
patient39438,1
patient39439,9
patient39440,5
patient39441,3
patient39442,1
patient39443,5
patient39444,4
patient39445,18
patient39446,9
patient39447,3
patient39448,1
patient39449,13
patient39450,1
patient39451,1
patient39452,3
patient39453,8
patient39454,8
patient39455,4
patient39456,6
patient39457,4
patient39458,1
patient39459,2
patient39460,4
patient39461,6
patient39462,11
patient39463,7
patient39464,1
patient39465,7
patient39466,1
patient39467,2
patient39468,1
patient39469,8
patient39470,4
patient39471,2
patient39472,7
patient39473,3
patient39474,4
patient39475,4
patient39476,2
patient39477,5
patient39478,1
patient39479,2
patient39480,1
patient39481,4
patient39482,20
patient39483,2
patient39484,1
patient39485,1
patient39486,3
patient39487,3
patient39488,1
patient39489,1
patient39490,3
patient39491,1
patient39492,3
patient39493,4
patient39494,8
patient39495,1
patient39496,9
patient39497,3
patient39498,8
patient39499,2
patient39500,1
patient39501,5
patient39502,1
patient39503,11
patient39504,1
patient39505,1
patient39506,1
patient39507,7
patient39508,6
patient39509,3
patient39510,1
patient39511,4
patient39512,2
patient39513,2
patient39514,20
patient39515,1
patient39516,1
patient39517,1
patient39518,4
patient39519,7
patient39520,4
patient39521,22
patient39522,8
patient39523,3
patient39524,1
patient39525,1
patient39526,3
patient39527,15
patient39528,2
patient39529,1
patient39530,4
patient39531,4
patient39532,5
patient39533,6
patient39534,1
patient39535,7
patient39536,10
patient39537,1
patient39538,1
patient39539,2
patient39540,1
patient39541,1
patient39542,5
patient39543,2
patient39544,4
patient39545,1
patient39546,1
patient39547,1
patient39548,2
patient39549,4
patient39550,9
patient39551,7
patient39552,3
patient39553,11
patient39554,1
patient39555,2
patient39556,3
patient39557,1
patient39558,18
patient39559,3
patient39560,1
patient39561,2
patient39562,2
patient39563,1
patient39564,3
patient39565,5
patient39566,1
patient39567,2
patient39568,5
patient39569,5
patient39570,3
patient39571,5
patient39572,5
patient39573,1
patient39574,9
patient39575,1
patient39576,1
patient39577,5
patient39578,2
patient39579,3
patient39580,7
patient39581,11
patient39582,1
patient39583,4
patient39584,1
patient39585,2
patient39586,3
patient39587,3
patient39588,1
patient39589,9
patient39590,7
patient39591,10
patient39592,1
patient39593,13
patient39594,4
patient39595,3
patient39596,5
patient39597,1
patient39598,4
patient39599,3
patient39600,2
patient39601,1
patient39602,3
patient39603,5
patient39604,4
patient39605,7
patient39606,1
patient39607,2
patient39608,4
patient39609,2
patient39610,1
patient39611,2
patient39612,4
patient39613,4
patient39614,2
patient39615,1
patient39616,8
patient39617,4
patient39618,3
patient39619,1
patient39620,2
patient39621,7
patient39622,1
patient39623,3
patient39624,10
patient39625,8
patient39626,2
patient39627,2
patient39628,6
patient39629,1
patient39630,2
patient39631,3
patient39632,4
patient39633,3
patient39634,4
patient39635,6
patient39636,1
patient39637,6
patient39638,1
patient39639,7
patient39640,8
patient39641,2
patient39642,11
patient39643,10
patient39644,22
patient39645,1
patient39646,3
patient39647,2
patient39648,2
patient39649,8
patient39650,1
patient39651,3
patient39652,2
patient39653,2
patient39654,5
patient39655,5
patient39656,1
patient39657,2
patient39658,11
patient39659,2
patient39660,5
patient39661,5
patient39662,5
patient39663,9
patient39664,1
patient39665,3
patient39666,1
patient39667,2
patient39668,3
patient39669,3
patient39670,1
patient39671,4
patient39672,3
patient39673,1
patient39674,1
patient39675,4
patient39676,25
patient39677,1
patient39678,4
patient39679,7
patient39680,9
patient39681,4
patient39682,2
patient39683,1
patient39684,3
patient39685,2
patient39686,3
patient39687,2
patient39688,5
patient39689,7
patient39690,6
patient39691,4
patient39692,1
patient39693,11
patient39694,2
patient39695,1
patient39696,6
patient39697,1
patient39698,1
patient39699,2
patient39700,5
patient39701,18
patient39702,2
patient39703,2
patient39704,8
patient39705,1
patient39706,3
patient39707,3
patient39708,2
patient39709,2
patient39710,8
patient39711,8
patient39712,9
patient39713,1
patient39714,3
patient39715,3
patient39716,3
patient39717,5
patient39718,6
patient39719,7
patient39720,2
patient39721,3
patient39722,8
patient39723,4
patient39724,6
patient39725,19
patient39726,26
patient39727,1
patient39728,4
patient39729,5
patient39730,3
patient39731,2
patient39732,4
patient39733,4
patient39734,11
patient39735,1
patient39736,5
patient39737,2
patient39738,3
patient39739,1
patient39740,10
patient39741,10
patient39742,3
patient39743,6
patient39744,3
patient39745,2
patient39746,10
patient39747,2
patient39748,7
patient39749,1
patient39750,5
patient39751,1
patient39752,2
patient39753,7
patient39754,1
patient39755,6
patient39756,2
patient39757,11
patient39758,8
patient39759,16
patient39760,2
patient39761,2
patient39762,2
patient39763,3
patient39764,9
patient39765,2
patient39766,12
patient39767,1
patient39768,8
patient39769,1
patient39770,1
patient39771,1
patient39772,21
patient39773,14
patient39774,6
patient39775,1
patient39776,2
patient39777,3
patient39778,8
patient39779,3
patient39780,3
patient39781,1
patient39782,2
patient39783,3
patient39784,2
patient39785,1
patient39786,2
patient39787,18
patient39788,20
patient39789,1
patient39790,3
patient39791,3
patient39792,6
patient39793,2
patient39794,3
patient39795,3
patient39796,3
patient39797,1
patient39798,3
patient39799,14
patient39800,3
patient39801,3
patient39802,4
patient39803,3
patient39804,2
patient39805,1
patient39806,2
patient39807,2
patient39808,1
patient39809,23
patient39810,6
patient39811,1
patient39812,5
patient39813,1
patient39814,8
patient39815,3
patient39816,1
patient39817,5
patient39818,5
patient39819,1
patient39820,1
patient39821,5
patient39822,2
patient39823,9
patient39824,1
patient39825,1
patient39826,7
patient39827,2
patient39828,13
patient39829,8
patient39830,1
patient39831,1
patient39832,4
patient39833,2
patient39834,3
patient39835,3
patient39836,3
patient39837,9
patient39838,4
patient39839,3
patient39840,13
patient39841,2
patient39842,1
patient39843,3
patient39844,1
patient39845,1
patient39846,5
patient39847,1
patient39848,8
patient39849,7
patient39850,23
patient39851,1
patient39852,4
patient39853,3
patient39854,6
patient39855,3
patient39856,1
patient39857,1
patient39858,1
patient39859,4
patient39860,2
patient39861,13
patient39862,5
patient39863,14
patient39864,3
patient39865,14
patient39866,2
patient39867,3
patient39868,6
patient39869,2
patient39870,4
patient39871,2
patient39872,9
patient39873,3
patient39874,1
patient39875,3
patient39876,1
patient39877,4
patient39878,5
patient39879,3
patient39880,3
patient39881,3
patient39882,6
patient39883,2
patient39884,14
patient39885,6
patient39886,4
patient39887,9
patient39888,3
patient39889,6
patient39890,1
patient39891,2
patient39892,2
patient39893,3
patient39894,4
patient39895,1
patient39896,3
patient39897,1
patient39898,2
patient39899,1
patient39900,3
patient39901,4
patient39902,2
patient39903,2
patient39904,1
patient39905,1
patient39906,2
patient39907,3
patient39908,1
patient39909,9
patient39910,8
patient39911,3
patient39912,3
patient39913,2
patient39914,8
patient39915,2
patient39916,3
patient39917,15
patient39918,1
patient39919,2
patient39920,1
patient39921,2
patient39922,5
patient39923,7
patient39924,4
patient39925,1
patient39926,1
patient39927,4
patient39928,2
patient39929,2
patient39930,3
patient39931,4
patient39932,11
patient39933,2
patient39934,7
patient39935,1
patient39936,2
patient39937,3
patient39938,1
patient39939,1
patient39940,1
patient39941,3
patient39942,4
patient39943,7
patient39944,2
patient39945,3
patient39946,1
patient39947,9
patient39948,3
patient39949,7
patient39950,4
patient39951,8
patient39952,7
patient39953,6
patient39954,1
patient39955,2
patient39956,5
patient39957,6
patient39958,3
patient39959,3
patient39960,3
patient39961,9
patient39962,1
patient39963,1
patient39964,1
patient39965,4
patient39966,3
patient39967,3
patient39968,4
patient39969,10
patient39970,2
patient39971,1
patient39972,1
patient39973,2
patient39974,1
patient39975,2
patient39976,1
patient39977,5
patient39978,10
patient39979,6
patient39980,5
patient39981,1
patient39982,3
patient39983,1
patient39984,6
patient39985,1
patient39986,1
patient39987,7
patient39988,3
patient39989,1
patient39990,1
patient39991,13
patient39992,12
patient39993,2
patient39994,2
patient39995,2
patient39996,1
patient39997,12
patient39998,1
patient39999,1
patient40000,8
patient40001,2
patient40002,5
patient40003,2
patient40004,1
patient40005,3
patient40006,3
patient40007,1
patient40008,23
patient40009,3
patient40010,15
patient40011,3
patient40012,10
patient40013,1
patient40014,1
patient40015,6
patient40016,11
patient40017,19
patient40018,5
patient40019,1
patient40020,1
patient40021,8
patient40022,6
patient40023,2
patient40024,1
patient40025,18
patient40026,3
patient40027,2
patient40028,6
patient40029,3
patient40030,2
patient40031,5
patient40032,4
patient40033,1
patient40034,1
patient40035,3
patient40036,1
patient40037,4
patient40038,4
patient40039,1
patient40040,4
patient40041,2
patient40042,3
patient40043,9
patient40044,3
patient40045,1
patient40046,1
patient40047,1
patient40048,1
patient40049,5
patient40050,5
patient40051,2
patient40052,2
patient40053,7
patient40054,3
patient40055,4
patient40056,5
patient40057,2
patient40058,4
patient40059,4
patient40060,3
patient40061,1
patient40062,1
patient40063,7
patient40064,2
patient40065,5
patient40066,4
patient40067,2
patient40068,4
patient40069,1
patient40070,3
patient40071,3
patient40072,1
patient40073,6
patient40074,5
patient40075,2
patient40076,8
patient40077,2
patient40078,4
patient40079,6
patient40080,1
patient40081,3
patient40082,2
patient40083,4
patient40084,3
patient40085,2
patient40086,2
patient40087,1
patient40088,2
patient40089,11
patient40090,4
patient40091,5
patient40092,8
patient40093,18
patient40094,1
patient40095,2
patient40096,6
patient40097,1
patient40098,9
patient40099,3
patient40100,4
patient40101,1
patient40102,1
patient40103,7
patient40104,4
patient40105,1
patient40106,1
patient40107,1
patient40108,8
patient40109,12
patient40110,2
patient40111,9
patient40112,1
patient40113,2
patient40114,4
patient40115,1
patient40116,1
patient40117,1
patient40118,1
patient40119,5
patient40120,9
patient40121,1
patient40122,5
patient40123,2
patient40124,2
patient40125,4
patient40126,1
patient40127,4
patient40128,3
patient40129,1
patient40130,2
patient40131,3
patient40132,2
patient40133,1
patient40134,4
patient40135,3
patient40136,5
patient40137,2
patient40138,2
patient40139,5
patient40140,4
patient40141,2
patient40142,6
patient40143,3
patient40144,2
patient40145,1
patient40146,5
patient40147,2
patient40148,1
patient40149,7
patient40150,1
patient40151,8
patient40152,13
patient40153,4
patient40154,5
patient40155,1
patient40156,6
patient40157,1
patient40158,2
patient40159,6
patient40160,1
patient40161,30
patient40162,1
patient40163,2
patient40164,4
patient40165,1
patient40166,1
patient40167,6
patient40168,5
patient40169,1
patient40170,1
patient40171,4
patient40172,1
patient40173,1
patient40174,3
patient40175,3
patient40176,3
patient40177,2
patient40178,2
patient40179,1
patient40180,1
patient40181,3
patient40182,5
patient40183,6
patient40184,7
patient40185,26
patient40186,5
patient40187,5
patient40188,7
patient40189,2
patient40190,4
patient40191,1
patient40192,1
patient40193,3
patient40194,2
patient40195,3
patient40196,1
patient40197,1
patient40198,2
patient40199,3
patient40200,2
patient40201,1
patient40202,1
patient40203,3
patient40204,1
patient40205,1
patient40206,1
patient40207,4
patient40208,1
patient40209,6
patient40210,1
patient40211,1
patient40212,4
patient40213,2
patient40214,5
patient40215,3
patient40216,1
patient40217,4
patient40218,1
patient40219,2
patient40220,4
patient40221,1
patient40222,5
patient40223,3
patient40224,1
patient40225,2
patient40226,2
patient40227,2
patient40228,1
patient40229,7
patient40230,1
patient40231,2
patient40232,1
patient40233,1
patient40234,2
patient40235,18
patient40236,1
patient40237,1
patient40238,1
patient40239,2
patient40240,7
patient40241,1
patient40242,2
patient40243,2
patient40244,1
patient40245,1
patient40246,1
patient40247,31
patient40248,4
patient40249,1
patient40250,2
patient40251,3
patient40252,10
patient40253,1
patient40254,1
patient40255,3
patient40256,11
patient40257,1
patient40258,2
patient40259,13
patient40260,3
patient40261,5
patient40262,2
patient40263,4
patient40264,2
patient40265,4
patient40266,1
patient40267,1
patient40268,6
patient40269,12
patient40270,1
patient40271,1
patient40272,5
patient40273,1
patient40274,1
patient40275,1
patient40276,3
patient40277,3
patient40278,1
patient40279,6
patient40280,3
patient40281,10
patient40282,2
patient40283,2
patient40284,1
patient40285,2
patient40286,8
patient40287,10
patient40288,12
patient40289,6
patient40290,1
patient40291,5
patient40292,7
patient40293,1
patient40294,2
patient40295,5
patient40296,2
patient40297,4
patient40298,2
patient40299,2
patient40300,18
patient40301,4
patient40302,8
patient40303,9
patient40304,29
patient40305,2
patient40306,1
patient40307,13
patient40308,2
patient40309,1
patient40310,1
patient40311,2
patient40312,1
patient40313,3
patient40314,6
patient40315,3
patient40316,6
patient40317,6
patient40318,4
patient40319,2
patient40320,6
patient40321,2
patient40322,4
patient40323,2
patient40324,3
patient40325,2
patient40326,10
patient40327,2
patient40328,1
patient40329,2
patient40330,5
patient40331,4
patient40332,1
patient40333,4
patient40334,5
patient40335,3
patient40336,5
patient40337,13
patient40338,1
patient40339,1
patient40340,1
patient40341,12
patient40342,2
patient40343,2
patient40344,3
patient40345,1
patient40346,2
patient40347,1
patient40348,1
patient40349,1
patient40350,1
patient40351,1
patient40352,2
patient40353,3
patient40354,1
patient40355,1
patient40356,5
patient40357,1
patient40358,2
patient40359,3
patient40360,3
patient40361,1
patient40362,3
patient40363,10
patient40364,4
patient40365,4
patient40366,2
patient40367,5
patient40368,4
patient40369,5
patient40370,3
patient40371,1
patient40372,1
patient40373,4
patient40374,1
patient40375,1
patient40376,5
patient40377,3
patient40378,1
patient40379,4
patient40380,1
patient40381,3
patient40382,6
patient40383,3
patient40384,3
patient40385,1
patient40386,6
patient40387,2
patient40388,1
patient40389,4
patient40390,5
patient40391,1
patient40392,4
patient40393,1
patient40394,29
patient40395,15
patient40396,14
patient40397,3
patient40398,1
patient40399,1
patient40400,1
patient40401,1
patient40402,5
patient40403,1
patient40404,1
patient40405,8
patient40406,7
patient40407,3
patient40408,2
patient40409,3
patient40410,8
patient40411,2
patient40412,5
patient40413,3
patient40414,1
patient40415,2
patient40416,12
patient40417,1
patient40418,7
patient40419,4
patient40420,3
patient40421,2
patient40422,1
patient40423,10
patient40424,1
patient40425,14
patient40426,5
patient40427,2
patient40428,3
patient40429,2
patient40430,1
patient40431,3
patient40432,5
patient40433,1
patient40434,3
patient40435,4
patient40436,7
patient40437,4
patient40438,10
patient40439,1
patient40440,6
patient40441,1
patient40442,18
patient40443,18
patient40444,2
patient40445,2
patient40446,2
patient40447,6
patient40448,4
patient40449,3
patient40450,1
patient40451,2
patient40452,8
patient40453,5
patient40454,2
patient40455,1
patient40456,2
patient40457,2
patient40458,2
patient40459,6
patient40460,5
patient40461,2
patient40462,3
patient40463,7
patient40464,2
patient40465,4
patient40466,3
patient40467,3
patient40468,2
patient40469,1
patient40470,1
patient40471,2
patient40472,23
patient40473,12
patient40474,1
patient40475,1
patient40476,1
patient40477,4
patient40478,4
patient40479,2
patient40480,2
patient40481,3
patient40482,3
patient40483,1
patient40484,4
patient40485,4
patient40486,10
patient40487,20
patient40488,6
patient40489,2
patient40490,1
patient40491,3
patient40492,1
patient40493,5
patient40494,3
patient40495,2
patient40496,1
patient40497,6
patient40498,5
patient40499,1
patient40500,5
patient40501,3
patient40502,1
patient40503,7
patient40504,2
patient40505,1
patient40506,5
patient40507,2
patient40508,4
patient40509,3
patient40510,8
patient40511,1
patient40512,1
patient40513,9
patient40514,11
patient40515,4
patient40516,1
patient40517,2
patient40518,1
patient40519,1
patient40520,1
patient40521,1
patient40522,6
patient40523,2
patient40524,6
patient40525,4
patient40526,12
patient40527,3
patient40528,3
patient40529,5
patient40530,2
patient40531,4
patient40532,5
patient40533,1
patient40534,1
patient40535,2
patient40536,1
patient40537,3
patient40538,12
patient40539,1
patient40540,1
patient40541,7
patient40542,13
patient40543,4
patient40544,6
patient40545,1
patient40546,6
patient40547,1
patient40548,1
patient40549,2
patient40550,1
patient40551,2
patient40552,1
patient40553,9
patient40554,2
patient40555,2
patient40556,1
patient40557,4
patient40558,1
patient40559,2
patient40560,1
patient40561,2
patient40562,2
patient40563,2
patient40564,1
patient40565,1
patient40566,2
patient40567,1
patient40568,6
patient40569,17
patient40570,3
patient40571,2
patient40572,6
patient40573,8
patient40574,3
patient40575,1
patient40576,7
patient40577,3
patient40578,2
patient40579,3
patient40580,1
patient40581,2
patient40582,5
patient40583,1
patient40584,2
patient40585,8
patient40586,15
patient40587,1
patient40588,3
patient40589,8
patient40590,2
patient40591,4
patient40592,7
patient40593,3
patient40594,5
patient40595,2
patient40596,2
patient40597,1
patient40598,14
patient40599,1
patient40600,4
patient40601,7
patient40602,2
patient40603,8
patient40604,2
patient40605,2
patient40606,1
patient40607,3
patient40608,4
patient40609,3
patient40610,4
patient40611,2
patient40612,1
patient40613,3
patient40614,3
patient40615,3
patient40616,2
patient40617,2
patient40618,6
patient40619,2
patient40620,1
patient40621,4
patient40622,1
patient40623,2
patient40624,3
patient40625,1
patient40626,2
patient40627,1
patient40628,1
patient40629,1
patient40630,10
patient40631,5
patient40632,12
patient40633,9
patient40634,5
patient40635,4
patient40636,1
patient40637,1
patient40638,9
patient40639,1
patient40640,1
patient40641,1
patient40642,14
patient40643,1
patient40644,1
patient40645,3
patient40646,10
patient40647,2
patient40648,2
patient40649,3
patient40650,5
patient40651,4
patient40652,2
patient40653,1
patient40654,2
patient40655,1
patient40656,2
patient40657,1
patient40658,3
patient40659,6
patient40660,5
patient40661,1
patient40662,1
patient40663,1
patient40664,5
patient40665,2
patient40666,2
patient40667,1
patient40668,4
patient40669,3
patient40670,3
patient40671,1
patient40672,2
patient40673,2
patient40674,5
patient40675,2
patient40676,1
patient40677,3
patient40678,12
patient40679,3
patient40680,3
patient40681,6
patient40682,3
patient40683,3
patient40684,2
patient40685,4
patient40686,2
patient40687,2
patient40688,1
patient40689,5
patient40690,3
patient40691,3
patient40692,9
patient40693,1
patient40694,1
patient40695,4
patient40696,2
patient40697,9
patient40698,3
patient40699,2
patient40700,7
patient40701,2
patient40702,1
patient40703,4
patient40704,1
patient40705,1
patient40706,7
patient40707,5
patient40708,7
patient40709,10
patient40710,2
patient40711,3
patient40712,7
patient40713,2
patient40714,1
patient40715,1
patient40716,1
patient40717,4
patient40718,3
patient40719,1
patient40720,1
patient40721,2
patient40722,8
patient40723,4
patient40724,2
patient40725,1
patient40726,5
patient40727,3
patient40728,4
patient40729,1
patient40730,5
patient40731,1
patient40732,3
patient40733,3
patient40734,1
patient40735,4
patient40736,1
patient40737,1
patient40738,2
patient40739,1
patient40740,1
patient40741,5
patient40742,3
patient40743,9
patient40744,8
patient40745,3
patient40746,3
patient40747,1
patient40748,3
patient40749,4
patient40750,3
patient40751,1
patient40752,1
patient40753,3
patient40754,2
patient40755,1
patient40756,4
patient40757,5
patient40758,7
patient40759,1
patient40760,1
patient40761,6
patient40762,1
patient40763,4
patient40764,1
patient40765,1
patient40766,3
patient40767,1
patient40768,1
patient40769,4
patient40770,2
patient40771,1
patient40772,1
patient40773,1
patient40774,6
patient40775,3
patient40776,2
patient40777,2
patient40778,6
patient40779,8
patient40780,3
patient40781,1
patient40782,1
patient40783,1
patient40784,2
patient40785,2
patient40786,3
patient40787,2
patient40788,13
patient40789,3
patient40790,3
patient40791,4
patient40792,1
patient40793,8
patient40794,2
patient40795,2
patient40796,1
patient40797,1
patient40798,4
patient40799,6
patient40800,4
patient40801,11
patient40802,2
patient40803,1
patient40804,4
patient40805,6
patient40806,4
patient40807,2
patient40808,2
patient40809,7
patient40810,5
patient40811,1
patient40812,1
patient40813,13
patient40814,10
patient40815,3
patient40816,8
patient40817,5
patient40818,1
patient40819,3
patient40820,1
patient40821,2
patient40822,4
patient40823,2
patient40824,3
patient40825,5
patient40826,18
patient40827,2
patient40828,1
patient40829,3
patient40830,3
patient40831,1
patient40832,2
patient40833,3
patient40834,5
patient40835,1
patient40836,1
patient40837,10
patient40838,4
patient40839,3
patient40840,3
patient40841,1
patient40842,6
patient40843,5
patient40844,4
patient40845,3
patient40846,4
patient40847,2
patient40848,1
patient40849,1
patient40850,2
patient40851,7
patient40852,4
patient40853,7
patient40854,3
patient40855,1
patient40856,2
patient40857,2
patient40858,6
patient40859,2
patient40860,6
patient40861,2
patient40862,1
patient40863,1
patient40864,3
patient40865,1
patient40866,3
patient40867,3
patient40868,5
patient40869,12
patient40870,2
patient40871,2
patient40872,1
patient40873,2
patient40874,1
patient40875,2
patient40876,2
patient40877,1
patient40878,7
patient40879,1
patient40880,4
patient40881,4
patient40882,2
patient40883,5
patient40884,4
patient40885,2
patient40886,8
patient40887,2
patient40888,2
patient40889,5
patient40890,5
patient40891,3
patient40892,14
patient40893,1
patient40894,2
patient40895,1
patient40896,5
patient40897,2
patient40898,2
patient40899,5
patient40900,2
patient40901,6
patient40902,5
patient40903,4
patient40904,5
patient40905,15
patient40906,1
patient40907,1
patient40908,3
patient40909,3
patient40910,2
patient40911,6
patient40912,1
patient40913,1
patient40914,1
patient40915,9
patient40916,3
patient40917,1
patient40918,4
patient40919,1
patient40920,15
patient40921,7
patient40922,1
patient40923,1
patient40924,8
patient40925,3
patient40926,5
patient40927,12
patient40928,4
patient40929,2
patient40930,4
patient40931,3
patient40932,1
patient40933,4
patient40934,1
patient40935,9
patient40936,1
patient40937,1
patient40938,8
patient40939,5
patient40940,4
patient40941,1
patient40942,4
patient40943,4
patient40944,8
patient40945,5
patient40946,4
patient40947,1
patient40948,5
patient40949,1
patient40950,10
patient40951,5
patient40952,1
patient40953,3
patient40954,2
patient40955,5
patient40956,1
patient40957,5
patient40958,1
patient40959,2
patient40960,1
patient40961,7
patient40962,1
patient40963,5
patient40964,4
patient40965,2
patient40966,2
patient40967,3
patient40968,1
patient40969,6
patient40970,2
patient40971,1
patient40972,2
patient40973,1
patient40974,6
patient40975,5
patient40976,1
patient40977,4
patient40978,2
patient40979,2
patient40980,4
patient40981,2
patient40982,1
patient40983,1
patient40984,1
patient40985,6
patient40986,1
patient40987,14
patient40988,2
patient40989,7
patient40990,1
patient40991,2
patient40992,1
patient40993,8
patient40994,3
patient40995,1
patient40996,15
patient40997,6
patient40998,5
patient40999,3
patient41000,12
patient41001,6
patient41002,1
patient41003,9
patient41004,4
patient41005,9
patient41006,11
patient41007,1
patient41008,4
patient41009,9
patient41010,2
patient41011,2
patient41012,3
patient41013,4
patient41014,4
patient41015,5
patient41016,2
patient41017,2
patient41018,2
patient41019,3
patient41020,2
patient41021,7
patient41022,1
patient41023,8
patient41024,1
patient41025,1
patient41026,1
patient41027,4
patient41028,6
patient41029,1
patient41030,3
patient41031,1
patient41032,2
patient41033,8
patient41034,5
patient41035,6
patient41036,1
patient41037,25
patient41038,3
patient41039,1
patient41040,10
patient41041,8
patient41042,18
patient41043,1
patient41044,1
patient41045,2
patient41046,2
patient41047,3
patient41048,1
patient41049,11
patient41050,1
patient41051,3
patient41052,1
patient41053,3
patient41054,4
patient41055,2
patient41056,1
patient41057,2
patient41058,3
patient41059,8
patient41060,8
patient41061,5
patient41062,3
patient41063,3
patient41064,1
patient41065,1
patient41066,2
patient41067,2
patient41068,5
patient41069,1
patient41070,4
patient41071,1
patient41072,1
patient41073,4
patient41074,4
patient41075,2
patient41076,3
patient41077,1
patient41078,5
patient41079,5
patient41080,1
patient41081,1
patient41082,2
patient41083,2
patient41084,4
patient41085,4
patient41086,1
patient41087,3
patient41088,2
patient41089,7
patient41090,2
patient41091,1
patient41092,5
patient41093,9
patient41094,2
patient41095,1
patient41096,4
patient41097,5
patient41098,1
patient41099,3
patient41100,2
patient41101,1
patient41102,6
patient41103,10
patient41104,3
patient41105,4
patient41106,5
patient41107,1
patient41108,2
patient41109,1
patient41110,2
patient41111,1
patient41112,1
patient41113,18
patient41114,2
patient41115,5
patient41116,3
patient41117,4
patient41118,11
patient41119,2
patient41120,1
patient41121,2
patient41122,2
patient41123,4
patient41124,3
patient41125,9
patient41126,1
patient41127,3
patient41128,2
patient41129,3
patient41130,1
patient41131,6
patient41132,2
patient41133,4
patient41134,4
patient41135,3
patient41136,1
patient41137,1
patient41138,2
patient41139,1
patient41140,2
patient41141,5
patient41142,2
patient41143,1
patient41144,4
patient41145,2
patient41146,2
patient41147,4
patient41148,2
patient41149,1
patient41150,7
patient41151,1
patient41152,6
patient41153,3
patient41154,1
patient41155,9
patient41156,12
patient41157,2
patient41158,8
patient41159,2
patient41160,6
patient41161,4
patient41162,3
patient41163,5
patient41164,3
patient41165,9
patient41166,1
patient41167,2
patient41168,2
patient41169,9
patient41170,10
patient41171,17
patient41172,1
patient41173,1
patient41174,7
patient41175,1
patient41176,2
patient41177,2
patient41178,4
patient41179,1
patient41180,2
patient41181,2
patient41182,5
patient41183,3
patient41184,17
patient41185,1
patient41186,4
patient41187,1
patient41188,2
patient41189,2
patient41190,1
patient41191,2
patient41192,4
patient41193,1
patient41194,1
patient41195,2
patient41196,2
patient41197,9
patient41198,4
patient41199,6
patient41200,2
patient41201,2
patient41202,11
patient41203,1
patient41204,3
patient41205,7
patient41206,3
patient41207,2
patient41208,13
patient41209,4
patient41210,2
patient41211,3
patient41212,2
patient41213,1
patient41214,1
patient41215,4
patient41216,1
patient41217,1
patient41218,1
patient41219,7
patient41220,3
patient41221,5
patient41222,2
patient41223,5
patient41224,7
patient41225,10
patient41226,10
patient41227,1
patient41228,1
patient41229,3
patient41230,2
patient41231,2
patient41232,4
patient41233,1
patient41234,2
patient41235,29
patient41236,2
patient41237,1
patient41238,5
patient41239,3
patient41240,1
patient41241,10
patient41242,14
patient41243,2
patient41244,1
patient41245,5
patient41246,3
patient41247,1
patient41248,4
patient41249,16
patient41250,2
patient41251,1
patient41252,2
patient41253,1
patient41254,6
patient41255,4
patient41256,4
patient41257,1
patient41258,1
patient41259,4
patient41260,10
patient41261,3
patient41262,6
patient41263,2
patient41264,2
patient41265,1
patient41266,5
patient41267,5
patient41268,8
patient41269,1
patient41270,2
patient41271,3
patient41272,3
patient41273,5
patient41274,3
patient41275,1
patient41276,2
patient41277,1
patient41278,3
patient41279,7
patient41280,1
patient41281,3
patient41282,9
patient41283,8
patient41284,3
patient41285,4
patient41286,3
patient41287,1
patient41288,3
patient41289,1
patient41290,4
patient41291,9
patient41292,12
patient41293,4
patient41294,5
patient41295,3
patient41296,8
patient41297,2
patient41298,2
patient41299,1
patient41300,3
patient41301,2
patient41302,2
patient41303,2
patient41304,1
patient41305,1
patient41306,2
patient41307,3
patient41308,5
patient41309,4
patient41310,2
patient41311,6
patient41312,3
patient41313,1
patient41314,1
patient41315,1
patient41316,4
patient41317,2
patient41318,1
patient41319,2
patient41320,6
patient41321,6
patient41322,1
patient41323,1
patient41324,11
patient41325,4
patient41326,3
patient41327,8
patient41328,3
patient41329,6
patient41330,8
patient41331,9
patient41332,4
patient41333,7
patient41334,5
patient41335,4
patient41336,2
patient41337,2
patient41338,7
patient41339,3
patient41340,1
patient41341,3
patient41342,1
patient41343,4
patient41344,3
patient41345,6
patient41346,4
patient41347,2
patient41348,1
patient41349,2
patient41350,2
patient41351,9
patient41352,14
patient41353,2
patient41354,3
patient41355,18
patient41356,3
patient41357,1
patient41358,8
patient41359,2
patient41360,6
patient41361,1
patient41362,1
patient41363,5
patient41364,1
patient41365,4
patient41366,3
patient41367,10
patient41368,3
patient41369,2
patient41370,2
patient41371,2
patient41372,2
patient41373,5
patient41374,1
patient41375,3
patient41376,2
patient41377,2
patient41378,13
patient41379,2
patient41380,2
patient41381,1
patient41382,1
patient41383,2
patient41384,5
patient41385,1
patient41386,2
patient41387,12
patient41388,2
patient41389,6
patient41390,2
patient41391,2
patient41392,2
patient41393,5
patient41394,1
patient41395,1
patient41396,2
patient41397,1
patient41398,4
patient41399,6
patient41400,1
patient41401,3
patient41402,1
patient41403,1
patient41404,3
patient41405,1
patient41406,1
patient41407,1
patient41408,1
patient41409,2
patient41410,4
patient41411,15
patient41412,7
patient41413,3
patient41414,2
patient41415,1
patient41416,3
patient41417,3
patient41418,1
patient41419,2
patient41420,6
patient41421,2
patient41422,1
patient41423,3
patient41424,3
patient41425,7
patient41426,1
patient41427,2
patient41428,2
patient41429,1
patient41430,21
patient41431,4
patient41432,3
patient41433,2
patient41434,4
patient41435,4
patient41436,6
patient41437,4
patient41438,3
patient41439,1
patient41440,9
patient41441,6
patient41442,1
patient41443,1
patient41444,3
patient41445,2
patient41446,2
patient41447,5
patient41448,4
patient41449,2
patient41450,1
patient41451,2
patient41452,3
patient41453,1
patient41454,13
patient41455,4
patient41456,1
patient41457,1
patient41458,3
patient41459,2
patient41460,5
patient41461,5
patient41462,17
patient41463,1
patient41464,2
patient41465,2
patient41466,1
patient41467,1
patient41468,1
patient41469,11
patient41470,13
patient41471,3
patient41472,3
patient41473,1
patient41474,1
patient41475,2
patient41476,7
patient41477,4
patient41478,1
patient41479,1
patient41480,4
patient41481,1
patient41482,4
patient41483,2
patient41484,2
patient41485,3
patient41486,3
patient41487,3
patient41488,11
patient41489,1
patient41490,4
patient41491,6
patient41492,6
patient41493,4
patient41494,5
patient41495,2
patient41496,1
patient41497,5
patient41498,7
patient41499,6
patient41500,2
patient41501,1
patient41502,4
patient41503,1
patient41504,22
patient41505,4
patient41506,10
patient41507,1
patient41508,2
patient41509,5
patient41510,1
patient41511,6
patient41512,2
patient41513,2
patient41514,3
patient41515,5
patient41516,1
patient41517,1
patient41518,6
patient41519,1
patient41520,7
patient41521,5
patient41522,4
patient41523,6
patient41524,2
patient41525,5
patient41526,4
patient41527,1
patient41528,2
patient41529,6
patient41530,3
patient41531,1
patient41532,2
patient41533,11
patient41534,2
patient41535,5
patient41536,5
patient41537,2
patient41538,3
patient41539,1
patient41540,1
patient41541,4
patient41542,6
patient41543,3
patient41544,5
patient41545,21
patient41546,2
patient41547,5
patient41548,1
patient41549,2
patient41550,3
patient41551,2
patient41552,3
patient41553,6
patient41554,1
patient41555,2
patient41556,2
patient41557,7
patient41558,6
patient41559,1
patient41560,2
patient41561,5
patient41562,8
patient41563,1
patient41564,8
patient41565,3
patient41566,2
patient41567,1
patient41568,3
patient41569,3
patient41570,3
patient41571,1
patient41572,8
patient41573,9
patient41574,11
patient41575,3
patient41576,1
patient41577,1
patient41578,1
patient41579,3
patient41580,8
patient41581,6
patient41582,11
patient41583,1
patient41584,1
patient41585,1
patient41586,3
patient41587,1
patient41588,2
patient41589,1
patient41590,5
patient41591,5
patient41592,3
patient41593,2
patient41594,7
patient41595,1
patient41596,2
patient41597,1
patient41598,1
patient41599,4
patient41600,4
patient41601,3
patient41602,3
patient41603,5
patient41604,1
patient41605,1
patient41606,2
patient41607,4
patient41608,1
patient41609,3
patient41610,9
patient41611,4
patient41612,1
patient41613,8
patient41614,2
patient41615,5
patient41616,2
patient41617,1
patient41618,6
patient41619,6
patient41620,9
patient41621,1
patient41622,1
patient41623,10
patient41624,12
patient41625,2
patient41626,5
patient41627,1
patient41628,2
patient41629,2
patient41630,1
patient41631,4
patient41632,2
patient41633,1
patient41634,4
patient41635,1
patient41636,2
patient41637,5
patient41638,1
patient41639,4
patient41640,6
patient41641,1
patient41642,1
patient41643,1
patient41644,1
patient41645,1
patient41646,1
patient41647,1
patient41648,2
patient41649,4
patient41650,2
patient41651,1
patient41652,2
patient41653,3
patient41654,4
patient41655,1
patient41656,1
patient41657,3
patient41658,1
patient41659,4
patient41660,2
patient41661,1
patient41662,2
patient41663,4
patient41664,1
patient41665,8
patient41666,7
patient41667,2
patient41668,1
patient41669,2
patient41670,2
patient41671,9
patient41672,1
patient41673,5
patient41674,1
patient41675,9
patient41676,8
patient41677,1
patient41678,4
patient41679,1
patient41680,4
patient41681,2
patient41682,6
patient41683,2
patient41684,1
patient41685,2
patient41686,10
patient41687,12
patient41688,1
patient41689,5
patient41690,3
patient41691,2
patient41692,3
patient41693,2
patient41694,2
patient41695,5
patient41696,1
patient41697,1
patient41698,2
patient41699,2
patient41700,3
patient41701,4
patient41702,3
patient41703,4
patient41704,3
patient41705,2
patient41706,1
patient41707,9
patient41708,2
patient41709,18
patient41710,1
patient41711,4
patient41712,4
patient41713,6
patient41714,11
patient41715,1
patient41716,1
patient41717,1
patient41718,1
patient41719,2
patient41720,1
patient41721,2
patient41722,1
patient41723,4
patient41724,2
patient41725,2
patient41726,11
patient41727,4
patient41728,4
patient41729,4
patient41730,2
patient41731,1
patient41732,10
patient41733,3
patient41734,3
patient41735,5
patient41736,1
patient41737,1
patient41738,5
patient41739,2
patient41740,4
patient41741,2
patient41742,2
patient41743,6
patient41744,3
patient41745,3
patient41746,4
patient41747,1
patient41748,4
patient41749,2
patient41750,4
patient41751,1
patient41752,5
patient41753,2
patient41754,11
patient41755,3
patient41756,1
patient41757,2
patient41758,1
patient41759,2
patient41760,4
patient41761,2
patient41762,3
patient41763,2
patient41764,5
patient41765,3
patient41766,1
patient41767,5
patient41768,1
patient41769,1
patient41770,6
patient41771,4
patient41772,2
patient41773,4
patient41774,3
patient41775,2
patient41776,1
patient41777,1
patient41778,1
patient41779,9
patient41780,3
patient41781,5
patient41782,3
patient41783,5
patient41784,3
patient41785,1
patient41786,2
patient41787,4
patient41788,3
patient41789,1
patient41790,9
patient41791,8
patient41792,3
patient41793,2
patient41794,1
patient41795,2
patient41796,16
patient41797,1
patient41798,6
patient41799,2
patient41800,5
patient41801,1
patient41802,1
patient41803,3
patient41804,6
patient41805,3
patient41806,6
patient41807,12
patient41808,3
patient41809,2
patient41810,3
patient41811,17
patient41812,4
patient41813,1
patient41814,5
patient41815,5
patient41816,2
patient41817,1
patient41818,4
patient41819,5
patient41820,33
patient41821,5
patient41822,3
patient41823,5
patient41824,1
patient41825,1
patient41826,2
patient41827,2
patient41828,3
patient41829,4
patient41830,2
patient41831,2
patient41832,3
patient41833,4
patient41834,2
patient41835,10
patient41836,1
patient41837,2
patient41838,4
patient41839,2
patient41840,6
patient41841,3
patient41842,3
patient41843,2
patient41844,5
patient41845,4
patient41846,2
patient41847,1
patient41848,1
patient41849,1
patient41850,1
patient41851,2
patient41852,6
patient41853,2
patient41854,4
patient41855,3
patient41856,4
patient41857,1
patient41858,2
patient41859,4
patient41860,3
patient41861,1
patient41862,2
patient41863,2
patient41864,1
patient41865,4
patient41866,1
patient41867,4
patient41868,1
patient41869,3
patient41870,1
patient41871,4
patient41872,5
patient41873,2
patient41874,5
patient41875,2
patient41876,6
patient41877,1
patient41878,3
patient41879,4
patient41880,2
patient41881,5
patient41882,3
patient41883,15
patient41884,5
patient41885,3
patient41886,4
patient41887,1
patient41888,1
patient41889,16
patient41890,2
patient41891,6
patient41892,1
patient41893,3
patient41894,1
patient41895,1
patient41896,1
patient41897,5
patient41898,4
patient41899,2
patient41900,4
patient41901,3
patient41902,3
patient41903,1
patient41904,4
patient41905,3
patient41906,2
patient41907,1
patient41908,1
patient41909,1
patient41910,4
patient41911,11
patient41912,2
patient41913,1
patient41914,1
patient41915,4
patient41916,5
patient41917,8
patient41918,3
patient41919,2
patient41920,1
patient41921,3
patient41922,3
patient41923,4
patient41924,2
patient41925,5
patient41926,5
patient41927,5
patient41928,2
patient41929,1
patient41930,4
patient41931,1
patient41932,1
patient41933,1
patient41934,9
patient41935,2
patient41936,20
patient41937,2
patient41938,1
patient41939,3
patient41940,1
patient41941,6
patient41942,3
patient41943,6
patient41944,3
patient41945,1
patient41946,1
patient41947,1
patient41948,4
patient41949,3
patient41950,5
patient41951,1
patient41952,2
patient41953,1
patient41954,1
patient41955,1
patient41956,1
patient41957,3
patient41958,3
patient41959,1
patient41960,2
patient41961,5
patient41962,2
patient41963,1
patient41964,4
patient41965,4
patient41966,12
patient41967,10
patient41968,1
patient41969,4
patient41970,1
patient41971,5
patient41972,3
patient41973,2
patient41974,1
patient41975,1
patient41976,5
patient41977,1
patient41978,1
patient41979,13
patient41980,1
patient41981,1
patient41982,1
patient41983,2
patient41984,1
patient41985,2
patient41986,2
patient41987,2
patient41988,4
patient41989,1
patient41990,7
patient41991,2
patient41992,4
patient41993,1
patient41994,5
patient41995,4
patient41996,4
patient41997,3
patient41998,3
patient41999,2
patient42000,5
patient42001,4
patient42002,1
patient42003,1
patient42004,1
patient42005,2
patient42006,2
patient42007,1
patient42008,5
patient42009,1
patient42010,4
patient42011,1
patient42012,2
patient42013,1
patient42014,3
patient42015,5
patient42016,3
patient42017,7
patient42018,11
patient42019,1
patient42020,2
patient42021,8
patient42022,3
patient42023,4
patient42024,3
patient42025,3
patient42026,1
patient42027,13
patient42028,4
patient42029,1
patient42030,5
patient42031,2
patient42032,5
patient42033,9
patient42034,2
patient42035,1
patient42036,4
patient42037,10
patient42038,7
patient42039,1
patient42040,4
patient42041,2
patient42042,3
patient42043,3
patient42044,3
patient42045,6
patient42046,2
patient42047,2
patient42048,4
patient42049,1
patient42050,1
patient42051,1
patient42052,2
patient42053,4
patient42054,10
patient42055,2
patient42056,2
patient42057,3
patient42058,1
patient42059,11
patient42060,3
patient42061,1
patient42062,2
patient42063,2
patient42064,3
patient42065,2
patient42066,8
patient42067,3
patient42068,1
patient42069,1
patient42070,1
patient42071,6
patient42072,17
patient42073,2
patient42074,3
patient42075,4
patient42076,5
patient42077,3
patient42078,1
patient42079,1
patient42080,2
patient42081,2
patient42082,3
patient42083,2
patient42084,4
patient42085,4
patient42086,3
patient42087,1
patient42088,7
patient42089,3
patient42090,1
patient42091,3
patient42092,4
patient42093,1
patient42094,1
patient42095,2
patient42096,2
patient42097,1
patient42098,1
patient42099,1
patient42100,10
patient42101,8
patient42102,1
patient42103,7
patient42104,2
patient42105,3
patient42106,1
patient42107,3
patient42108,6
patient42109,2
patient42110,15
patient42111,1
patient42112,2
patient42113,3
patient42114,9
patient42115,2
patient42116,1
patient42117,2
patient42118,11
patient42119,2
patient42120,1
patient42121,3
patient42122,1
patient42123,1
patient42124,1
patient42125,4
patient42126,1
patient42127,2
patient42128,2
patient42129,5
patient42130,2
patient42131,1
patient42132,1
patient42133,6
patient42134,4
patient42135,1
patient42136,1
patient42137,1
patient42138,9
patient42139,4
patient42140,6
patient42141,6
patient42142,8
patient42143,1
patient42144,5
patient42145,10
patient42146,2
patient42147,1
patient42148,1
patient42149,31
patient42150,6
patient42151,13
patient42152,3
patient42153,7
patient42154,1
patient42155,1
patient42156,3
patient42157,8
patient42158,2
patient42159,11
patient42160,1
patient42161,1
patient42162,5
patient42163,1
patient42164,1
patient42165,1
patient42166,1
patient42167,2
patient42168,3
patient42169,3
patient42170,1
patient42171,1
patient42172,2
patient42173,1
patient42174,2
patient42175,3
patient42176,1
patient42177,1
patient42178,5
patient42179,1
patient42180,1
patient42181,3
patient42182,7
patient42183,1
patient42184,9
patient42185,5
patient42186,1
patient42187,2
patient42188,4
patient42189,2
patient42190,1
patient42191,1
patient42192,5
patient42193,3
patient42194,3
patient42195,1
patient42196,1
patient42197,3
patient42198,7
patient42199,1
patient42200,5
patient42201,4
patient42202,1
patient42203,2
patient42204,3
patient42205,3
patient42206,2
patient42207,3
patient42208,2
patient42209,2
patient42210,1
patient42211,6
patient42212,2
patient42213,1
patient42214,1
patient42215,3
patient42216,8
patient42217,1
patient42218,1
patient42219,3
patient42220,2
patient42221,2
patient42222,6
patient42223,5
patient42224,5
patient42225,3
patient42226,3
patient42227,6
patient42228,2
patient42229,1
patient42230,1
patient42231,2
patient42232,8
patient42233,1
patient42234,3
patient42235,6
patient42236,1
patient42237,1
patient42238,4
patient42239,8
patient42240,4
patient42241,2
patient42242,5
patient42243,8
patient42244,1
patient42245,2
patient42246,2
patient42247,4
patient42248,10
patient42249,2
patient42250,10
patient42251,4
patient42252,3
patient42253,2
patient42254,2
patient42255,4
patient42256,3
patient42257,3
patient42258,1
patient42259,1
patient42260,19
patient42261,4
patient42262,5
patient42263,6
patient42264,2
patient42265,7
patient42266,1
patient42267,2
patient42268,5
patient42269,6
patient42270,1
patient42271,1
patient42272,1
patient42273,13
patient42274,1
patient42275,6
patient42276,1
patient42277,8
patient42278,3
patient42279,5
patient42280,4
patient42281,4
patient42282,7
patient42283,1
patient42284,4
patient42285,3
patient42286,1
patient42287,1
patient42288,5
patient42289,3
patient42290,2
patient42291,1
patient42292,1
patient42293,5
patient42294,1
patient42295,7
patient42296,6
patient42297,5
patient42298,2
patient42299,1
patient42300,5
patient42301,2
patient42302,9
patient42303,1
patient42304,2
patient42305,1
patient42306,2
patient42307,1
patient42308,2
patient42309,1
patient42310,3
patient42311,1
patient42312,6
patient42313,1
patient42314,2
patient42315,1
patient42316,5
patient42317,3
patient42318,3
patient42319,1
patient42320,2
patient42321,2
patient42322,1
patient42323,1
patient42324,3
patient42325,5
patient42326,1
patient42327,8
patient42328,3
patient42329,2
patient42330,4
patient42331,2
patient42332,6
patient42333,1
patient42334,3
patient42335,1
patient42336,2
patient42337,5
patient42338,3
patient42339,2
patient42340,1
patient42341,3
patient42342,5
patient42343,2
patient42344,2
patient42345,1
patient42346,1
patient42347,1
patient42348,1
patient42349,1
patient42350,2
patient42351,1
patient42352,4
patient42353,1
patient42354,5
patient42355,6
patient42356,5
patient42357,3
patient42358,1
patient42359,3
patient42360,4
patient42361,3
patient42362,1
patient42363,1
patient42364,8
patient42365,6
patient42366,2
patient42367,1
patient42368,4
patient42369,3
patient42370,1
patient42371,1
patient42372,7
patient42373,1
patient42374,1
patient42375,7
patient42376,15
patient42377,2
patient42378,1
patient42379,2
patient42380,6
patient42381,1
patient42382,1
patient42383,3
patient42384,4
patient42385,2
patient42386,3
patient42387,1
patient42388,3
patient42389,1
patient42390,4
patient42391,4
patient42392,4
patient42393,13
patient42394,1
patient42395,2
patient42396,6
patient42397,2
patient42398,1
patient42399,8
patient42400,1
patient42401,7
patient42402,9
patient42403,8
patient42404,1
patient42405,7
patient42406,1
patient42407,4
patient42408,1
patient42409,11
patient42410,2
patient42411,3
patient42412,2
patient42413,4
patient42414,3
patient42415,3
patient42416,3
patient42417,8
patient42418,5
patient42419,4
patient42420,1
patient42421,1
patient42422,3
patient42423,3
patient42424,3
patient42425,1
patient42426,1
patient42427,3
patient42428,4
patient42429,16
patient42430,1
patient42431,2
patient42432,1
patient42433,1
patient42434,1
patient42435,2
patient42436,11
patient42437,2
patient42438,3
patient42439,1
patient42440,3
patient42441,1
patient42442,3
patient42443,4
patient42444,1
patient42445,1
patient42446,8
patient42447,10
patient42448,2
patient42449,1
patient42450,5
patient42451,2
patient42452,9
patient42453,11
patient42454,17
patient42455,1
patient42456,1
patient42457,2
patient42458,1
patient42459,1
patient42460,2
patient42461,1
patient42462,1
patient42463,2
patient42464,1
patient42465,13
patient42466,2
patient42467,6
patient42468,1
patient42469,2
patient42470,1
patient42471,1
patient42472,4
patient42473,4
patient42474,14
patient42475,6
patient42476,1
patient42477,7
patient42478,9
patient42479,1
patient42480,7
patient42481,7
patient42482,5
patient42483,1
patient42484,6
patient42485,4
patient42486,1
patient42487,10
patient42488,3
patient42489,12
patient42490,2
patient42491,3
patient42492,2
patient42493,1
patient42494,1
patient42495,1
patient42496,3
patient42497,4
patient42498,1
patient42499,2
patient42500,8
patient42501,2
patient42502,3
patient42503,3
patient42504,1
patient42505,1
patient42506,1
patient42507,1
patient42508,3
patient42509,2
patient42510,1
patient42511,4
patient42512,1
patient42513,5
patient42514,2
patient42515,1
patient42516,1
patient42517,2
patient42518,7
patient42519,5
patient42520,6
patient42521,4
patient42522,7
patient42523,1
patient42524,2
patient42525,2
patient42526,1
patient42527,3
patient42528,1
patient42529,6
patient42530,3
patient42531,4
patient42532,1
patient42533,3
patient42534,4
patient42535,10
patient42536,1
patient42537,4
patient42538,10
patient42539,2
patient42540,5
patient42541,4
patient42542,1
patient42543,1
patient42544,3
patient42545,1
patient42546,1
patient42547,7
patient42548,1
patient42549,9
patient42550,1
patient42551,8
patient42552,2
patient42553,2
patient42554,4
patient42555,1
patient42556,1
patient42557,1
patient42558,4
patient42559,2
patient42560,1
patient42561,2
patient42562,4
patient42563,2
patient42564,1
patient42565,3
patient42566,1
patient42567,5
patient42568,1
patient42569,4
patient42570,2
patient42571,2
patient42572,4
patient42573,1
patient42574,1
patient42575,4
patient42576,3
patient42577,1
patient42578,2
patient42579,4
patient42580,4
patient42581,5
patient42582,1
patient42583,1
patient42584,3
patient42585,2
patient42586,3
patient42587,9
patient42588,1
patient42589,1
patient42590,5
patient42591,6
patient42592,3
patient42593,2
patient42594,1
patient42595,10
patient42596,4
patient42597,4
patient42598,3
patient42599,10
patient42600,1
patient42601,4
patient42602,1
patient42603,1
patient42604,1
patient42605,1
patient42606,1
patient42607,3
patient42608,12
patient42609,6
patient42610,3
patient42611,2
patient42612,1
patient42613,2
patient42614,1
patient42615,1
patient42616,1
patient42617,1
patient42618,1
patient42619,2
patient42620,2
patient42621,10
patient42622,4
patient42623,5
patient42624,6
patient42625,1
patient42626,2
patient42627,1
patient42628,1
patient42629,2
patient42630,1
patient42631,4
patient42632,1
patient42633,4
patient42634,1
patient42635,3
patient42636,2
patient42637,3
patient42638,10
patient42639,11
patient42640,3
patient42641,23
patient42642,1
patient42643,1
patient42644,2
patient42645,3
patient42646,8
patient42647,3
patient42648,1
patient42649,2
patient42650,5
patient42651,1
patient42652,7
patient42653,1
patient42654,8
patient42655,12
patient42656,5
patient42657,4
patient42658,2
patient42659,1
patient42660,1
patient42661,6
patient42662,6
patient42663,3
patient42664,1
patient42665,2
patient42666,6
patient42667,2
patient42668,4
patient42669,7
patient42670,1
patient42671,2
patient42672,11
patient42673,3
patient42674,3
patient42675,1
patient42676,11
patient42677,1
patient42678,6
patient42679,1
patient42680,3
patient42681,2
patient42682,2
patient42683,1
patient42684,4
patient42685,1
patient42686,6
patient42687,20
patient42688,2
patient42689,2
patient42690,5
patient42691,2
patient42692,1
patient42693,2
patient42694,18
patient42695,1
patient42696,1
patient42697,1
patient42698,1
patient42699,5
patient42700,2
patient42701,2
patient42702,1
patient42703,5
patient42704,3
patient42705,3
patient42706,1
patient42707,15
patient42708,8
patient42709,2
patient42710,1
patient42711,1
patient42712,2
patient42713,2
patient42714,1
patient42715,11
patient42716,2
patient42717,2
patient42718,6
patient42719,2
patient42720,10
patient42721,3
patient42722,1
patient42723,2
patient42724,8
patient42725,1
patient42726,1
patient42727,6
patient42728,1
patient42729,1
patient42730,2
patient42731,1
patient42732,1
patient42733,13
patient42734,1
patient42735,17
patient42736,1
patient42737,1
patient42738,3
patient42739,2
patient42740,4
patient42741,1
patient42742,4
patient42743,5
patient42744,3
patient42745,1
patient42746,2
patient42747,3
patient42748,3
patient42749,1
patient42750,1
patient42751,1
patient42752,11
patient42753,2
patient42754,6
patient42755,6
patient42756,1
patient42757,7
patient42758,1
patient42759,2
patient42760,3
patient42761,3
patient42762,1
patient42763,2
patient42764,1
patient42765,3
patient42766,1
patient42767,6
patient42768,5
patient42769,6
patient42770,1
patient42771,2
patient42772,10
patient42773,3
patient42774,2
patient42775,2
patient42776,5
patient42777,1
patient42778,2
patient42779,2
patient42780,8
patient42781,3
patient42782,7
patient42783,3
patient42784,1
patient42785,6
patient42786,2
patient42787,2
patient42788,3
patient42789,1
patient42790,1
patient42791,3
patient42792,3
patient42793,2
patient42794,3
patient42795,8
patient42796,4
patient42797,1
patient42798,10
patient42799,2
patient42800,2
patient42801,6
patient42802,1
patient42803,3
patient42804,10
patient42805,6
patient42806,2
patient42807,1
patient42808,1
patient42809,1
patient42810,1
patient42811,10
patient42812,10
patient42813,5
patient42814,1
patient42815,3
patient42816,2
patient42817,2
patient42818,3
patient42819,8
patient42820,1
patient42821,14
patient42822,1
patient42823,1
patient42824,6
patient42825,1
patient42826,1
patient42827,3
patient42828,3
patient42829,11
patient42830,6
patient42831,3
patient42832,3
patient42833,1
patient42834,2
patient42835,10
patient42836,8
patient42837,2
patient42838,2
patient42839,1
patient42840,2
patient42841,3
patient42842,5
patient42843,3
patient42844,3
patient42845,1
patient42846,2
patient42847,4
patient42848,1
patient42849,1
patient42850,2
patient42851,2
patient42852,2
patient42853,8
patient42854,5
patient42855,4
patient42856,5
patient42857,2
patient42858,1
patient42859,1
patient42860,5
patient42861,3
patient42862,4
patient42863,5
patient42864,3
patient42865,2
patient42866,1
patient42867,2
patient42868,2
patient42869,2
patient42870,2
patient42871,1
patient42872,1
patient42873,1
patient42874,1
patient42875,1
patient42876,2
patient42877,1
patient42878,1
patient42879,6
patient42880,11
patient42881,1
patient42882,1
patient42883,4
patient42884,3
patient42885,7
patient42886,2
patient42887,1
patient42888,2
patient42889,1
patient42890,4
patient42891,2
patient42892,5
patient42893,2
patient42894,1
patient42895,1
patient42896,2
patient42897,4
patient42898,5
patient42899,8
patient42900,6
patient42901,3
patient42902,5
patient42903,1
patient42904,2
patient42905,2
patient42906,3
patient42907,6
patient42908,13
patient42909,6
patient42910,3
patient42911,3
patient42912,4
patient42913,1
patient42914,11
patient42915,6
patient42916,6
patient42917,2
patient42918,3
patient42919,2
patient42920,6
patient42921,2
patient42922,1
patient42923,6
patient42924,13
patient42925,1
patient42926,9
patient42927,2
patient42928,5
patient42929,1
patient42930,1
patient42931,4
patient42932,2
patient42933,2
patient42934,1
patient42935,1
patient42936,6
patient42937,4
patient42938,2
patient42939,1
patient42940,5
patient42941,2
patient42942,2
patient42943,2
patient42944,2
patient42945,2
patient42946,2
patient42947,1
patient42948,5
patient42949,5
patient42950,4
patient42951,1
patient42952,4
patient42953,1
patient42954,6
patient42955,4
patient42956,2
patient42957,2
patient42958,11
patient42959,2
patient42960,2
patient42961,1
patient42962,1
patient42963,1
patient42964,2
patient42965,1
patient42966,3
patient42967,1
patient42968,4
patient42969,8
patient42970,2
patient42971,7
patient42972,2
patient42973,10
patient42974,11
patient42975,1
patient42976,1
patient42977,1
patient42978,10
patient42979,1
patient42980,1
patient42981,3
patient42982,1
patient42983,3
patient42984,2
patient42985,2
patient42986,3
patient42987,3
patient42988,1
patient42989,1
patient42990,2
patient42991,3
patient42992,2
patient42993,4
patient42994,4
patient42995,7
patient42996,6
patient42997,1
patient42998,3
patient42999,5
patient43000,5
patient43001,1
patient43002,3
patient43003,4
patient43004,6
patient43005,8
patient43006,1
patient43007,7
patient43008,9
patient43009,2
patient43010,1
patient43011,3
patient43012,1
patient43013,1
patient43014,2
patient43015,6
patient43016,4
patient43017,5
patient43018,2
patient43019,6
patient43020,4
patient43021,1
patient43022,6
patient43023,2
patient43024,1
patient43025,2
patient43026,10
patient43027,1
patient43028,5
patient43029,1
patient43030,4
patient43031,6
patient43032,2
patient43033,11
patient43034,1
patient43035,1
patient43036,2
patient43037,8
patient43038,2
patient43039,3
patient43040,1
patient43041,6
patient43042,1
patient43043,5
patient43044,5
patient43045,1
patient43046,4
patient43047,3
patient43048,1
patient43049,1
patient43050,3
patient43051,2
patient43052,15
patient43053,3
patient43054,1
patient43055,1
patient43056,3
patient43057,2
patient43058,1
patient43059,2
patient43060,6
patient43061,5
patient43062,1
patient43063,2
patient43064,1
patient43065,4
patient43066,2
patient43067,1
patient43068,1
patient43069,5
patient43070,1
patient43071,3
patient43072,2
patient43073,5
patient43074,1
patient43075,4
patient43076,1
patient43077,1
patient43078,5
patient43079,1
patient43080,2
patient43081,2
patient43082,1
patient43083,7
patient43084,1
patient43085,1
patient43086,1
patient43087,1
patient43088,9
patient43089,9
patient43090,2
patient43091,1
patient43092,1
patient43093,2
patient43094,2
patient43095,2
patient43096,2
patient43097,1
patient43098,1
patient43099,1
patient43100,1
patient43101,3
patient43102,3
patient43103,4
patient43104,2
patient43105,2
patient43106,1
patient43107,5
patient43108,3
patient43109,4
patient43110,3
patient43111,6
patient43112,2
patient43113,3
patient43114,6
patient43115,2
patient43116,11
patient43117,7
patient43118,1
patient43119,8
patient43120,1
patient43121,1
patient43122,3
patient43123,3
patient43124,3
patient43125,1
patient43126,10
patient43127,9
patient43128,1
patient43129,1
patient43130,2
patient43131,2
patient43132,1
patient43133,12
patient43134,5
patient43135,4
patient43136,2
patient43137,2
patient43138,3
patient43139,2
patient43140,4
patient43141,3
patient43142,3
patient43143,3
patient43144,2
patient43145,2
patient43146,6
patient43147,3
patient43148,12
patient43149,3
patient43150,3
patient43151,1
patient43152,1
patient43153,1
patient43154,1
patient43155,1
patient43156,3
patient43157,1
patient43158,2
patient43159,3
patient43160,2
patient43161,2
patient43162,1
patient43163,1
patient43164,4
patient43165,4
patient43166,4
patient43167,2
patient43168,5
patient43169,1
patient43170,1
patient43171,1
patient43172,6
patient43173,1
patient43174,1
patient43175,2
patient43176,10
patient43177,3
patient43178,1
patient43179,3
patient43180,5
patient43181,1
patient43182,2
patient43183,3
patient43184,3
patient43185,3
patient43186,5
patient43187,4
patient43188,6
patient43189,5
patient43190,1
patient43191,1
patient43192,1
patient43193,1
patient43194,14
patient43195,1
patient43196,1
patient43197,4
patient43198,1
patient43199,1
patient43200,1
patient43201,4
patient43202,2
patient43203,5
patient43204,3
patient43205,7
patient43206,1
patient43207,4
patient43208,1
patient43209,3
patient43210,5
patient43211,3
patient43212,2
patient43213,2
patient43214,1
patient43215,2
patient43216,4
patient43217,1
patient43218,1
patient43219,1
patient43220,1
patient43221,1
patient43222,2
patient43223,3
patient43224,3
patient43225,9
patient43226,9
patient43227,1
patient43228,1
patient43229,6
patient43230,3
patient43231,4
patient43232,3
patient43233,1
patient43234,3
patient43235,1
patient43236,4
patient43237,1
patient43238,1
patient43239,2
patient43240,2
patient43241,3
patient43242,8
patient43243,6
patient43244,3
patient43245,10
patient43246,4
patient43247,3
patient43248,2
patient43249,4
patient43250,1
patient43251,2
patient43252,1
patient43253,2
patient43254,2
patient43255,4
patient43256,7
patient43257,4
patient43258,5
patient43259,1
patient43260,2
patient43261,1
patient43262,5
patient43263,7
patient43264,1
patient43265,1
patient43266,3
patient43267,2
patient43268,3
patient43269,3
patient43270,1
patient43271,2
patient43272,1
patient43273,2
patient43274,5
patient43275,1
patient43276,3
patient43277,1
patient43278,2
patient43279,2
patient43280,3
patient43281,1
patient43282,1
patient43283,2
patient43284,2
patient43285,2
patient43286,8
patient43287,2
patient43288,2
patient43289,1
patient43290,4
patient43291,15
patient43292,10
patient43293,2
patient43294,3
patient43295,5
patient43296,1
patient43297,2
patient43298,7
patient43299,5
patient43300,5
patient43301,2
patient43302,2
patient43303,2
patient43304,3
patient43305,1
patient43306,2
patient43307,1
patient43308,6
patient43309,1
patient43310,1
patient43311,9
patient43312,2
patient43313,2
patient43314,2
patient43315,1
patient43316,4
patient43317,4
patient43318,3
patient43319,5
patient43320,2
patient43321,1
patient43322,9
patient43323,1
patient43324,4
patient43325,1
patient43326,1
patient43327,3
patient43328,5
patient43329,2
patient43330,2
patient43331,4
patient43332,1
patient43333,2
patient43334,2
patient43335,3
patient43336,2
patient43337,1
patient43338,1
patient43339,2
patient43340,2
patient43341,3
patient43342,1
patient43343,12
patient43344,4
patient43345,1
patient43346,1
patient43347,5
patient43348,4
patient43349,1
patient43350,1
patient43351,1
patient43352,1
patient43353,12
patient43354,6
patient43355,1
patient43356,3
patient43357,1
patient43358,8
patient43359,3
patient43360,1
patient43361,3
patient43362,2
patient43363,5
patient43364,3
patient43365,1
patient43366,6
patient43367,2
patient43368,1
patient43369,2
patient43370,1
patient43371,6
patient43372,11
patient43373,5
patient43374,2
patient43375,1
patient43376,7
patient43377,5
patient43378,1
patient43379,2
patient43380,1
patient43381,3
patient43382,4
patient43383,3
patient43384,14
patient43385,4
patient43386,2
patient43387,2
patient43388,13
patient43389,4
patient43390,3
patient43391,3
patient43392,2
patient43393,1
patient43394,8
patient43395,2
patient43396,3
patient43397,1
patient43398,1
patient43399,1
patient43400,3
patient43401,2
patient43402,1
patient43403,2
patient43404,2
patient43405,2
patient43406,4
patient43407,8
patient43408,1
patient43409,4
patient43410,1
patient43411,5
patient43412,3
patient43413,9
patient43414,1
patient43415,2
patient43416,9
patient43417,4
patient43418,2
patient43419,2
patient43420,11
patient43421,4
patient43422,1
patient43423,3
patient43424,2
patient43425,1
patient43426,11
patient43427,1
patient43428,1
patient43429,6
patient43430,1
patient43431,1
patient43432,2
patient43433,1
patient43434,1
patient43435,2
patient43436,1
patient43437,1
patient43438,1
patient43439,2
patient43440,3
patient43441,3
patient43442,10
patient43443,1
patient43444,1
patient43445,1
patient43446,1
patient43447,1
patient43448,2
patient43449,1
patient43450,1
patient43451,5
patient43452,1
patient43453,2
patient43454,3
patient43455,1
patient43456,7
patient43457,9
patient43458,3
patient43459,1
patient43460,2
patient43461,2
patient43462,2
patient43463,2
patient43464,1
patient43465,3
patient43466,3
patient43467,1
patient43468,2
patient43469,4
patient43470,2
patient43471,8
patient43472,6
patient43473,1
patient43474,1
patient43475,5
patient43476,4
patient43477,8
patient43478,9
patient43479,2
patient43480,5
patient43481,1
patient43482,5
patient43483,1
patient43484,6
patient43485,5
patient43486,3
patient43487,1
patient43488,4
patient43489,4
patient43490,1
patient43491,3
patient43492,1
patient43493,7
patient43494,8
patient43495,1
patient43496,2
patient43497,9
patient43498,1
patient43499,2
patient43500,1
patient43501,6
patient43502,3
patient43503,1
patient43504,5
patient43505,5
patient43506,2
patient43507,2
patient43508,3
patient43509,2
patient43510,2
patient43511,8
patient43512,1
patient43513,2
patient43514,4
patient43515,2
patient43516,1
patient43517,5
patient43518,2
patient43519,1
patient43520,2
patient43521,2
patient43522,1
patient43523,3
patient43524,3
patient43525,12
patient43526,3
patient43527,3
patient43528,3
patient43529,5
patient43530,3
patient43531,1
patient43532,1
patient43533,3
patient43534,1
patient43535,3
patient43536,2
patient43537,2
patient43538,4
patient43539,1
patient43540,2
patient43541,2
patient43542,11
patient43543,6
patient43544,1
patient43545,2
patient43546,5
patient43547,1
patient43548,3
patient43549,1
patient43550,2
patient43551,6
patient43552,2
patient43553,2
patient43554,3
patient43555,1
patient43556,2
patient43557,8
patient43558,3
patient43559,1
patient43560,5
patient43561,1
patient43562,3
patient43563,1
patient43564,2
patient43565,1
patient43566,3
patient43567,4
patient43568,4
patient43569,1
patient43570,3
patient43571,4
patient43572,4
patient43573,1
patient43574,3
patient43575,2
patient43576,1
patient43577,1
patient43578,3
patient43579,1
patient43580,3
patient43581,1
patient43582,8
patient43583,2
patient43584,1
patient43585,3
patient43586,3
patient43587,1
patient43588,2
patient43589,2
patient43590,1
patient43591,6
patient43592,3
patient43593,3
patient43594,1
patient43595,2
patient43596,3
patient43597,2
patient43598,1
patient43599,7
patient43600,1
patient43601,4
patient43602,11
patient43603,4
patient43604,2
patient43605,3
patient43606,2
patient43607,4
patient43608,5
patient43609,6
patient43610,2
patient43611,2
patient43612,2
patient43613,1
patient43614,7
patient43615,2
patient43616,2
patient43617,3
patient43618,1
patient43619,1
patient43620,4
patient43621,2
patient43622,2
patient43623,2
patient43624,9
patient43625,4
patient43626,1
patient43627,2
patient43628,2
patient43629,7
patient43630,5
patient43631,3
patient43632,4
patient43633,1
patient43634,3
patient43635,1
patient43636,2
patient43637,1
patient43638,3
patient43639,2
patient43640,6
patient43641,1
patient43642,1
patient43643,5
patient43644,2
patient43645,3
patient43646,3
patient43647,1
patient43648,8
patient43649,3
patient43650,3
patient43651,3
patient43652,1
patient43653,7
patient43654,9
patient43655,2
patient43656,6
patient43657,14
patient43658,5
patient43659,4
patient43660,1
patient43661,2
patient43662,1
patient43663,1
patient43664,4
patient43665,1
patient43666,4
patient43667,3
patient43668,3
patient43669,5
patient43670,3
patient43671,2
patient43672,1
patient43673,1
patient43674,1
patient43675,4
patient43676,4
patient43677,7
patient43678,2
patient43679,2
patient43680,5
patient43681,17
patient43682,1
patient43683,2
patient43684,1
patient43685,1
patient43686,7
patient43687,1
patient43688,3
patient43689,1
patient43690,4
patient43691,10
patient43692,3
patient43693,6
patient43694,2
patient43695,2
patient43696,2
patient43697,3
patient43698,4
patient43699,3
patient43700,3
patient43701,2
patient43702,1
patient43703,2
patient43704,2
patient43705,5
patient43706,4
patient43707,4
patient43708,26
patient43709,2
patient43710,1
patient43711,1
patient43712,2
patient43713,1
patient43714,1
patient43715,4
patient43716,5
patient43717,7
patient43718,2
patient43719,6
patient43720,4
patient43721,3
patient43722,1
patient43723,2
patient43724,2
patient43725,4
patient43726,1
patient43727,1
patient43728,2
patient43729,1
patient43730,2
patient43731,5
patient43732,2
patient43733,1
patient43734,2
patient43735,1
patient43736,4
patient43737,7
patient43738,3
patient43739,2
patient43740,1
patient43741,3
patient43742,3
patient43743,3
patient43744,2
patient43745,4
patient43746,1
patient43747,4
patient43748,3
patient43749,2
patient43750,10
patient43751,4
patient43752,3
patient43753,5
patient43754,6
patient43755,5
patient43756,1
patient43757,5
patient43758,2
patient43759,2
patient43760,3
patient43761,1
patient43762,2
patient43763,7
patient43764,4
patient43765,4
patient43766,3
patient43767,5
patient43768,1
patient43769,2
patient43770,3
patient43771,5
patient43772,1
patient43773,10
patient43774,2
patient43775,4
patient43776,1
patient43777,3
patient43778,2
patient43779,1
patient43780,1
patient43781,1
patient43782,1
patient43783,1
patient43784,2
patient43785,6
patient43786,8
patient43787,2
patient43788,1
patient43789,1
patient43790,5
patient43791,2
patient43792,9
patient43793,1
patient43794,1
patient43795,1
patient43796,1
patient43797,3
patient43798,7
patient43799,1
patient43800,13
patient43801,1
patient43802,1
patient43803,1
patient43804,11
patient43805,1
patient43806,1
patient43807,2
patient43808,1
patient43809,1
patient43810,7
patient43811,8
patient43812,2
patient43813,5
patient43814,7
patient43815,2
patient43816,2
patient43817,2
patient43818,3
patient43819,2
patient43820,2
patient43821,5
patient43822,4
patient43823,2
patient43824,1
patient43825,2
patient43826,2
patient43827,4
patient43828,3
patient43829,3
patient43830,5
patient43831,1
patient43832,1
patient43833,1
patient43834,3
patient43835,1
patient43836,3
patient43837,3
patient43838,3
patient43839,7
patient43840,6
patient43841,2
patient43842,4
patient43843,1
patient43844,4
patient43845,1
patient43846,5
patient43847,6
patient43848,2
patient43849,3
patient43850,1
patient43851,3
patient43852,2
patient43853,11
patient43854,9
patient43855,3
patient43856,2
patient43857,1
patient43858,8
patient43859,2
patient43860,3
patient43861,7
patient43862,4
patient43863,3
patient43864,2
patient43865,2
patient43866,2
patient43867,5
patient43868,15
patient43869,1
patient43870,2
patient43871,3
patient43872,4
patient43873,1
patient43874,6
patient43875,1
patient43876,1
patient43877,2
patient43878,1
patient43879,4
patient43880,1
patient43881,2
patient43882,1
patient43883,1
patient43884,2
patient43885,1
patient43886,1
patient43887,5
patient43888,1
patient43889,2
patient43890,2
patient43891,1
patient43892,6
patient43893,1
patient43894,2
patient43895,1
patient43896,6
patient43897,3
patient43898,3
patient43899,13
patient43900,7
patient43901,2
patient43902,5
patient43903,1
patient43904,4
patient43905,1
patient43906,3
patient43907,1
patient43908,1
patient43909,3
patient43910,1
patient43911,5
patient43912,1
patient43913,3
patient43914,5
patient43915,1
patient43916,1
patient43917,6
patient43918,3
patient43919,2
patient43920,9
patient43921,1
patient43922,15
patient43923,2
patient43924,2
patient43925,1
patient43926,10
patient43927,1
patient43928,1
patient43929,1
patient43930,4
patient43931,5
patient43932,2
patient43933,8
patient43934,1
patient43935,6
patient43936,4
patient43937,1
patient43938,1
patient43939,3
patient43940,1
patient43941,3
patient43942,2
patient43943,16
patient43944,1
patient43945,5
patient43946,1
patient43947,4
patient43948,1
patient43949,1
patient43950,2
patient43951,2
patient43952,1
patient43953,3
patient43954,1
patient43955,1
patient43956,2
patient43957,3
patient43958,9
patient43959,4
patient43960,5
patient43961,2
patient43962,3
patient43963,4
patient43964,2
patient43965,1
patient43966,2
patient43967,2
patient43968,5
patient43969,2
patient43970,3
patient43971,5
patient43972,6
patient43973,2
patient43974,1
patient43975,2
patient43976,3
patient43977,2
patient43978,2
patient43979,2
patient43980,1
patient43981,2
patient43982,1
patient43983,2
patient43984,2
patient43985,1
patient43986,1
patient43987,1
patient43988,1
patient43989,2
patient43990,2
patient43991,2
patient43992,1
patient43993,1
patient43994,7
patient43995,2
patient43996,1
patient43997,5
patient43998,1
patient43999,5
patient44000,4
patient44001,5
patient44002,11
patient44003,2
patient44004,2
patient44005,2
patient44006,2
patient44007,4
patient44008,1
patient44009,2
patient44010,3
patient44011,3
patient44012,1
patient44013,2
patient44014,2
patient44015,2
patient44016,1
patient44017,1
patient44018,1
patient44019,4
patient44020,5
patient44021,5
patient44022,1
patient44023,3
patient44024,2
patient44025,3
patient44026,3
patient44027,1
patient44028,1
patient44029,3
patient44030,5
patient44031,1
patient44032,1
patient44033,1
patient44034,2
patient44035,3
patient44036,4
patient44037,2
patient44038,4
patient44039,6
patient44040,4
patient44041,4
patient44042,1
patient44043,2
patient44044,7
patient44045,2
patient44046,3
patient44047,2
patient44048,2
patient44049,4
patient44050,2
patient44051,1
patient44052,3
patient44053,11
patient44054,4
patient44055,2
patient44056,2
patient44057,3
patient44058,1
patient44059,1
patient44060,4
patient44061,2
patient44062,2
patient44063,1
patient44064,2
patient44065,8
patient44066,1
patient44067,1
patient44068,1
patient44069,3
patient44070,1
patient44071,1
patient44072,2
patient44073,1
patient44074,2
patient44075,4
patient44076,2
patient44077,2
patient44078,2
patient44079,2
patient44080,1
patient44081,3
patient44082,14
patient44083,8
patient44084,7
patient44085,3
patient44086,3
patient44087,1
patient44088,7
patient44089,3
patient44090,4
patient44091,1
patient44092,3
patient44093,5
patient44094,5
patient44095,3
patient44096,3
patient44097,1
patient44098,2
patient44099,3
patient44100,1
patient44101,1
patient44102,1
patient44103,1
patient44104,1
patient44105,2
patient44106,2
patient44107,2
patient44108,1
patient44109,1
patient44110,4
patient44111,2
patient44112,1
patient44113,1
patient44114,5
patient44115,1
patient44116,1
patient44117,7
patient44118,9
patient44119,2
patient44120,1
patient44121,3
patient44122,4
patient44123,3
patient44124,3
patient44125,9
patient44126,1
patient44127,1
patient44128,1
patient44129,8
patient44130,13
patient44131,3
patient44132,9
patient44133,1
patient44134,1
patient44135,2
patient44136,1
patient44137,3
patient44138,1
patient44139,6
patient44140,5
patient44141,1
patient44142,1
patient44143,3
patient44144,2
patient44145,2
patient44146,3
patient44147,1
patient44148,4
patient44149,2
patient44150,2
patient44151,5
patient44152,5
patient44153,1
patient44154,1
patient44155,1
patient44156,2
patient44157,3
patient44158,1
patient44159,3
patient44160,4
patient44161,1
patient44162,1
patient44163,3
patient44164,1
patient44165,1
patient44166,1
patient44167,1
patient44168,1
patient44169,2
patient44170,4
patient44171,7
patient44172,1
patient44173,6
patient44174,2
patient44175,2
patient44176,3
patient44177,1
patient44178,2
patient44179,1
patient44180,1
patient44181,2
patient44182,1
patient44183,7
patient44184,7
patient44185,13
patient44186,1
patient44187,3
patient44188,3
patient44189,3
patient44190,12
patient44191,1
patient44192,6
patient44193,1
patient44194,9
patient44195,5
patient44196,1
patient44197,2
patient44198,3
patient44199,1
patient44200,7
patient44201,8
patient44202,7
patient44203,4
patient44204,2
patient44205,3
patient44206,1
patient44207,2
patient44208,1
patient44209,2
patient44210,1
patient44211,2
patient44212,1
patient44213,1
patient44214,2
patient44215,3
patient44216,2
patient44217,1
patient44218,6
patient44219,2
patient44220,2
patient44221,7
patient44222,1
patient44223,3
patient44224,10
patient44225,4
patient44226,2
patient44227,1
patient44228,3
patient44229,3
patient44230,2
patient44231,1
patient44232,3
patient44233,5
patient44234,1
patient44235,8
patient44236,2
patient44237,4
patient44238,1
patient44239,11
patient44240,5
patient44241,2
patient44242,1
patient44243,3
patient44244,1
patient44245,3
patient44246,7
patient44247,1
patient44248,4
patient44249,1
patient44250,1
patient44251,1
patient44252,12
patient44253,1
patient44254,3
patient44255,2
patient44256,2
patient44257,2
patient44258,1
patient44259,2
patient44260,5
patient44261,2
patient44262,2
patient44263,1
patient44264,2
patient44265,2
patient44266,1
patient44267,6
patient44268,4
patient44269,2
patient44270,6
patient44271,6
patient44272,1
patient44273,2
patient44274,1
patient44275,5
patient44276,2
patient44277,4
patient44278,2
patient44279,1
patient44280,4
patient44281,1
patient44282,1
patient44283,1
patient44284,2
patient44285,2
patient44286,1
patient44287,2
patient44288,2
patient44289,5
patient44290,1
patient44291,2
patient44292,6
patient44293,3
patient44294,2
patient44295,3
patient44296,1
patient44297,1
patient44298,3
patient44299,6
patient44300,2
patient44301,1
patient44302,1
patient44303,6
patient44304,2
patient44305,1
patient44306,2
patient44307,1
patient44308,2
patient44309,5
patient44310,1
patient44311,1
patient44312,3
patient44313,5
patient44314,5
patient44315,2
patient44316,2
patient44317,4
patient44318,6
patient44319,3
patient44320,5
patient44321,2
patient44322,5
patient44323,2
patient44324,1
patient44325,2
patient44326,1
patient44327,2
patient44328,3
patient44329,1
patient44330,1
patient44331,3
patient44332,1
patient44333,2
patient44334,6
patient44335,6
patient44336,1
patient44337,1
patient44338,8
patient44339,6
patient44340,1
patient44341,1
patient44342,7
patient44343,1
patient44344,1
patient44345,2
patient44346,2
patient44347,1
patient44348,1
patient44349,2
patient44350,1
patient44351,1
patient44352,3
patient44353,1
patient44354,1
patient44355,1
patient44356,2
patient44357,1
patient44358,3
patient44359,3
patient44360,6
patient44361,2
patient44362,2
patient44363,3
patient44364,1
patient44365,6
patient44366,2
patient44367,2
patient44368,2
patient44369,3
patient44370,5
patient44371,4
patient44372,2
patient44373,2
patient44374,4
patient44375,5
patient44376,1
patient44377,1
patient44378,2
patient44379,4
patient44380,3
patient44381,1
patient44382,1
patient44383,2
patient44384,1
patient44385,2
patient44386,3
patient44387,7
patient44388,4
patient44389,1
patient44390,16
patient44391,2
patient44392,11
patient44393,3
patient44394,2
patient44395,4
patient44396,5
patient44397,4
patient44398,11
patient44399,1
patient44400,2
patient44401,1
patient44402,5
patient44403,3
patient44404,3
patient44405,8
patient44406,10
patient44407,7
patient44408,2
patient44409,7
patient44410,3
patient44411,1
patient44412,3
patient44413,2
patient44414,9
patient44415,3
patient44416,9
patient44417,7
patient44418,2
patient44419,5
patient44420,1
patient44421,14
patient44422,2
patient44423,3
patient44424,1
patient44425,3
patient44426,4
patient44427,4
patient44428,1
patient44429,8
patient44430,3
patient44431,9
patient44432,2
patient44433,1
patient44434,3
patient44435,1
patient44436,1
patient44437,11
patient44438,2
patient44439,1
patient44440,1
patient44441,1
patient44442,8
patient44443,1
patient44444,2
patient44445,1
patient44446,2
patient44447,11
patient44448,12
patient44449,1
patient44450,2
patient44451,3
patient44452,1
patient44453,3
patient44454,2
patient44455,6
patient44456,2
patient44457,3
patient44458,1
patient44459,2
patient44460,10
patient44461,3
patient44462,2
patient44463,2
patient44464,1
patient44465,4
patient44466,1
patient44467,3
patient44468,3
patient44469,1
patient44470,3
patient44471,6
patient44472,2
patient44473,1
patient44474,4
patient44475,3
patient44476,1
patient44477,1
patient44478,2
patient44479,7
patient44480,2
patient44481,1
patient44482,4
patient44483,1
patient44484,1
patient44485,1
patient44486,3
patient44487,2
patient44488,6
patient44489,3
patient44490,3
patient44491,1
patient44492,6
patient44493,1
patient44494,3
patient44495,5
patient44496,1
patient44497,1
patient44498,9
patient44499,1
patient44500,1
patient44501,1
patient44502,4
patient44503,7
patient44504,1
patient44505,1
patient44506,1
patient44507,1
patient44508,9
patient44509,5
patient44510,4
patient44511,3
patient44512,2
patient44513,7
patient44514,1
patient44515,1
patient44516,2
patient44517,1
patient44518,1
patient44519,1
patient44520,3
patient44521,3
patient44522,7
patient44523,4
patient44524,1
patient44525,1
patient44526,8
patient44527,1
patient44528,2
patient44529,12
patient44530,6
patient44531,2
patient44532,1
patient44533,2
patient44534,3
patient44535,2
patient44536,6
patient44537,5
patient44538,2
patient44539,1
patient44540,1
patient44541,20
patient44542,4
patient44543,6
patient44544,1
patient44545,2
patient44546,1
patient44547,3
patient44548,5
patient44549,1
patient44550,3
patient44551,3
patient44552,7
patient44553,1
patient44554,2
patient44555,3
patient44556,2
patient44557,2
patient44558,2
patient44559,1
patient44560,3
patient44561,1
patient44562,5
patient44563,6
patient44564,7
patient44565,1
patient44566,2
patient44567,3
patient44568,6
patient44569,10
patient44570,2
patient44571,1
patient44572,1
patient44573,1
patient44574,3
patient44575,6
patient44576,2
patient44577,3
patient44578,2
patient44579,2
patient44580,4
patient44581,3
patient44582,2
patient44583,3
patient44584,1
patient44585,1
patient44586,1
patient44587,1
patient44588,1
patient44589,2
patient44590,9
patient44591,1
patient44592,2
patient44593,1
patient44594,3
patient44595,4
patient44596,2
patient44597,6
patient44598,2
patient44599,3
patient44600,4
patient44601,3
patient44602,5
patient44603,2
patient44604,3
patient44605,4
patient44606,3
patient44607,3
patient44608,3
patient44609,1
patient44610,2
patient44611,2
patient44612,4
patient44613,1
patient44614,3
patient44615,3
patient44616,3
patient44617,1
patient44618,4
patient44619,3
patient44620,1
patient44621,2
patient44622,2
patient44623,5
patient44624,3
patient44625,6
patient44626,12
patient44627,1
patient44628,17
patient44629,3
patient44630,2
patient44631,1
patient44632,5
patient44633,2
patient44634,1
patient44635,3
patient44636,2
patient44637,1
patient44638,3
patient44639,7
patient44640,2
patient44641,3
patient44642,2
patient44643,5
patient44644,3
patient44645,4
patient44646,3
patient44647,1
patient44648,2
patient44649,3
patient44650,1
patient44651,1
patient44652,1
patient44653,2
patient44654,1
patient44655,3
patient44656,1
patient44657,5
patient44658,2
patient44659,2
patient44660,4
patient44661,4
patient44662,7
patient44663,9
patient44664,2
patient44665,1
patient44666,1
patient44667,3
patient44668,2
patient44669,3
patient44670,1
patient44671,3
patient44672,3
patient44673,2
patient44674,1
patient44675,3
patient44676,1
patient44677,2
patient44678,1
patient44679,7
patient44680,2
patient44681,2
patient44682,1
patient44683,6
patient44684,2
patient44685,3
patient44686,5
patient44687,1
patient44688,1
patient44689,5
patient44690,2
patient44691,2
patient44692,4
patient44693,5
patient44694,5
patient44695,2
patient44696,4
patient44697,1
patient44698,4
patient44699,4
patient44700,3
patient44701,8
patient44702,2
patient44703,1
patient44704,8
patient44705,2
patient44706,2
patient44707,2
patient44708,2
patient44709,2
patient44710,4
patient44711,1
patient44712,5
patient44713,1
patient44714,4
patient44715,4
patient44716,2
patient44717,1
patient44718,1
patient44719,4
patient44720,4
patient44721,2
patient44722,1
patient44723,1
patient44724,4
patient44725,1
patient44726,1
patient44727,3
patient44728,2
patient44729,1
patient44730,9
patient44731,5
patient44732,1
patient44733,2
patient44734,4
patient44735,1
patient44736,3
patient44737,6
patient44738,1
patient44739,3
patient44740,7
patient44741,4
patient44742,1
patient44743,1
patient44744,1
patient44745,1
patient44746,3
patient44747,4
patient44748,2
patient44749,3
patient44750,3
patient44751,1
patient44752,2
patient44753,1
patient44754,4
patient44755,1
patient44756,1
patient44757,4
patient44758,3
patient44759,1
patient44760,7
patient44761,1
patient44762,2
patient44763,3
patient44764,1
patient44765,1
patient44766,3
patient44767,1
patient44768,1
patient44769,2
patient44770,3
patient44771,2
patient44772,2
patient44773,10
patient44774,1
patient44775,4
patient44776,2
patient44777,2
patient44778,2
patient44779,4
patient44780,10
patient44781,4
patient44782,2
patient44783,2
patient44784,1
patient44785,2
patient44786,7
patient44787,2
patient44788,3
patient44789,14
patient44790,2
patient44791,4
patient44792,6
patient44793,2
patient44794,1
patient44795,5
patient44796,1
patient44797,1
patient44798,3
patient44799,7
patient44800,1
patient44801,4
patient44802,3
patient44803,3
patient44804,1
patient44805,5
patient44806,5
patient44807,1
patient44808,6
patient44809,5
patient44810,1
patient44811,1
patient44812,6
patient44813,9
patient44814,2
patient44815,2
patient44816,1
patient44817,5
patient44818,1
patient44819,1
patient44820,5
patient44821,2
patient44822,1
patient44823,2
patient44824,6
patient44825,2
patient44826,2
patient44827,1
patient44828,8
patient44829,4
patient44830,2
patient44831,2
patient44832,1
patient44833,1
patient44834,6
patient44835,1
patient44836,19
patient44837,3
patient44838,3
patient44839,2
patient44840,1
patient44841,1
patient44842,1
patient44843,3
patient44844,2
patient44845,2
patient44846,1
patient44847,1
patient44848,1
patient44849,1
patient44850,2
patient44851,1
patient44852,1
patient44853,3
patient44854,2
patient44855,3
patient44856,9
patient44857,1
patient44858,3
patient44859,1
patient44860,1
patient44861,1
patient44862,1
patient44863,3
patient44864,1
patient44865,4
patient44866,2
patient44867,1
patient44868,2
patient44869,2
patient44870,2
patient44871,6
patient44872,4
patient44873,6
patient44874,1
patient44875,5
patient44876,1
patient44877,1
patient44878,2
patient44879,4
patient44880,2
patient44881,2
patient44882,3
patient44883,3
patient44884,1
patient44885,1
patient44886,1
patient44887,4
patient44888,5
patient44889,3
patient44890,3
patient44891,3
patient44892,2
patient44893,3
patient44894,2
patient44895,5
patient44896,2
patient44897,1
patient44898,1
patient44899,4
patient44900,2
patient44901,1
patient44902,1
patient44903,1
patient44904,1
patient44905,1
patient44906,4
patient44907,1
patient44908,3
patient44909,5
patient44910,10
patient44911,4
patient44912,1
patient44913,1
patient44914,3
patient44915,1
patient44916,1
patient44917,2
patient44918,6
patient44919,4
patient44920,2
patient44921,2
patient44922,9
patient44923,6
patient44924,1
patient44925,1
patient44926,6
patient44927,1
patient44928,2
patient44929,1
patient44930,1
patient44931,1
patient44932,1
patient44933,1
patient44934,1
patient44935,3
patient44936,8
patient44937,2
patient44938,8
patient44939,1
patient44940,2
patient44941,1
patient44942,2
patient44943,1
patient44944,2
patient44945,2
patient44946,5
patient44947,1
patient44948,1
patient44949,3
patient44950,5
patient44951,7
patient44952,1
patient44953,3
patient44954,6
patient44955,1
patient44956,3
patient44957,1
patient44958,1
patient44959,2
patient44960,18
patient44961,1
patient44962,3
patient44963,2
patient44964,1
patient44965,1
patient44966,4
patient44967,3
patient44968,7
patient44969,8
patient44970,9
patient44971,1
patient44972,8
patient44973,3
patient44974,3
patient44975,2
patient44976,2
patient44977,1
patient44978,6
patient44979,1
patient44980,3
patient44981,4
patient44982,6
patient44983,1
patient44984,3
patient44985,1
patient44986,1
patient44987,3
patient44988,1
patient44989,1
patient44990,2
patient44991,6
patient44992,3
patient44993,3
patient44994,2
patient44995,1
patient44996,10
patient44997,4
patient44998,3
patient44999,3
patient45000,1
patient45001,6
patient45002,3
patient45003,1
patient45004,4
patient45005,6
patient45006,3
patient45007,1
patient45008,2
patient45009,1
patient45010,4
patient45011,2
patient45012,1
patient45013,3
patient45014,1
patient45015,2
patient45016,1
patient45017,2
patient45018,3
patient45019,3
patient45020,2
patient45021,3
patient45022,5
patient45023,4
patient45024,3
patient45025,5
patient45026,2
patient45027,1
patient45028,1
patient45029,1
patient45030,3
patient45031,4
patient45032,2
patient45033,5
patient45034,3
patient45035,2
patient45036,2
patient45037,1
patient45038,9
patient45039,2
patient45040,1
patient45041,1
patient45042,5
patient45043,1
patient45044,5
patient45045,10
patient45046,12
patient45047,1
patient45048,5
patient45049,5
patient45050,9
patient45051,2
patient45052,1
patient45053,5
patient45054,1
patient45055,1
patient45056,3
patient45057,5
patient45058,3
patient45059,2
patient45060,6
patient45061,1
patient45062,1
patient45063,1
patient45064,1
patient45065,1
patient45066,8
patient45067,1
patient45068,1
patient45069,4
patient45070,4
patient45071,2
patient45072,3
patient45073,1
patient45074,3
patient45075,4
patient45076,1
patient45077,1
patient45078,1
patient45079,10
patient45080,3
patient45081,4
patient45082,7
patient45083,1
patient45084,1
patient45085,2
patient45086,6
patient45087,2
patient45088,3
patient45089,2
patient45090,1
patient45091,1
patient45092,1
patient45093,10
patient45094,5
patient45095,1
patient45096,2
patient45097,4
patient45098,7
patient45099,1
patient45100,2
patient45101,5
patient45102,3
patient45103,2
patient45104,5
patient45105,2
patient45106,4
patient45107,3
patient45108,2
patient45109,2
patient45110,5
patient45111,2
patient45112,1
patient45113,4
patient45114,15
patient45115,1
patient45116,1
patient45117,6
patient45118,1
patient45119,2
patient45120,1
patient45121,1
patient45122,1
patient45123,1
patient45124,3
patient45125,2
patient45126,3
patient45127,4
patient45128,3
patient45129,4
patient45130,1
patient45131,8
patient45132,6
patient45133,1
patient45134,1
patient45135,10
patient45136,1
patient45137,5
patient45138,1
patient45139,1
patient45140,4
patient45141,1
patient45142,1
patient45143,8
patient45144,1
patient45145,1
patient45146,2
patient45147,3
patient45148,3
patient45149,1
patient45150,10
patient45151,5
patient45152,2
patient45153,1
patient45154,2
patient45155,4
patient45156,6
patient45157,5
patient45158,6
patient45159,3
patient45160,1
patient45161,5
patient45162,4
patient45163,2
patient45164,1
patient45165,9
patient45166,6
patient45167,3
patient45168,3
patient45169,2
patient45170,4
patient45171,7
patient45172,3
patient45173,3
patient45174,1
patient45175,2
patient45176,1
patient45177,2
patient45178,4
patient45179,2
patient45180,4
patient45181,4
patient45182,2
patient45183,1
patient45184,2
patient45185,3
patient45186,2
patient45187,2
patient45188,1
patient45189,2
patient45190,2
patient45191,1
patient45192,4
patient45193,2
patient45194,1
patient45195,1
patient45196,1
patient45197,1
patient45198,1
patient45199,2
patient45200,2
patient45201,3
patient45202,2
patient45203,1
patient45204,1
patient45205,1
patient45206,7
patient45207,1
patient45208,3
patient45209,7
patient45210,1
patient45211,1
patient45212,3
patient45213,1
patient45214,1
patient45215,3
patient45216,2
patient45217,3
patient45218,1
patient45219,2
patient45220,3
patient45221,1
patient45222,1
patient45223,5
patient45224,6
patient45225,4
patient45226,4
patient45227,3
patient45228,1
patient45229,2
patient45230,1
patient45231,1
patient45232,8
patient45233,1
patient45234,1
patient45235,1
patient45236,3
patient45237,2
patient45238,1
patient45239,1
patient45240,2
patient45241,1
patient45242,7
patient45243,4
patient45244,2
patient45245,1
patient45246,3
patient45247,2
patient45248,2
patient45249,2
patient45250,2
patient45251,1
patient45252,3
patient45253,5
patient45254,4
patient45255,1
patient45256,1
patient45257,1
patient45258,10
patient45259,1
patient45260,2
patient45261,5
patient45262,3
patient45263,2
patient45264,1
patient45265,5
patient45266,3
patient45267,1
patient45268,8
patient45269,1
patient45270,1
patient45271,1
patient45272,5
patient45273,4
patient45274,1
patient45275,1
patient45276,8
patient45277,2
patient45278,3
patient45279,2
patient45280,1
patient45281,3
patient45282,1
patient45283,2
patient45284,1
patient45285,4
patient45286,3
patient45287,6
patient45288,2
patient45289,2
patient45290,2
patient45291,3
patient45292,2
patient45293,9
patient45294,1
patient45295,2
patient45296,1
patient45297,4
patient45298,1
patient45299,5
patient45300,1
patient45301,3
patient45302,7
patient45303,3
patient45304,1
patient45305,13
patient45306,4
patient45307,1
patient45308,1
patient45309,1
patient45310,3
patient45311,5
patient45312,2
patient45313,7
patient45314,1
patient45315,2
patient45316,3
patient45317,4
patient45318,6
patient45319,17
patient45320,2
patient45321,2
patient45322,3
patient45323,4
patient45324,1
patient45325,2
patient45326,6
patient45327,9
patient45328,1
patient45329,2
patient45330,2
patient45331,10
patient45332,5
patient45333,4
patient45334,2
patient45335,1
patient45336,3
patient45337,4
patient45338,2
patient45339,3
patient45340,1
patient45341,4
patient45342,6
patient45343,3
patient45344,2
patient45345,4
patient45346,2
patient45347,4
patient45348,1
patient45349,2
patient45350,5
patient45351,9
patient45352,2
patient45353,1
patient45354,1
patient45355,7
patient45356,4
patient45357,6
patient45358,1
patient45359,1
patient45360,3
patient45361,2
patient45362,1
patient45363,1
patient45364,4
patient45365,2
patient45366,2
patient45367,1
patient45368,2
patient45369,1
patient45370,1
patient45371,4
patient45372,2
patient45373,1
patient45374,4
patient45375,1
patient45376,2
patient45377,1
patient45378,1
patient45379,1
patient45380,2
patient45381,2
patient45382,3
patient45383,5
patient45384,1
patient45385,3
patient45386,2
patient45387,1
patient45388,2
patient45389,3
patient45390,2
patient45391,1
patient45392,4
patient45393,2
patient45394,2
patient45395,1
patient45396,1
patient45397,1
patient45398,1
patient45399,1
patient45400,3
patient45401,1
patient45402,1
patient45403,2
patient45404,1
patient45405,3
patient45406,3
patient45407,1
patient45408,5
patient45409,2
patient45410,1
patient45411,3
patient45412,1
patient45413,1
patient45414,2
patient45415,7
patient45416,1
patient45417,4
patient45418,10
patient45419,1
patient45420,2
patient45421,1
patient45422,1
patient45423,3
patient45424,2
patient45425,4
patient45426,6
patient45427,1
patient45428,1
patient45429,1
patient45430,2
patient45431,6
patient45432,1
patient45433,1
patient45434,1
patient45435,1
patient45436,8
patient45437,5
patient45438,1
patient45439,1
patient45440,2
patient45441,2
patient45442,7
patient45443,1
patient45444,1
patient45445,3
patient45446,1
patient45447,2
patient45448,4
patient45449,2
patient45450,1
patient45451,2
patient45452,3
patient45453,3
patient45454,9
patient45455,1
patient45456,1
patient45457,7
patient45458,3
patient45459,4
patient45460,1
patient45461,4
patient45462,4
patient45463,1
patient45464,4
patient45465,1
patient45466,5
patient45467,4
patient45468,1
patient45469,3
patient45470,2
patient45471,3
patient45472,1
patient45473,1
patient45474,4
patient45475,1
patient45476,4
patient45477,4
patient45478,4
patient45479,2
patient45480,1
patient45481,1
patient45482,1
patient45483,1
patient45484,2
patient45485,9
patient45486,1
patient45487,2
patient45488,1
patient45489,2
patient45490,2
patient45491,1
patient45492,2
patient45493,1
patient45494,2
patient45495,1
patient45496,2
patient45497,1
patient45498,3
patient45499,1
patient45500,3
patient45501,7
patient45502,5
patient45503,4
patient45504,2
patient45505,11
patient45506,5
patient45507,1
patient45508,3
patient45509,1
patient45510,1
patient45511,3
patient45512,1
patient45513,3
patient45514,3
patient45515,2
patient45516,2
patient45517,1
patient45518,2
patient45519,1
patient45520,1
patient45521,1
patient45522,2
patient45523,1
patient45524,2
patient45525,7
patient45526,1
patient45527,2
patient45528,3
patient45529,2
patient45530,4
patient45531,2
patient45532,1
patient45533,1
patient45534,6
patient45535,4
patient45536,3
patient45537,1
patient45538,2
patient45539,1
patient45540,1
patient45541,14
patient45542,1
patient45543,1
patient45544,1
patient45545,2
patient45546,3
patient45547,3
patient45549,8
patient45550,1
patient45551,3
patient45552,10
patient45553,3
patient45554,1
patient45555,2
patient45556,3
patient45557,4
patient45558,2
patient45559,2
patient45560,1
patient45561,8
patient45562,3
patient45563,1
patient45564,1
patient45565,5
patient45566,1
patient45567,1
patient45568,3
patient45569,3
patient45570,1
patient45571,2
patient45572,3
patient45573,2
patient45574,1
patient45575,15
patient45576,2
patient45577,2
patient45578,1
patient45579,3
patient45580,2
patient45581,6
patient45582,4
patient45583,4
patient45584,1
patient45585,2
patient45586,6
patient45587,3
patient45588,3
patient45589,2
patient45590,1
patient45591,2
patient45592,6
patient45593,2
patient45594,3
patient45595,1
patient45596,2
patient45597,5
patient45598,1
patient45599,1
patient45600,2
patient45601,1
patient45602,1
patient45603,1
patient45604,2
patient45605,1
patient45606,1
patient45607,1
patient45608,4
patient45609,1
patient45610,3
patient45611,1
patient45612,3
patient45613,1
patient45614,1
patient45615,2
patient45616,7
patient45617,1
patient45618,4
patient45619,6
patient45620,2
patient45621,1
patient45622,5
patient45623,1
patient45624,2
patient45625,5
patient45626,3
patient45627,1
patient45628,2
patient45629,1
patient45630,3
patient45631,3
patient45632,3
patient45633,1
patient45634,2
patient45635,1
patient45636,1
patient45637,2
patient45638,1
patient45639,2
patient45640,1
patient45641,1
patient45642,3
patient45643,1
patient45644,3
patient45645,1
patient45646,2
patient45647,2
patient45648,1
patient45649,1
patient45650,11
patient45651,4
patient45652,9
patient45653,2
patient45654,1
patient45655,8
patient45656,2
patient45657,1
patient45658,9
patient45659,1
patient45660,1
patient45661,1
patient45662,1
patient45663,1
patient45664,5
patient45665,1
patient45666,2
patient45667,1
patient45668,1
patient45669,2
patient45670,3
patient45671,2
patient45672,1
patient45673,1
patient45674,1
patient45675,4
patient45676,3
patient45677,17
patient45678,4
patient45679,1
patient45680,3
patient45681,1
patient45682,9
patient45683,4
patient45684,2
patient45685,2
patient45686,1
patient45687,2
patient45688,3
patient45689,2
patient45690,2
patient45691,1
patient45692,12
patient45693,2
patient45694,5
patient45695,2
patient45696,1
patient45697,2
patient45698,6
patient45699,1
patient45700,1
patient45701,5
patient45702,1
patient45703,2
patient45704,3
patient45705,2
patient45706,2
patient45707,3
patient45708,3
patient45709,3
patient45710,2
patient45711,7
patient45712,1
patient45713,1
patient45714,2
patient45715,1
patient45716,1
patient45717,1
patient45718,1
patient45719,1
patient45720,1
patient45721,2
patient45722,1
patient45723,7
patient45724,2
patient45725,1
patient45726,1
patient45727,3
patient45728,6
patient45729,2
patient45730,1
patient45731,1
patient45732,3
patient45733,1
patient45734,1
patient45735,5
patient45736,1
patient45737,1
patient45738,8
patient45739,1
patient45740,2
patient45741,3
patient45742,2
patient45743,3
patient45744,3
patient45745,7
patient45746,2
patient45747,13
patient45748,1
patient45749,1
patient45750,4
patient45751,2
patient45752,4
patient45753,7
patient45754,1
patient45755,1
patient45756,4
patient45757,4
patient45758,3
patient45759,1
patient45760,2
patient45761,2
patient45762,1
patient45763,3
patient45764,1
patient45765,3
patient45766,3
patient45767,1
patient45768,4
patient45769,1
patient45770,4
patient45771,3
patient45772,1
patient45773,3
patient45774,2
patient45775,2
patient45776,1
patient45777,4
patient45778,1
patient45779,1
patient45780,2
patient45781,1
patient45782,4
patient45783,2
patient45784,2
patient45785,7
patient45786,2
patient45787,8
patient45788,2
patient45789,4
patient45790,1
patient45791,2
patient45792,2
patient45793,3
patient45794,2
patient45795,4
patient45796,2
patient45797,1
patient45798,1
patient45799,1
patient45800,2
patient45801,2
patient45802,5
patient45803,7
patient45804,1
patient45805,1
patient45806,2
patient45807,2
patient45808,1
patient45809,2
patient45810,1
patient45811,1
patient45812,2
patient45813,2
patient45814,1
patient45815,3
patient45816,2
patient45817,2
patient45818,5
patient45819,2
patient45820,1
patient45821,7
patient45822,1
patient45823,1
patient45824,5
patient45825,5
patient45826,1
patient45827,4
patient45828,4
patient45829,1
patient45830,1
patient45831,4
patient45832,2
patient45833,2
patient45834,3
patient45835,5
patient45836,1
patient45837,1
patient45838,2
patient45839,4
patient45840,2
patient45841,1
patient45842,5
patient45843,1
patient45844,3
patient45845,1
patient45846,3
patient45847,3
patient45848,1
patient45849,3
patient45850,1
patient45851,1
patient45852,6
patient45853,6
patient45854,2
patient45855,8
patient45856,1
patient45857,1
patient45858,3
patient45859,5
patient45860,1
patient45861,1
patient45862,4
patient45863,2
patient45864,1
patient45865,2
patient45866,2
patient45867,2
patient45868,1
patient45869,2
patient45870,6
patient45871,1
patient45872,4
patient45873,2
patient45874,2
patient45875,2
patient45876,1
patient45877,4
patient45878,2
patient45879,2
patient45880,5
patient45881,4
patient45882,9
patient45883,2
patient45884,2
patient45885,3
patient45886,1
patient45887,6
patient45888,2
patient45889,2
patient45890,2
patient45891,1
patient45892,2
patient45893,2
patient45894,2
patient45895,3
patient45896,2
patient45897,1
patient45898,1
patient45899,6
patient45900,1
patient45901,2
patient45902,1
patient45903,2
patient45904,5
patient45905,3
patient45906,2
patient45907,3
patient45908,3
patient45909,3
patient45910,1
patient45911,5
patient45912,3
patient45913,1
patient45914,5
patient45915,1
patient45916,5
patient45917,2
patient45918,2
patient45919,2
patient45920,1
patient45921,1
patient45922,4
patient45923,1
patient45924,1
patient45925,1
patient45926,2
patient45927,2
patient45928,7
patient45929,3
patient45930,3
patient45931,2
patient45932,2
patient45933,1
patient45934,1
patient45935,1
patient45936,2
patient45937,4
patient45938,2
patient45939,2
patient45940,8
patient45941,1
patient45942,1
patient45943,1
patient45944,3
patient45945,3
patient45946,2
patient45947,2
patient45948,3
patient45949,1
patient45950,1
patient45951,1
patient45952,2
patient45953,2
patient45954,2
patient45955,1
patient45956,2
patient45957,1
patient45958,2
patient45959,1
patient45960,1
patient45961,2
patient45962,6
patient45963,1
patient45964,4
patient45965,1
patient45966,3
patient45967,5
patient45968,2
patient45969,1
patient45970,3
patient45971,1
patient45972,3
patient45973,9
patient45974,2
patient45975,2
patient45976,4
patient45977,2
patient45978,3
patient45979,1
patient45980,1
patient45981,1
patient45982,1
patient45983,1
patient45984,4
patient45985,3
patient45986,1
patient45987,1
patient45988,2
patient45989,11
patient45990,4
patient45991,2
patient45992,1
patient45993,1
patient45994,2
patient45995,8
patient45996,2
patient45997,1
patient45998,4
patient45999,1
patient46000,1
patient46001,4
patient46002,1
patient46003,2
patient46004,1
patient46005,2
patient46006,5
patient46007,4
patient46008,1
patient46009,1
patient46010,1
patient46011,7
patient46012,1
patient46013,1
patient46014,3
patient46015,2
patient46016,3
patient46017,1
patient46018,2
patient46019,1
patient46020,1
patient46021,7
patient46022,1
patient46023,1
patient46024,2
patient46025,4
patient46026,2
patient46027,3
patient46028,2
patient46029,1
patient46030,3
patient46031,1
patient46032,1
patient46033,4
patient46034,2
patient46035,3
patient46036,4
patient46037,3
patient46038,1
patient46039,4
patient46040,2
patient46041,4
patient46042,3
patient46043,1
patient46044,2
patient46045,7
patient46046,9
patient46047,3
patient46048,4
patient46049,5
patient46050,5
patient46051,4
patient46052,4
patient46053,1
patient46054,2
patient46055,8
patient46056,4
patient46057,1
patient46058,4
patient46059,4
patient46060,1
patient46061,1
patient46062,3
patient46063,12
patient46064,2
patient46065,6
patient46066,1
patient46067,4
patient46068,1
patient46069,2
patient46070,4
patient46071,2
patient46072,1
patient46073,2
patient46074,1
patient46075,3
patient46076,1
patient46077,1
patient46078,1
patient46079,5
patient46080,1
patient46081,1
patient46082,2
patient46083,4
patient46084,5
patient46085,4
patient46086,4
patient46087,2
patient46088,1
patient46089,3
patient46090,1
patient46091,1
patient46092,2
patient46093,6
patient46094,2
patient46095,1
patient46096,4
patient46097,4
patient46098,4
patient46099,2
patient46100,3
patient46101,1
patient46102,1
patient46103,2
patient46104,6
patient46105,3
patient46106,6
patient46107,1
patient46108,2
patient46109,1
patient46110,4
patient46111,3
patient46112,2
patient46113,2
patient46114,1
patient46115,1
patient46116,2
patient46117,6
patient46118,1
patient46119,2
patient46120,4
patient46121,2
patient46122,1
patient46123,1
patient46124,2
patient46125,2
patient46126,2
patient46127,1
patient46128,2
patient46129,1
patient46130,1
patient46131,3
patient46132,2
patient46133,1
patient46134,1
patient46135,4
patient46136,1
patient46137,3
patient46138,2
patient46139,1
patient46140,1
patient46141,4
patient46142,1
patient46143,2
patient46144,1
patient46145,5
patient46146,2
patient46147,2
patient46148,1
patient46149,2
patient46150,1
patient46151,6
patient46152,1
patient46153,2
patient46154,4
patient46155,5
patient46156,2
patient46157,4
patient46158,1
patient46159,2
patient46160,1
patient46161,2
patient46162,1
patient46163,4
patient46164,2
patient46165,1
patient46166,1
patient46167,4
patient46168,3
patient46169,2
patient46170,3
patient46171,5
patient46172,1
patient46173,1
patient46174,4
patient46175,5
patient46176,2
patient46177,3
patient46178,1
patient46179,1
patient46180,2
patient46181,4
patient46182,1
patient46183,2
patient46184,2
patient46185,3
patient46186,1
patient46187,2
patient46188,1
patient46189,2
patient46190,1
patient46191,5
patient46192,1
patient46193,1
patient46194,2
patient46195,2
patient46196,2
patient46197,3
patient46198,2
patient46199,1
patient46200,3
patient46201,5
patient46202,1
patient46203,1
patient46204,4
patient46205,1
patient46206,1
patient46207,2
patient46208,5
patient46209,5
patient46210,6
patient46211,1
patient46212,1
patient46213,3
patient46214,3
patient46215,1
patient46216,1
patient46217,1
patient46218,2
patient46219,3
patient46220,1
patient46221,4
patient46222,1
patient46223,1
patient46224,2
patient46225,3
patient46226,2
patient46227,1
patient46228,1
patient46229,1
patient46230,1
patient46231,1
patient46232,3
patient46233,1
patient46234,1
patient46235,1
patient46236,6
patient46237,3
patient46238,1
patient46239,2
patient46240,2
patient46241,2
patient46242,5
patient46243,5
patient46244,5
patient46245,1
patient46246,5
patient46247,2
patient46248,1
patient46249,3
patient46250,2
patient46251,5
patient46252,1
patient46253,5
patient46254,2
patient46255,2
patient46256,9
patient46257,1
patient46258,1
patient46259,1
patient46260,2
patient46261,3
patient46262,1
patient46263,1
patient46264,1
patient46265,3
patient46266,1
patient46267,6
patient46268,1
patient46269,1
patient46270,1
patient46271,3
patient46272,1
patient46273,1
patient46274,2
patient46275,1
patient46276,2
patient46277,1
patient46278,9
patient46279,2
patient46280,5
patient46281,2
patient46282,6
patient46283,4
patient46284,2
patient46285,3
patient46286,3
patient46287,4
patient46288,1
patient46289,1
patient46290,1
patient46291,1
patient46292,2
patient46293,4
patient46294,3
patient46295,3
patient46296,1
patient46297,3
patient46298,1
patient46299,3
patient46300,1
patient46301,1
patient46302,2
patient46303,2
patient46304,4
patient46305,5
patient46306,7
patient46307,2
patient46308,2
patient46309,2
patient46310,1
patient46311,4
patient46312,3
patient46313,2
patient46314,9
patient46315,1
patient46316,2
patient46317,2
patient46318,3
patient46319,3
patient46320,1
patient46321,2
patient46322,1
patient46323,4
patient46324,1
patient46325,3
patient46326,1
patient46327,1
patient46328,3
patient46329,1
patient46330,3
patient46331,2
patient46332,1
patient46333,6
patient46334,4
patient46335,2
patient46336,2
patient46337,2
patient46338,5
patient46339,1
patient46340,1
patient46341,1
patient46342,3
patient46343,8
patient46344,6
patient46345,6
patient46346,2
patient46347,4
patient46348,2
patient46349,1
patient46350,1
patient46351,3
patient46352,5
patient46353,1
patient46354,2
patient46355,1
patient46356,5
patient46357,3
patient46358,2
patient46359,1
patient46360,1
patient46361,2
patient46362,2
patient46363,3
patient46364,2
patient46365,11
patient46366,3
patient46367,3
patient46368,3
patient46369,1
patient46370,1
patient46371,2
patient46372,1
patient46373,1
patient46374,3
patient46375,1
patient46376,1
patient46377,3
patient46378,8
patient46379,2
patient46380,1
patient46381,3
patient46382,3
patient46383,4
patient46384,2
patient46385,6
patient46386,2
patient46387,1
patient46388,7
patient46389,1
patient46390,5
patient46391,2
patient46392,2
patient46393,1
patient46394,1
patient46395,2
patient46396,3
patient46397,3
patient46398,7
patient46399,2
patient46400,4
patient46401,1
patient46402,3
patient46403,1
patient46404,8
patient46405,6
patient46406,10
patient46407,1
patient46408,6
patient46409,1
patient46410,1
patient46411,2
patient46412,1
patient46413,2
patient46414,8
patient46415,3
patient46416,1
patient46417,1
patient46418,3
patient46419,3
patient46420,1
patient46421,1
patient46422,3
patient46423,3
patient46424,1
patient46425,5
patient46426,1
patient46427,1
patient46428,1
patient46429,1
patient46430,1
patient46431,1
patient46432,1
patient46433,1
patient46434,2
patient46435,1
patient46436,1
patient46437,5
patient46438,1
patient46439,5
patient46440,2
patient46441,1
patient46442,2
patient46443,1
patient46444,1
patient46445,1
patient46446,1
patient46447,8
patient46448,1
patient46449,2
patient46450,9
patient46451,6
patient46452,3
patient46453,6
patient46454,2
patient46455,3
patient46456,1
patient46457,2
patient46458,1
patient46459,1
patient46460,1
patient46461,1
patient46462,3
patient46463,9
patient46464,2
patient46465,2
patient46466,1
patient46467,6
patient46468,1
patient46469,1
patient46470,1
patient46471,2
patient46472,2
patient46473,2
patient46474,2
patient46475,1
patient46476,1
patient46477,1
patient46478,2
patient46479,1
patient46480,1
patient46481,1
patient46482,3
patient46483,1
patient46484,2
patient46485,3
patient46486,1
patient46487,1
patient46488,1
patient46489,1
patient46490,2
patient46491,1
patient46492,1
patient46493,5
patient46494,1
patient46495,1
patient46496,1
patient46497,1
patient46498,1
patient46499,3
patient46500,6
patient46501,3
patient46502,4
patient46503,3
patient46504,1
patient46505,3
patient46506,1
patient46507,1
patient46508,1
patient46509,2
patient46510,3
patient46511,2
patient46512,1
patient46513,2
patient46514,4
patient46515,2
patient46516,5
patient46517,2
patient46518,1
patient46519,2
patient46520,5
patient46521,4
patient46522,3
patient46523,4
patient46524,6
patient46525,2
patient46526,5
patient46527,2
patient46528,2
patient46529,10
patient46530,5
patient46531,1
patient46532,2
patient46533,3
patient46534,6
patient46535,3
patient46536,2
patient46537,1
patient46538,1
patient46539,1
patient46540,4
patient46541,1
patient46542,3
patient46543,2
patient46544,6
patient46545,1
patient46546,1
patient46547,2
patient46548,3
patient46549,5
patient46550,1
patient46551,2
patient46552,2
patient46553,1
patient46554,1
patient46555,2
patient46556,1
patient46557,2
patient46558,1
patient46559,2
patient46560,1
patient46561,6
patient46562,1
patient46563,1
patient46564,2
patient46565,1
patient46566,1
patient46567,4
patient46568,1
patient46569,2
patient46570,2
patient46571,1
patient46572,1
patient46573,2
patient46574,1
patient46575,2
patient46576,5
patient46577,3
patient46578,1
patient46579,8
patient46580,7
patient46581,2
patient46582,1
patient46583,1
patient46584,2
patient46585,1
patient46586,2
patient46587,1
patient46588,1
patient46589,3
patient46590,3
patient46591,1
patient46592,5
patient46593,5
patient46594,1
patient46595,1
patient46596,4
patient46597,2
patient46598,2
patient46599,6
patient46600,4
patient46601,2
patient46602,2
patient46603,2
patient46604,1
patient46605,5
patient46606,1
patient46607,2
patient46608,4
patient46609,2
patient46610,2
patient46611,1
patient46612,3
patient46613,5
patient46614,2
patient46615,2
patient46616,5
patient46617,6
patient46618,1
patient46619,1
patient46620,3
patient46621,2
patient46622,2
patient46623,2
patient46624,3
patient46625,1
patient46626,4
patient46627,2
patient46628,2
patient46629,1
patient46630,1
patient46631,5
patient46632,1
patient46633,4
patient46634,4
patient46635,6
patient46636,2
patient46637,1
patient46638,1
patient46639,1
patient46640,3
patient46641,1
patient46642,1
patient46643,3
patient46644,2
patient46645,2
patient46646,3
patient46647,1
patient46648,1
patient46649,4
patient46650,3
patient46651,1
patient46652,1
patient46653,2
patient46654,4
patient46655,1
patient46656,1
patient46657,1
patient46658,2
patient46659,1
patient46660,3
patient46661,1
patient46662,5
patient46663,1
patient46664,3
patient46665,1
patient46666,4
patient46667,4
patient46668,2
patient46669,1
patient46670,2
patient46671,5
patient46672,1
patient46673,2
patient46674,3
patient46675,3
patient46676,1
patient46677,1
patient46678,3
patient46679,18
patient46680,1
patient46681,2
patient46682,1
patient46683,1
patient46684,2
patient46685,3
patient46686,3
patient46687,2
patient46688,3
patient46689,1
patient46690,2
patient46691,2
patient46692,1
patient46693,5
patient46694,3
patient46695,1
patient46696,2
patient46697,11
patient46698,4
patient46699,2
patient46700,3
patient46701,1
patient46702,9
patient46703,5
patient46704,7
patient46705,3
patient46706,6
patient46707,3
patient46708,1
patient46709,1
patient46710,5
patient46711,1
patient46712,3
patient46713,2
patient46714,1
patient46715,3
patient46716,3
patient46717,4
patient46718,1
patient46719,2
patient46720,3
patient46721,3
patient46722,1
patient46723,1
patient46724,5
patient46725,1
patient46726,4
patient46727,4
patient46728,4
patient46729,3
patient46730,1
patient46731,3
patient46732,1
patient46733,3
patient46734,4
patient46735,1
patient46736,1
patient46737,1
patient46738,2
patient46739,4
patient46740,7
patient46741,7
patient46742,3
patient46743,1
patient46744,1
patient46745,1
patient46746,2
patient46747,1
patient46748,4
patient46749,3
patient46750,2
patient46751,2
patient46752,5
patient46753,1
patient46754,3
patient46755,3
patient46756,8
patient46757,2
patient46758,4
patient46759,1
patient46760,3
patient46761,2
patient46762,7
patient46763,1
patient46764,3
patient46765,2
patient46766,1
patient46767,1
patient46768,2
patient46769,4
patient46770,2
patient46771,1
patient46772,4
patient46773,1
patient46774,3
patient46775,1
patient46776,4
patient46777,5
patient46778,3
patient46779,3
patient46780,6
patient46781,5
patient46782,1
patient46783,2
patient46784,4
patient46785,2
patient46786,1
patient46787,4
patient46788,4
patient46789,2
patient46790,3
patient46791,1
patient46792,3
patient46793,1
patient46794,1
patient46795,3
patient46796,1
patient46797,7
patient46798,6
patient46799,5
patient46800,4
patient46801,1
patient46802,1
patient46803,2
patient46804,1
patient46805,2
patient46806,1
patient46807,2
patient46808,1
patient46809,5
patient46810,1
patient46811,2
patient46812,2
patient46813,2
patient46814,2
patient46815,2
patient46816,2
patient46817,1
patient46818,1
patient46819,2
patient46820,2
patient46821,2
patient46822,3
patient46823,4
patient46824,1
patient46825,2
patient46826,3
patient46827,1
patient46828,1
patient46829,2
patient46830,3
patient46831,3
patient46832,2
patient46833,5
patient46834,1
patient46835,3
patient46836,1
patient46837,2
patient46838,2
patient46839,2
patient46840,1
patient46841,2
patient46842,4
patient46843,1
patient46844,1
patient46845,4
patient46846,1
patient46847,4
patient46848,1
patient46849,1
patient46850,5
patient46851,1
patient46852,3
patient46853,1
patient46854,1
patient46855,6
patient46856,2
patient46857,3
patient46858,1
patient46859,2
patient46860,1
patient46861,1
patient46862,2
patient46863,3
patient46864,2
patient46865,1
patient46866,2
patient46867,1
patient46868,1
patient46869,1
patient46870,1
patient46871,3
patient46872,4
patient46873,2
patient46874,1
patient46875,2
patient46876,2
patient46877,1
patient46878,7
patient46879,5
patient46880,1
patient46881,4
patient46882,4
patient46883,2
patient46884,4
patient46885,4
patient46886,3
patient46887,1
patient46888,4
patient46889,1
patient46890,1
patient46891,2
patient46892,1
patient46893,1
patient46894,1
patient46895,2
patient46896,3
patient46897,3
patient46898,2
patient46899,2
patient46900,1
patient46901,4
patient46902,2
patient46903,2
patient46904,1
patient46905,1
patient46906,3
patient46907,1
patient46908,1
patient46909,1
patient46910,1
patient46911,1
patient46912,1
patient46913,4
patient46914,2
patient46915,1
patient46916,1
patient46917,2
patient46918,1
patient46919,3
patient46920,4
patient46921,4
patient46922,11
patient46923,1
patient46924,2
patient46925,1
patient46926,2
patient46927,1
patient46928,1
patient46929,9
patient46930,1
patient46931,3
patient46932,11
patient46933,2
patient46934,1
patient46935,3
patient46936,1
patient46937,1
patient46938,3
patient46939,1
patient46940,2
patient46941,1
patient46942,1
patient46943,2
patient46944,1
patient46945,1
patient46946,1
patient46947,4
patient46948,1
patient46949,6
patient46950,6
patient46951,1
patient46952,1
patient46953,2
patient46954,1
patient46955,1
patient46956,2
patient46957,3
patient46958,3
patient46959,3
patient46960,9
patient46961,1
patient46962,7
patient46963,4
patient46964,4
patient46965,1
patient46966,1
patient46967,4
patient46968,3
patient46969,1
patient46970,1
patient46971,1
patient46972,2
patient46973,1
patient46974,4
patient46975,1
patient46976,1
patient46977,1
patient46978,2
patient46979,1
patient46980,3
patient46981,2
patient46982,1
patient46983,2
patient46984,1
patient46985,1
patient46986,1
patient46987,3
patient46988,6
patient46989,1
patient46990,1
patient46991,9
patient46992,6
patient46993,10
patient46994,1
patient46995,2
patient46996,1
patient46997,1
patient46998,1
patient46999,4
patient47000,1
patient47001,4
patient47002,2
patient47003,2
patient47004,4
patient47005,5
patient47006,2
patient47007,2
patient47008,2
patient47009,3
patient47010,1
patient47011,1
patient47012,2
patient47013,1
patient47014,8
patient47015,3
patient47016,1
patient47017,3
patient47018,1
patient47019,2
patient47020,3
patient47021,1
patient47022,4
patient47023,1
patient47024,4
patient47025,2
patient47026,1
patient47027,3
patient47028,1
patient47029,5
patient47030,3
patient47031,2
patient47032,1
patient47033,1
patient47034,1
patient47035,1
patient47036,3
patient47037,1
patient47038,2
patient47039,3
patient47040,2
patient47041,1
patient47042,4
patient47043,5
patient47044,1
patient47045,1
patient47046,1
patient47047,1
patient47048,1
patient47049,2
patient47050,1
patient47051,1
patient47052,2
patient47053,1
patient47054,5
patient47055,1
patient47056,1
patient47057,3
patient47058,8
patient47059,1
patient47060,3
patient47061,3
patient47062,1
patient47063,10
patient47064,2
patient47065,4
patient47066,2
patient47067,1
patient47068,2
patient47069,6
patient47070,4
patient47071,1
patient47072,4
patient47073,9
patient47074,4
patient47075,8
patient47076,1
patient47077,2
patient47078,5
patient47079,3
patient47080,1
patient47081,4
patient47082,3
patient47083,1
patient47084,5
patient47085,2
patient47086,1
patient47087,3
patient47088,1
patient47089,2
patient47090,1
patient47091,2
patient47092,2
patient47093,1
patient47094,2
patient47095,9
patient47096,1
patient47097,2
patient47098,1
patient47099,2
patient47100,1
patient47101,3
patient47102,1
patient47103,1
patient47104,5
patient47105,1
patient47106,1
patient47107,3
patient47108,2
patient47109,1
patient47110,4
patient47111,1
patient47112,1
patient47113,2
patient47114,1
patient47115,3
patient47116,1
patient47117,1
patient47118,3
patient47119,4
patient47120,2
patient47121,2
patient47122,1
patient47123,4
patient47124,1
patient47125,3
patient47126,3
patient47127,2
patient47128,1
patient47129,1
patient47130,1
patient47131,1
patient47132,2
patient47133,1
patient47134,4
patient47135,1
patient47136,2
patient47137,3
patient47138,1
patient47139,6
patient47140,1
patient47141,3
patient47142,1
patient47143,1
patient47144,1
patient47145,1
patient47146,7
patient47147,1
patient47148,3
patient47149,1
patient47150,1
patient47151,1
patient47152,1
patient47153,1
patient47154,1
patient47155,9
patient47156,1
patient47157,1
patient47158,2
patient47159,4
patient47160,2
patient47161,1
patient47162,1
patient47163,2
patient47164,7
patient47165,3
patient47166,7
patient47167,1
patient47168,1
patient47169,5
patient47170,1
patient47171,4
patient47172,3
patient47173,2
patient47174,7
patient47175,4
patient47176,1
patient47177,1
patient47178,3
patient47179,1
patient47180,6
patient47181,8
patient47182,5
patient47183,1
patient47184,2
patient47185,3
patient47186,1
patient47187,2
patient47188,3
patient47189,1
patient47190,2
patient47191,5
patient47192,3
patient47193,1
patient47194,1
patient47195,5
patient47196,2
patient47197,3
patient47198,3
patient47199,2
patient47200,4
patient47201,1
patient47202,2
patient47203,5
patient47204,1
patient47205,6
patient47206,1
patient47207,1
patient47208,1
patient47209,6
patient47210,1
patient47211,3
patient47212,3
patient47213,5
patient47214,2
patient47215,2
patient47216,1
patient47217,4
patient47218,4
patient47219,1
patient47220,1
patient47221,5
patient47222,2
patient47223,3
patient47224,1
patient47225,1
patient47226,3
patient47227,2
patient47228,1
patient47229,1
patient47230,5
patient47231,4
patient47232,2
patient47233,1
patient47234,1
patient47235,3
patient47236,14
patient47237,2
patient47238,2
patient47239,1
patient47240,6
patient47241,1
patient47242,1
patient47243,1
patient47244,1
patient47245,9
patient47246,2
patient47247,1
patient47248,1
patient47249,1
patient47250,4
patient47251,1
patient47252,1
patient47253,4
patient47254,4
patient47255,4
patient47256,1
patient47257,1
patient47258,3
patient47259,2
patient47260,2
patient47261,1
patient47262,4
patient47263,1
patient47264,3
patient47265,1
patient47266,3
patient47267,3
patient47268,2
patient47269,4
patient47270,4
patient47271,1
patient47272,7
patient47273,1
patient47274,6
patient47275,6
patient47276,1
patient47277,2
patient47278,1
patient47279,1
patient47280,2
patient47281,1
patient47282,1
patient47283,3
patient47284,3
patient47285,1
patient47286,1
patient47287,1
patient47288,2
patient47289,5
patient47290,1
patient47291,1
patient47292,1
patient47293,8
patient47294,1
patient47295,2
patient47296,1
patient47297,1
patient47298,2
patient47299,5
patient47300,4
patient47301,4
patient47302,1
patient47303,2
patient47304,1
patient47305,1
patient47306,2
patient47307,2
patient47308,3
patient47309,5
patient47310,1
patient47311,3
patient47312,1
patient47313,5
patient47314,1
patient47315,1
patient47316,1
patient47317,3
patient47318,4
patient47319,3
patient47320,6
patient47321,1
patient47322,1
patient47323,2
patient47324,1
patient47325,3
patient47326,19
patient47327,1
patient47328,2
patient47329,4
patient47330,3
patient47331,2
patient47332,2
patient47333,1
patient47334,8
patient47335,3
patient47336,1
patient47337,7
patient47338,1
patient47339,3
patient47340,4
patient47341,1
patient47342,3
patient47343,6
patient47344,4
patient47345,2
patient47346,2
patient47347,5
patient47348,2
patient47349,1
patient47350,1
patient47351,3
patient47352,2
patient47353,1
patient47354,3
patient47355,1
patient47356,3
patient47357,2
patient47358,1
patient47359,5
patient47360,7
patient47361,7
patient47362,5
patient47363,3
patient47364,1
patient47365,1
patient47366,2
patient47367,1
patient47368,2
patient47369,1
patient47370,1
patient47371,3
patient47372,2
patient47373,3
patient47374,1
patient47375,1
patient47376,2
patient47377,3
patient47378,1
patient47379,1
patient47380,3
patient47381,2
patient47382,3
patient47383,2
patient47384,1
patient47385,2
patient47386,2
patient47387,1
patient47388,1
patient47389,1
patient47390,2
patient47391,8
patient47392,1
patient47393,7
patient47394,1
patient47395,3
patient47396,2
patient47397,1
patient47398,3
patient47399,4
patient47400,4
patient47401,1
patient47402,5
patient47403,2
patient47404,1
patient47405,1
patient47406,2
patient47407,1
patient47408,1
patient47409,1
patient47410,3
patient47411,5
patient47412,3
patient47413,4
patient47414,5
patient47415,1
patient47416,3
patient47417,2
patient47418,2
patient47419,1
patient47420,1
patient47421,2
patient47422,2
patient47423,1
patient47424,8
patient47425,1
patient47426,3
patient47427,3
patient47428,2
patient47429,1
patient47430,1
patient47431,1
patient47432,2
patient47433,4
patient47434,3
patient47435,2
patient47436,2
patient47437,7
patient47438,1
patient47439,1
patient47440,1
patient47441,2
patient47442,1
patient47443,4
patient47444,1
patient47445,2
patient47446,4
patient47447,3
patient47448,3
patient47449,3
patient47450,3
patient47451,1
patient47452,1
patient47453,3
patient47454,3
patient47455,1
patient47456,10
patient47457,3
patient47458,12
patient47459,1
patient47460,1
patient47461,3
patient47462,1
patient47463,1
patient47464,4
patient47465,4
patient47466,1
patient47467,4
patient47468,2
patient47469,2
patient47470,4
patient47471,4
patient47472,7
patient47473,1
patient47474,2
patient47475,1
patient47476,1
patient47477,2
patient47478,3
patient47479,1
patient47480,1
patient47481,8
patient47482,1
patient47483,4
patient47484,1
patient47485,5
patient47486,4
patient47487,3
patient47488,1
patient47489,1
patient47490,2
patient47491,2
patient47492,2
patient47493,5
patient47494,1
patient47495,1
patient47496,3
patient47497,1
patient47498,5
patient47499,3
patient47500,1
patient47501,6
patient47502,9
patient47503,1
patient47504,1
patient47505,2
patient47506,2
patient47507,3
patient47508,1
patient47509,2
patient47510,2
patient47511,11
patient47512,3
patient47513,2
patient47514,7
patient47515,2
patient47516,1
patient47517,1
patient47518,3
patient47519,1
patient47520,1
patient47521,6
patient47522,1
patient47523,6
patient47524,9
patient47525,2
patient47526,1
patient47527,2
patient47528,6
patient47529,1
patient47530,2
patient47531,1
patient47532,1
patient47533,2
patient47534,1
patient47535,1
patient47536,6
patient47537,3
patient47538,6
patient47539,4
patient47540,2
patient47541,7
patient47542,1
patient47543,1
patient47544,5
patient47545,3
patient47546,1
patient47547,1
patient47548,1
patient47549,4
patient47550,6
patient47551,1
patient47552,1
patient47553,5
patient47554,4
patient47555,2
patient47556,1
patient47557,6
patient47558,2
patient47559,1
patient47560,3
patient47561,1
patient47562,2
patient47563,1
patient47564,2
patient47565,1
patient47566,9
patient47567,1
patient47568,4
patient47569,7
patient47570,2
patient47571,2
patient47572,1
patient47573,2
patient47574,18
patient47575,1
patient47576,1
patient47577,2
patient47578,1
patient47579,2
patient47580,1
patient47581,1
patient47582,1
patient47583,6
patient47584,1
patient47585,1
patient47586,2
patient47587,1
patient47588,1
patient47589,1
patient47590,2
patient47591,3
patient47592,7
patient47593,3
patient47594,2
patient47595,1
patient47596,1
patient47597,1
patient47598,1
patient47599,1
patient47600,2
patient47601,5
patient47602,3
patient47603,4
patient47604,1
patient47605,6
patient47606,2
patient47607,2
patient47608,2
patient47609,7
patient47610,1
patient47611,1
patient47612,3
patient47613,1
patient47614,2
patient47615,2
patient47616,8
patient47617,1
patient47618,3
patient47619,2
patient47620,2
patient47621,1
patient47622,5
patient47623,3
patient47624,3
patient47625,1
patient47626,2
patient47627,12
patient47628,3
patient47629,1
patient47630,5
patient47631,2
patient47632,1
patient47633,1
patient47634,3
patient47635,1
patient47636,1
patient47637,2
patient47638,2
patient47639,2
patient47640,1
patient47641,1
patient47642,4
patient47643,1
patient47644,2
patient47645,1
patient47646,1
patient47647,4
patient47648,1
patient47649,1
patient47650,1
patient47651,2
patient47652,4
patient47653,9
patient47654,4
patient47655,9
patient47656,1
patient47657,4
patient47658,1
patient47659,3
patient47660,2
patient47661,1
patient47662,1
patient47663,2
patient47664,3
patient47665,1
patient47666,2
patient47667,2
patient47668,1
patient47669,5
patient47670,1
patient47671,4
patient47672,3
patient47673,8
patient47674,3
patient47675,2
patient47676,1
patient47677,4
patient47678,2
patient47679,6
patient47680,1
patient47681,2
patient47682,1
patient47683,2
patient47684,2
patient47685,1
patient47686,3
patient47687,2
patient47688,2
patient47689,12
patient47690,1
patient47691,1
patient47692,2
patient47693,4
patient47694,2
patient47695,2
patient47696,1
patient47697,1
patient47698,1
patient47699,2
patient47700,8
patient47701,4
patient47702,1
patient47703,7
patient47704,1
patient47705,3
patient47706,2
patient47707,2
patient47708,1
patient47709,6
patient47710,4
patient47711,1
patient47712,3
patient47713,3
patient47714,2
patient47715,2
patient47716,2
patient47717,2
patient47718,2
patient47719,3
patient47720,3
patient47721,2
patient47722,4
patient47723,1
patient47724,1
patient47725,1
patient47726,7
patient47727,1
patient47728,1
patient47729,1
patient47730,4
patient47731,5
patient47732,2
patient47733,5
patient47734,1
patient47735,4
patient47736,1
patient47737,1
patient47738,2
patient47739,5
patient47740,2
patient47741,2
patient47742,1
patient47743,2
patient47744,2
patient47745,1
patient47746,1
patient47747,1
patient47748,2
patient47749,3
patient47750,3
patient47751,2
patient47752,9
patient47753,1
patient47754,2
patient47755,1
patient47756,1
patient47757,2
patient47758,2
patient47759,9
patient47760,1
patient47761,2
patient47762,1
patient47763,1
patient47764,1
patient47765,1
patient47766,2
patient47767,1
patient47768,1
patient47769,1
patient47770,7
patient47771,3
patient47772,3
patient47773,1
patient47774,4
patient47775,1
patient47776,2
patient47777,3
patient47778,4
patient47779,1
patient47780,1
patient47781,1
patient47782,5
patient47783,3
patient47784,2
patient47785,2
patient47786,1
patient47787,2
patient47788,2
patient47789,5
patient47790,1
patient47791,1
patient47792,1
patient47793,2
patient47794,1
patient47795,1
patient47796,2
patient47797,2
patient47798,1
patient47799,1
patient47800,3
patient47801,3
patient47802,2
patient47803,2
patient47804,1
patient47805,1
patient47806,3
patient47807,1
patient47808,1
patient47809,1
patient47810,1
patient47811,3
patient47812,2
patient47813,1
patient47814,4
patient47815,4
patient47816,1
patient47817,2
patient47818,3
patient47819,4
patient47820,1
patient47821,1
patient47822,1
patient47823,3
patient47824,4
patient47825,2
patient47826,1
patient47827,1
patient47828,1
patient47829,1
patient47830,1
patient47831,5
patient47832,1
patient47833,2
patient47834,1
patient47835,1
patient47836,3
patient47837,2
patient47838,1
patient47839,2
patient47840,1
patient47841,7
patient47842,1
patient47843,1
patient47844,2
patient47845,3
patient47846,1
patient47847,2
patient47848,2
patient47849,1
patient47850,1
patient47851,1
patient47852,2
patient47853,5
patient47854,3
patient47855,8
patient47856,1
patient47857,2
patient47858,3
patient47859,2
patient47860,2
patient47861,1
patient47862,2
patient47863,6
patient47864,1
patient47865,1
patient47866,3
patient47867,2
patient47868,1
patient47869,2
patient47870,2
patient47871,2
patient47872,1
patient47873,1
patient47874,2
patient47875,4
patient47876,1
patient47877,1
patient47878,2
patient47879,3
patient47880,6
patient47881,2
patient47882,1
patient47883,8
patient47884,2
patient47885,1
patient47886,1
patient47887,1
patient47888,2
patient47889,2
patient47890,2
patient47891,3
patient47892,2
patient47893,5
patient47894,3
patient47895,3
patient47896,1
patient47897,3
patient47898,1
patient47899,7
patient47900,4
patient47901,1
patient47902,5
patient47903,1
patient47904,2
patient47905,2
patient47906,2
patient47907,1
patient47908,1
patient47909,2
patient47910,2
patient47911,4
patient47912,1
patient47913,1
patient47914,1
patient47915,4
patient47916,2
patient47917,1
patient47918,3
patient47919,3
patient47920,3
patient47921,1
patient47922,3
patient47923,9
patient47924,3
patient47925,4
patient47926,1
patient47927,3
patient47928,4
patient47929,3
patient47930,2
patient47931,6
patient47932,2
patient47933,3
patient47934,2
patient47935,2
patient47936,2
patient47937,5
patient47938,4
patient47939,2
patient47940,1
patient47941,2
patient47942,1
patient47943,1
patient47944,2
patient47945,1
patient47946,5
patient47947,2
patient47948,1
patient47949,1
patient47950,1
patient47951,2
patient47952,6
patient47953,3
patient47954,4
patient47955,1
patient47956,2
patient47957,2
patient47958,1
patient47959,3
patient47960,2
patient47961,1
patient47962,12
patient47963,7
patient47964,6
patient47965,1
patient47966,7
patient47967,1
patient47968,1
patient47969,4
patient47970,1
patient47971,1
patient47972,2
patient47973,7
patient47974,1
patient47975,3
patient47976,1
patient47977,2
patient47978,1
patient47979,1
patient47980,1
patient47981,3
patient47982,1
patient47983,2
patient47984,1
patient47985,2
patient47986,1
patient47987,2
patient47988,3
patient47989,1
patient47990,4
patient47991,2
patient47992,2
patient47993,2
patient47994,5
patient47995,1
patient47996,1
patient47997,1
patient47998,2
patient47999,1
patient48000,2
patient48001,2
patient48002,3
patient48003,2
patient48004,12
patient48005,5
patient48006,3
patient48007,5
patient48008,1
patient48009,3
patient48010,2
patient48011,2
patient48012,1
patient48013,2
patient48014,7
patient48015,3
patient48016,3
patient48017,1
patient48018,6
patient48019,2
patient48020,3
patient48021,5
patient48022,2
patient48023,4
patient48024,1
patient48025,3
patient48026,2
patient48027,1
patient48028,2
patient48029,1
patient48030,3
patient48031,1
patient48032,8
patient48033,1
patient48034,2
patient48035,3
patient48036,1
patient48037,1
patient48038,1
patient48039,4
patient48040,2
patient48041,2
patient48042,7
patient48043,7
patient48044,1
patient48045,5
patient48046,2
patient48047,1
patient48048,1
patient48049,3
patient48050,1
patient48051,1
patient48052,3
patient48053,1
patient48054,1
patient48055,2
patient48056,3
patient48057,2
patient48058,1
patient48059,12
patient48060,1
patient48061,4
patient48062,4
patient48063,1
patient48064,1
patient48065,2
patient48066,2
patient48067,4
patient48068,3
patient48069,1
patient48070,2
patient48071,1
patient48072,5
patient48073,2
patient48074,3
patient48075,2
patient48076,2
patient48077,1
patient48078,3
patient48079,3
patient48080,2
patient48081,3
patient48082,2
patient48083,2
patient48084,2
patient48085,1
patient48086,2
patient48087,2
patient48088,1
patient48089,3
patient48090,4
patient48091,1
patient48092,1
patient48093,1
patient48094,2
patient48095,3
patient48096,3
patient48097,6
patient48098,3
patient48099,1
patient48100,4
patient48101,1
patient48102,4
patient48103,1
patient48104,2
patient48105,9
patient48106,4
patient48107,8
patient48108,2
patient48109,1
patient48110,2
patient48111,4
patient48112,2
patient48113,1
patient48114,1
patient48115,1
patient48116,1
patient48117,3
patient48118,1
patient48119,2
patient48120,3
patient48121,1
patient48122,1
patient48123,4
patient48124,1
patient48125,4
patient48126,1
patient48127,3
patient48128,2
patient48129,2
patient48130,1
patient48131,1
patient48132,1
patient48133,1
patient48134,1
patient48135,1
patient48136,2
patient48137,1
patient48138,2
patient48139,3
patient48140,1
patient48141,1
patient48142,1
patient48143,1
patient48144,4
patient48145,1
patient48146,4
patient48147,2
patient48148,2
patient48149,1
patient48150,2
patient48151,3
patient48152,2
patient48153,1
patient48154,1
patient48155,1
patient48156,2
patient48157,1
patient48158,1
patient48159,2
patient48160,2
patient48161,1
patient48162,1
patient48163,1
patient48164,1
patient48165,1
patient48166,3
patient48167,8
patient48168,3
patient48169,2
patient48170,3
patient48171,5
patient48172,4
patient48173,1
patient48174,1
patient48175,1
patient48176,1
patient48177,2
patient48178,4
patient48179,1
patient48180,1
patient48181,1
patient48182,1
patient48183,4
patient48184,1
patient48185,2
patient48186,1
patient48187,1
patient48188,2
patient48189,1
patient48190,1
patient48191,5
patient48192,1
patient48193,2
patient48194,2
patient48195,1
patient48196,1
patient48197,1
patient48198,7
patient48199,6
patient48200,2
patient48201,3
patient48202,2
patient48203,2
patient48204,3
patient48205,2
patient48206,4
patient48207,3
patient48208,3
patient48209,4
patient48210,1
patient48211,2
patient48212,1
patient48213,1
patient48214,3
patient48215,2
patient48216,2
patient48217,7
patient48218,1
patient48219,2
patient48220,1
patient48221,1
patient48222,3
patient48223,5
patient48224,1
patient48225,1
patient48226,3
patient48227,1
patient48228,3
patient48229,2
patient48230,2
patient48231,3
patient48232,1
patient48233,1
patient48234,1
patient48235,1
patient48236,2
patient48237,3
patient48238,1
patient48239,1
patient48240,3
patient48241,2
patient48242,2
patient48243,4
patient48244,1
patient48245,1
patient48246,2
patient48247,2
patient48248,1
patient48249,6
patient48250,2
patient48251,1
patient48252,2
patient48253,2
patient48254,2
patient48255,2
patient48256,1
patient48257,3
patient48258,6
patient48259,1
patient48260,3
patient48261,5
patient48262,1
patient48263,1
patient48264,2
patient48265,1
patient48266,3
patient48267,2
patient48268,2
patient48269,1
patient48270,3
patient48271,1
patient48272,1
patient48273,1
patient48274,1
patient48275,1
patient48276,5
patient48277,2
patient48278,2
patient48279,1
patient48280,3
patient48281,2
patient48282,1
patient48283,1
patient48284,2
patient48285,6
patient48286,1
patient48287,3
patient48288,1
patient48289,2
patient48290,3
patient48291,2
patient48292,4
patient48293,2
patient48294,1
patient48295,4
patient48296,2
patient48297,1
patient48298,1
patient48299,2
patient48300,3
patient48301,1
patient48302,2
patient48303,8
patient48304,3
patient48305,3
patient48306,1
patient48307,1
patient48308,1
patient48309,3
patient48310,1
patient48311,8
patient48312,1
patient48313,1
patient48314,2
patient48315,2
patient48316,1
patient48317,2
patient48318,2
patient48319,4
patient48320,5
patient48321,4
patient48322,2
patient48323,2
patient48324,4
patient48325,1
patient48326,2
patient48327,1
patient48328,1
patient48329,3
patient48330,1
patient48331,2
patient48332,1
patient48333,1
patient48334,1
patient48335,1
patient48336,1
patient48337,1
patient48338,1
patient48339,3
patient48340,2
patient48341,2
patient48342,2
patient48343,5
patient48344,2
patient48345,1
patient48346,6
patient48347,1
patient48348,1
patient48349,2
patient48350,6
patient48351,1
patient48352,6
patient48353,2
patient48354,2
patient48355,3
patient48356,1
patient48357,1
patient48358,6
patient48359,3
patient48360,2
patient48361,1
patient48362,2
patient48363,2
patient48364,5
patient48365,2
patient48366,2
patient48367,4
patient48368,3
patient48369,5
patient48370,1
patient48371,2
patient48372,1
patient48373,1
patient48374,3
patient48375,1
patient48376,1
patient48377,1
patient48378,1
patient48379,1
patient48380,1
patient48381,1
patient48382,1
patient48383,1
patient48384,3
patient48385,3
patient48386,4
patient48387,1
patient48388,1
patient48389,1
patient48390,3
patient48391,1
patient48392,9
patient48393,1
patient48394,1
patient48395,1
patient48396,3
patient48397,1
patient48398,1
patient48399,1
patient48400,1
patient48401,1
patient48402,1
patient48403,1
patient48404,1
patient48405,1
patient48406,1
patient48407,4
patient48408,2
patient48409,1
patient48410,6
patient48411,4
patient48412,3
patient48413,2
patient48414,1
patient48415,2
patient48416,1
patient48417,1
patient48418,4
patient48419,4
patient48420,1
patient48421,4
patient48422,4
patient48423,1
patient48424,1
patient48425,1
patient48426,2
patient48427,2
patient48428,5
patient48429,4
patient48430,1
patient48431,4
patient48432,1
patient48433,1
patient48434,2
patient48435,3
patient48436,1
patient48437,1
patient48438,2
patient48439,1
patient48440,1
patient48441,2
patient48442,1
patient48443,8
patient48444,3
patient48445,1
patient48446,1
patient48447,4
patient48448,1
patient48449,1
patient48450,5
patient48451,1
patient48452,1
patient48453,1
patient48454,2
patient48455,3
patient48456,1
patient48457,1
patient48458,2
patient48459,3
patient48460,2
patient48461,1
patient48462,4
patient48463,5
patient48464,4
patient48465,1
patient48466,1
patient48467,2
patient48468,4
patient48469,3
patient48470,1
patient48471,15
patient48472,1
patient48473,1
patient48474,1
patient48475,1
patient48476,6
patient48477,2
patient48478,1
patient48479,1
patient48480,2
patient48481,1
patient48482,1
patient48483,2
patient48484,1
patient48485,2
patient48486,6
patient48487,4
patient48488,3
patient48489,2
patient48490,3
patient48491,2
patient48492,1
patient48493,1
patient48494,2
patient48495,1
patient48496,1
patient48497,1
patient48498,3
patient48499,2
patient48500,1
patient48501,6
patient48502,2
patient48503,3
patient48504,1
patient48505,2
patient48506,3
patient48507,3
patient48508,4
patient48509,3
patient48510,3
patient48511,1
patient48512,1
patient48513,2
patient48514,4
patient48515,3
patient48516,6
patient48517,2
patient48518,3
patient48519,4
patient48520,2
patient48521,5
patient48522,4
patient48523,1
patient48524,1
patient48525,4
patient48526,3
patient48527,1
patient48528,1
patient48529,2
patient48530,4
patient48531,1
patient48532,2
patient48533,2
patient48534,8
patient48535,1
patient48536,2
patient48537,1
patient48538,1
patient48539,1
patient48540,1
patient48541,3
patient48542,1
patient48543,1
patient48544,2
patient48545,1
patient48546,1
patient48547,10
patient48548,2
patient48549,1
patient48550,1
patient48551,3
patient48552,2
patient48553,1
patient48554,1
patient48555,4
patient48556,2
patient48557,1
patient48558,4
patient48559,1
patient48560,3
patient48561,5
patient48562,3
patient48563,1
patient48564,2
patient48565,2
patient48566,3
patient48567,2
patient48568,2
patient48569,1
patient48570,1
patient48571,1
patient48572,2
patient48573,2
patient48574,3
patient48575,2
patient48576,10
patient48577,1
patient48578,1
patient48579,1
patient48580,2
patient48581,5
patient48582,1
patient48583,1
patient48584,4
patient48585,2
patient48586,1
patient48587,4
patient48588,2
patient48589,1
patient48590,3
patient48591,7
patient48592,1
patient48593,1
patient48594,3
patient48595,5
patient48596,3
patient48597,2
patient48598,4
patient48599,4
patient48600,1
patient48601,1
patient48602,1
patient48603,2
patient48604,1
patient48605,5
patient48606,1
patient48607,1
patient48608,3
patient48609,1
patient48610,1
patient48611,6
patient48612,1
patient48613,2
patient48614,2
patient48615,1
patient48616,1
patient48617,3
patient48618,5
patient48619,1
patient48620,6
patient48621,5
patient48622,1
patient48623,6
patient48624,7
patient48625,2
patient48626,1
patient48627,1
patient48628,1
patient48629,5
patient48630,1
patient48631,2
patient48632,3
patient48633,3
patient48634,1
patient48635,1
patient48636,2
patient48637,4
patient48638,2
patient48639,2
patient48640,5
patient48641,4
patient48642,1
patient48643,3
patient48644,3
patient48645,1
patient48646,1
patient48647,1
patient48648,2
patient48649,2
patient48650,4
patient48651,1
patient48652,1
patient48653,1
patient48654,9
patient48655,1
patient48656,2
patient48657,1
patient48658,2
patient48659,2
patient48660,4
patient48661,7
patient48662,1
patient48663,2
patient48664,1
patient48665,2
patient48666,1
patient48667,2
patient48668,6
patient48669,4
patient48670,3
patient48671,1
patient48672,3
patient48673,1
patient48674,2
patient48675,2
patient48676,1
patient48677,2
patient48678,1
patient48679,6
patient48680,2
patient48681,2
patient48682,1
patient48683,2
patient48684,1
patient48685,3
patient48686,2
patient48687,1
patient48688,4
patient48689,1
patient48690,1
patient48691,2
patient48692,1
patient48693,2
patient48694,1
patient48695,1
patient48696,2
patient48697,3
patient48698,2
patient48699,1
patient48700,11
patient48701,1
patient48702,3
patient48703,2
patient48704,2
patient48705,3
patient48706,3
patient48707,2
patient48708,2
patient48709,2
patient48710,3
patient48711,2
patient48712,11
patient48713,4
patient48714,5
patient48715,1
patient48716,1
patient48717,1
patient48718,1
patient48719,2
patient48720,4
patient48721,1
patient48722,1
patient48723,1
patient48724,1
patient48725,1
patient48726,1
patient48727,2
patient48728,1
patient48729,1
patient48730,4
patient48731,2
patient48732,2
patient48733,1
patient48734,5
patient48735,4
patient48736,1
patient48737,4
patient48738,2
patient48739,2
patient48740,3
patient48741,1
patient48742,1
patient48743,1
patient48744,9
patient48745,4
patient48746,5
patient48747,1
patient48748,1
patient48749,2
patient48750,2
patient48751,5
patient48752,8
patient48753,2
patient48754,5
patient48755,2
patient48756,6
patient48757,2
patient48758,2
patient48759,1
patient48760,1
patient48761,1
patient48762,4
patient48763,4
patient48764,1
patient48765,7
patient48766,1
patient48767,1
patient48768,1
patient48769,4
patient48770,1
patient48771,3
patient48772,2
patient48773,1
patient48774,1
patient48775,3
patient48776,1
patient48777,2
patient48778,7
patient48779,2
patient48780,1
patient48781,3
patient48782,3
patient48783,5
patient48784,1
patient48785,3
patient48786,3
patient48787,3
patient48788,7
patient48789,4
patient48790,1
patient48791,1
patient48792,1
patient48793,4
patient48794,1
patient48795,2
patient48796,1
patient48797,3
patient48798,1
patient48799,3
patient48800,2
patient48801,2
patient48802,2
patient48803,1
patient48804,3
patient48805,8
patient48806,1
patient48807,1
patient48808,7
patient48809,1
patient48810,1
patient48811,1
patient48812,3
patient48813,5
patient48814,3
patient48815,3
patient48816,1
patient48817,2
patient48818,1
patient48819,2
patient48820,1
patient48821,2
patient48822,1
patient48823,2
patient48824,6
patient48825,1
patient48826,1
patient48827,1
patient48828,1
patient48829,4
patient48830,2
patient48831,3
patient48832,3
patient48833,2
patient48834,2
patient48835,2
patient48836,1
patient48837,1
patient48838,2
patient48839,1
patient48840,1
patient48841,4
patient48842,6
patient48843,2
patient48844,1
patient48845,2
patient48846,2
patient48847,1
patient48848,1
patient48849,1
patient48850,1
patient48851,1
patient48852,4
patient48853,3
patient48854,1
patient48855,7
patient48856,7
patient48857,1
patient48858,5
patient48859,1
patient48860,1
patient48861,1
patient48862,2
patient48863,1
patient48864,4
patient48865,4
patient48866,2
patient48867,3
patient48868,5
patient48869,2
patient48870,1
patient48871,1
patient48872,3
patient48873,2
patient48874,1
patient48875,3
patient48876,1
patient48877,13
patient48878,1
patient48879,1
patient48880,3
patient48881,2
patient48882,1
patient48883,1
patient48884,1
patient48885,1
patient48886,3
patient48887,1
patient48888,1
patient48889,2
patient48890,1
patient48891,5
patient48892,3
patient48893,2
patient48894,3
patient48895,5
patient48896,3
patient48897,2
patient48898,1
patient48899,1
patient48900,2
patient48901,2
patient48902,1
patient48903,1
patient48904,1
patient48905,2
patient48906,2
patient48907,1
patient48908,1
patient48909,3
patient48910,1
patient48911,1
patient48912,5
patient48913,5
patient48914,1
patient48915,2
patient48916,2
patient48917,1
patient48918,1
patient48919,2
patient48920,4
patient48921,3
patient48922,5
patient48923,13
patient48924,4
patient48925,7
patient48926,3
patient48927,2
patient48928,1
patient48929,3
patient48930,3
patient48931,1
patient48932,4
patient48933,2
patient48934,2
patient48935,3
patient48936,8
patient48937,3
patient48938,2
patient48939,4
patient48940,2
patient48941,1
patient48942,1
patient48943,3
patient48944,5
patient48945,4
patient48946,1
patient48947,1
patient48948,1
patient48949,3
patient48950,1
patient48951,2
patient48952,2
patient48953,2
patient48954,2
patient48955,1
patient48956,1
patient48957,2
patient48958,2
patient48959,3
patient48960,1
patient48961,3
patient48962,3
patient48963,3
patient48964,1
patient48965,1
patient48966,4
patient48967,1
patient48968,3
patient48969,1
patient48970,1
patient48971,5
patient48972,1
patient48973,5
patient48974,1
patient48975,3
patient48976,2
patient48977,1
patient48978,2
patient48979,2
patient48980,1
patient48981,1
patient48982,3
patient48983,2
patient48984,1
patient48985,1
patient48986,2
patient48987,2
patient48988,2
patient48989,3
patient48990,2
patient48991,5
patient48992,4
patient48993,2
patient48994,1
patient48995,3
patient48996,2
patient48997,1
patient48998,3
patient48999,1
patient49000,2
patient49001,1
patient49002,3
patient49003,3
patient49004,2
patient49005,1
patient49006,3
patient49007,6
patient49008,1
patient49009,2
patient49010,2
patient49011,2
patient49012,1
patient49013,3
patient49014,3
patient49015,2
patient49016,1
patient49017,1
patient49018,1
patient49019,1
patient49020,1
patient49021,5
patient49022,4
patient49023,2
patient49024,4
patient49025,4
patient49026,3
patient49027,1
patient49028,1
patient49029,1
patient49030,1
patient49031,3
patient49032,1
patient49033,1
patient49034,4
patient49035,2
patient49036,3
patient49037,1
patient49038,1
patient49039,4
patient49040,1
patient49041,2
patient49042,1
patient49043,1
patient49044,1
patient49045,3
patient49046,2
patient49047,2
patient49048,6
patient49049,7
patient49050,1
patient49051,1
patient49052,1
patient49053,2
patient49054,3
patient49055,1
patient49056,2
patient49057,2
patient49058,3
patient49059,2
patient49060,2
patient49061,1
patient49062,1
patient49063,1
patient49064,2
patient49065,7
patient49066,1
patient49067,1
patient49068,2
patient49069,3
patient49070,1
patient49071,1
patient49072,1
patient49073,1
patient49074,1
patient49075,2
patient49076,3
patient49077,1
patient49078,1
patient49079,4
patient49080,2
patient49081,1
patient49082,1
patient49083,1
patient49084,1
patient49085,1
patient49086,1
patient49087,3
patient49088,2
patient49089,1
patient49090,1
patient49091,2
patient49092,1
patient49093,1
patient49094,2
patient49095,1
patient49096,1
patient49097,1
patient49098,3
patient49099,7
patient49100,2
patient49101,1
patient49102,1
patient49103,1
patient49104,2
patient49105,1
patient49106,6
patient49107,1
patient49108,1
patient49109,1
patient49110,6
patient49111,1
patient49112,4
patient49113,2
patient49114,2
patient49115,1
patient49116,1
patient49117,8
patient49118,2
patient49119,2
patient49120,1
patient49121,2
patient49122,3
patient49123,18
patient49124,5
patient49125,2
patient49126,4
patient49127,5
patient49128,1
patient49129,1
patient49130,1
patient49131,3
patient49132,1
patient49133,8
patient49134,4
patient49135,1
patient49136,3
patient49137,2
patient49138,1
patient49139,2
patient49140,1
patient49141,1
patient49142,1
patient49143,1
patient49144,1
patient49145,2
patient49146,3
patient49147,1
patient49148,2
patient49149,5
patient49150,2
patient49151,1
patient49152,1
patient49153,4
patient49154,1
patient49155,5
patient49156,1
patient49157,1
patient49158,3
patient49159,4
patient49160,4
patient49161,3
patient49162,4
patient49163,2
patient49164,2
patient49165,3
patient49166,1
patient49167,4
patient49168,2
patient49169,1
patient49170,6
patient49171,3
patient49172,2
patient49173,1
patient49174,4
patient49175,2
patient49176,1
patient49177,1
patient49178,1
patient49179,6
patient49180,2
patient49181,1
patient49182,3
patient49183,2
patient49184,2
patient49185,1
patient49186,1
patient49187,1
patient49188,1
patient49189,3
patient49190,1
patient49191,1
patient49192,1
patient49193,2
patient49194,2
patient49195,3
patient49196,4
patient49197,1
patient49198,1
patient49199,3
patient49200,1
patient49201,3
patient49202,1
patient49203,1
patient49204,2
patient49205,2
patient49206,1
patient49207,1
patient49208,1
patient49209,4
patient49210,2
patient49211,1
patient49212,3
patient49213,3
patient49214,1
patient49215,2
patient49216,1
patient49217,4
patient49218,3
patient49219,9
patient49220,1
patient49221,1
patient49222,2
patient49223,1
patient49224,3
patient49225,2
patient49226,4
patient49227,3
patient49228,3
patient49229,2
patient49230,3
patient49231,2
patient49232,5
patient49233,1
patient49234,1
patient49235,1
patient49236,6
patient49237,8
patient49238,1
patient49239,2
patient49240,1
patient49241,6
patient49242,4
patient49243,2
patient49244,4
patient49245,2
patient49246,1
patient49247,1
patient49248,1
patient49249,2
patient49250,9
patient49251,1
patient49252,1
patient49253,13
patient49254,1
patient49255,1
patient49256,2
patient49257,1
patient49258,2
patient49259,3
patient49260,3
patient49261,4
patient49262,1
patient49263,3
patient49264,2
patient49265,1
patient49266,2
patient49267,6
patient49268,3
patient49269,1
patient49270,3
patient49271,1
patient49272,2
patient49273,2
patient49274,4
patient49275,2
patient49276,1
patient49277,2
patient49278,2
patient49279,3
patient49280,2
patient49281,4
patient49282,1
patient49283,1
patient49284,3
patient49285,1
patient49286,2
patient49287,3
patient49288,1
patient49289,2
patient49290,1
patient49291,5
patient49292,2
patient49293,1
patient49294,4
patient49295,1
patient49296,1
patient49297,3
patient49298,2
patient49299,2
patient49300,3
patient49301,2
patient49302,2
patient49303,2
patient49304,2
patient49305,3
patient49306,2
patient49307,3
patient49308,2
patient49309,1
patient49310,1
patient49311,1
patient49312,5
patient49313,1
patient49314,3
patient49315,2
patient49316,1
patient49317,1
patient49318,1
patient49319,1
patient49320,1
patient49321,1
patient49322,2
patient49323,4
patient49324,3
patient49325,5
patient49326,3
patient49327,2
patient49328,3
patient49329,4
patient49330,2
patient49331,11
patient49332,1
patient49333,1
patient49334,1
patient49335,3
patient49336,1
patient49337,15
patient49338,1
patient49339,3
patient49340,2
patient49341,5
patient49342,1
patient49343,2
patient49344,5
patient49345,3
patient49346,1
patient49347,2
patient49348,2
patient49349,2
patient49350,1
patient49351,7
patient49352,9
patient49353,1
patient49354,7
patient49355,4
patient49356,6
patient49357,2
patient49358,5
patient49359,1
patient49360,1
patient49361,2
patient49362,1
patient49363,3
patient49364,3
patient49365,3
patient49366,2
patient49367,1
patient49368,2
patient49369,1
patient49370,8
patient49371,3
patient49372,1
patient49373,1
patient49374,3
patient49375,3
patient49376,2
patient49377,2
patient49378,2
patient49379,4
patient49380,7
patient49381,2
patient49382,2
patient49383,5
patient49384,1
patient49385,6
patient49386,3
patient49387,2
patient49388,2
patient49389,3
patient49390,5
patient49391,1
patient49392,3
patient49393,2
patient49394,1
patient49395,1
patient49396,2
patient49397,1
patient49398,6
patient49399,2
patient49400,2
patient49401,3
patient49402,4
patient49403,1
patient49404,1
patient49405,3
patient49406,2
patient49407,1
patient49408,3
patient49409,2
patient49410,1
patient49411,2
patient49412,4
patient49413,6
patient49414,1
patient49415,2
patient49416,1
patient49417,1
patient49418,1
patient49419,1
patient49420,1
patient49421,2
patient49422,1
patient49423,1
patient49424,1
patient49425,3
patient49426,4
patient49427,1
patient49428,1
patient49429,4
patient49430,2
patient49431,2
patient49432,5
patient49433,5
patient49434,2
patient49435,1
patient49436,1
patient49437,2
patient49438,5
patient49439,1
patient49440,3
patient49441,2
patient49442,1
patient49443,1
patient49444,1
patient49445,4
patient49446,1
patient49447,1
patient49448,2
patient49449,1
patient49450,1
patient49451,4
patient49452,3
patient49453,3
patient49454,2
patient49455,1
patient49456,1
patient49457,2
patient49458,1
patient49459,3
patient49460,1
patient49461,1
patient49462,1
patient49463,3
patient49464,2
patient49465,1
patient49466,1
patient49467,7
patient49468,2
patient49469,6
patient49470,1
patient49471,1
patient49472,1
patient49473,3
patient49474,1
patient49475,1
patient49476,1
patient49477,1
patient49478,2
patient49479,6
patient49480,1
patient49481,5
patient49482,4
patient49483,1
patient49484,1
patient49485,1
patient49486,1
patient49487,1
patient49488,1
patient49489,8
patient49490,2
patient49491,1
patient49492,6
patient49493,2
patient49494,9
patient49495,1
patient49496,3
patient49497,3
patient49498,4
patient49499,2
patient49500,2
patient49501,1
patient49502,2
patient49503,2
patient49504,3
patient49505,2
patient49506,1
patient49507,2
patient49508,2
patient49509,1
patient49510,1
patient49511,1
patient49512,5
patient49513,2
patient49514,1
patient49515,2
patient49516,1
patient49517,1
patient49518,3
patient49519,2
patient49520,3
patient49521,1
patient49522,1
patient49523,1
patient49524,1
patient49525,1
patient49526,4
patient49527,3
patient49528,4
patient49529,9
patient49530,2
patient49531,3
patient49532,1
patient49533,3
patient49534,2
patient49535,2
patient49536,2
patient49537,4
patient49538,1
patient49539,1
patient49540,1
patient49541,5
patient49542,10
patient49543,1
patient49544,4
patient49545,5
patient49546,5
patient49547,1
patient49548,1
patient49549,1
patient49550,6
patient49551,4
patient49552,1
patient49553,2
patient49554,1
patient49555,2
patient49556,4
patient49557,1
patient49558,8
patient49559,1
patient49560,5
patient49561,1
patient49562,4
patient49563,3
patient49564,2
patient49565,1
patient49566,1
patient49567,1
patient49568,2
patient49569,8
patient49570,3
patient49572,1
patient49573,2
patient49574,2
patient49575,1
patient49576,1
patient49577,3
patient49578,2
patient49579,1
patient49580,1
patient49581,3
patient49582,3
patient49583,3
patient49584,1
patient49585,1
patient49586,3
patient49587,4
patient49588,1
patient49589,2
patient49590,5
patient49591,3
patient49592,2
patient49593,2
patient49594,3
patient49595,1
patient49596,1
patient49597,1
patient49598,1
patient49599,1
patient49600,2
patient49601,1
patient49602,2
patient49603,1
patient49604,1
patient49605,1
patient49606,1
patient49607,1
patient49608,2
patient49609,1
patient49610,1
patient49611,4
patient49612,2
patient49613,4
patient49614,1
patient49615,1
patient49616,6
patient49617,3
patient49618,4
patient49619,1
patient49620,2
patient49621,3
patient49622,1
patient49623,3
patient49624,5
patient49625,9
patient49626,4
patient49627,2
patient49628,1
patient49629,1
patient49630,4
patient49631,3
patient49632,1
patient49633,1
patient49634,4
patient49635,1
patient49636,5
patient49637,1
patient49638,2
patient49639,3
patient49640,1
patient49641,2
patient49642,1
patient49643,6
patient49644,1
patient49645,1
patient49646,7
patient49647,2
patient49648,6
patient49649,1
patient49650,7
patient49651,3
patient49652,3
patient49653,1
patient49654,1
patient49655,1
patient49656,4
patient49657,1
patient49658,1
patient49659,4
patient49660,5
patient49661,2
patient49662,6
patient49663,1
patient49664,1
patient49665,3
patient49666,2
patient49667,1
patient49668,2
patient49669,2
patient49670,2
patient49671,1
patient49672,2
patient49673,1
patient49674,1
patient49675,1
patient49676,1
patient49677,5
patient49678,5
patient49679,1
patient49680,1
patient49681,1
patient49682,1
patient49683,4
patient49684,2
patient49685,2
patient49686,2
patient49687,6
patient49688,1
patient49689,2
patient49690,3
patient49691,2
patient49692,1
patient49693,4
patient49694,1
patient49695,1
patient49696,4
patient49697,2
patient49698,1
patient49699,2
patient49700,3
patient49701,2
patient49702,1
patient49703,1
patient49704,4
patient49705,3
patient49706,3
patient49707,2
patient49708,1
patient49709,1
patient49710,1
patient49711,4
patient49712,1
patient49713,4
patient49714,3
patient49715,6
patient49716,2
patient49717,2
patient49718,1
patient49719,2
patient49720,1
patient49721,1
patient49722,3
patient49723,2
patient49724,3
patient49725,3
patient49726,3
patient49727,1
patient49728,2
patient49729,2
patient49730,1
patient49731,4
patient49732,1
patient49733,4
patient49734,1
patient49735,2
patient49736,1
patient49737,4
patient49738,3
patient49739,2
patient49740,1
patient49741,1
patient49742,5
patient49743,1
patient49744,2
patient49745,5
patient49746,1
patient49747,2
patient49748,1
patient49749,2
patient49750,3
patient49751,4
patient49752,1
patient49753,2
patient49754,1
patient49755,1
patient49756,2
patient49757,1
patient49758,3
patient49759,1
patient49760,1
patient49761,2
patient49762,1
patient49763,6
patient49764,1
patient49765,7
patient49766,2
patient49767,4
patient49768,1
patient49769,5
patient49770,2
patient49771,3
patient49772,3
patient49773,1
patient49774,1
patient49775,1
patient49776,5
patient49777,3
patient49778,1
patient49779,1
patient49780,1
patient49781,3
patient49782,2
patient49783,1
patient49784,1
patient49785,1
patient49786,1
patient49787,2
patient49788,2
patient49789,4
patient49790,1
patient49791,3
patient49792,1
patient49793,1
patient49794,11
patient49795,4
patient49796,1
patient49797,1
patient49798,2
patient49799,1
patient49800,1
patient49801,1
patient49802,3
patient49803,2
patient49804,1
patient49805,1
patient49806,2
patient49807,2
patient49808,2
patient49809,1
patient49810,1
patient49811,3
patient49812,1
patient49813,1
patient49814,2
patient49815,1
patient49816,2
patient49817,4
patient49818,4
patient49819,1
patient49820,2
patient49821,1
patient49822,2
patient49823,1
patient49824,4
patient49825,1
patient49826,5
patient49827,1
patient49828,2
patient49829,1
patient49830,3
patient49831,7
patient49832,4
patient49833,2
patient49834,2
patient49835,3
patient49836,2
patient49837,1
patient49838,1
patient49839,9
patient49840,1
patient49841,1
patient49842,1
patient49843,2
patient49844,2
patient49845,2
patient49846,1
patient49847,4
patient49848,2
patient49849,1
patient49850,1
patient49851,3
patient49852,1
patient49853,5
patient49854,4
patient49855,4
patient49856,1
patient49857,1
patient49858,1
patient49859,2
patient49860,4
patient49861,2
patient49862,1
patient49863,1
patient49864,2
patient49865,1
patient49866,2
patient49867,2
patient49868,4
patient49869,4
patient49870,1
patient49871,2
patient49872,1
patient49873,3
patient49874,1
patient49875,1
patient49876,1
patient49877,1
patient49878,3
patient49879,2
patient49880,1
patient49881,8
patient49882,4
patient49883,1
patient49884,1
patient49885,4
patient49886,8
patient49887,1
patient49888,2
patient49889,1
patient49890,1
patient49891,1
patient49892,1
patient49893,1
patient49894,1
patient49895,2
patient49896,1
patient49897,3
patient49898,1
patient49899,1
patient49900,1
patient49901,6
patient49902,1
patient49903,2
patient49904,1
patient49905,1
patient49906,7
patient49907,1
patient49908,2
patient49909,1
patient49910,1
patient49911,3
patient49912,1
patient49913,2
patient49914,3
patient49915,2
patient49916,1
patient49917,1
patient49918,4
patient49919,2
patient49920,2
patient49921,2
patient49922,1
patient49923,1
patient49924,1
patient49925,2
patient49926,2
patient49927,3
patient49928,2
patient49929,1
patient49930,4
patient49931,1
patient49932,2
patient49933,6
patient49934,1
patient49935,1
patient49936,2
patient49937,3
patient49938,9
patient49939,2
patient49940,4
patient49941,1
patient49942,2
patient49943,3
patient49944,1
patient49945,1
patient49946,2
patient49947,1
patient49948,2
patient49949,1
patient49950,1
patient49951,5
patient49952,2
patient49953,2
patient49954,4
patient49955,1
patient49956,1
patient49957,1
patient49958,1
patient49959,3
patient49960,1
patient49961,2
patient49962,2
patient49963,1
patient49964,4
patient49965,1
patient49966,1
patient49967,1
patient49968,2
patient49969,2
patient49970,2
patient49971,7
patient49972,1
patient49973,1
patient49974,1
patient49975,1
patient49976,1
patient49977,1
patient49978,4
patient49979,2
patient49980,5
patient49981,2
patient49982,1
patient49983,2
patient49984,2
patient49985,4
patient49986,1
patient49987,2
patient49988,1
patient49989,1
patient49990,2
patient49991,1
patient49992,1
patient49993,1
patient49994,1
patient49995,2
patient49996,1
patient49997,9
patient49998,1
patient49999,1
patient50000,2
patient50001,5
patient50002,3
patient50003,2
patient50004,2
patient50005,2
patient50006,1
patient50007,4
patient50008,1
patient50009,1
patient50010,4
patient50011,1
patient50012,1
patient50013,3
patient50014,4
patient50015,2
patient50016,1
patient50017,1
patient50018,1
patient50019,2
patient50020,2
patient50021,2
patient50022,4
patient50023,2
patient50024,1
patient50025,1
patient50026,4
patient50027,3
patient50028,1
patient50029,1
patient50030,4
patient50031,1
patient50032,2
patient50033,1
patient50034,1
patient50035,6
patient50036,1
patient50037,1
patient50038,3
patient50039,1
patient50040,1
patient50041,1
patient50042,1
patient50043,2
patient50044,2
patient50045,1
patient50046,1
patient50047,3
patient50048,1
patient50049,2
patient50050,1
patient50051,4
patient50052,2
patient50053,3
patient50054,4
patient50055,3
patient50056,1
patient50057,2
patient50058,1
patient50059,1
patient50060,1
patient50061,2
patient50062,2
patient50063,3
patient50064,1
patient50065,3
patient50066,1
patient50067,4
patient50068,2
patient50069,1
patient50070,2
patient50071,5
patient50072,1
patient50073,1
patient50074,2
patient50075,3
patient50076,1
patient50077,1
patient50078,1
patient50079,2
patient50080,2
patient50081,1
patient50082,1
patient50083,1
patient50084,2
patient50085,1
patient50086,3
patient50087,2
patient50088,2
patient50089,1
patient50090,5
patient50091,1
patient50092,2
patient50093,3
patient50094,1
patient50095,2
patient50096,2
patient50097,2
patient50098,6
patient50099,3
patient50100,1
patient50101,4
patient50102,2
patient50103,1
patient50104,1
patient50105,1
patient50106,2
patient50107,1
patient50108,2
patient50109,1
patient50110,1
patient50111,1
patient50112,1
patient50113,3
patient50114,3
patient50115,2
patient50116,1
patient50117,2
patient50118,2
patient50119,1
patient50120,3
patient50121,1
patient50122,2
patient50123,3
patient50124,1
patient50125,1
patient50126,3
patient50127,1
patient50128,1
patient50129,1
patient50130,2
patient50131,3
patient50132,2
patient50133,1
patient50134,1
patient50135,1
patient50136,1
patient50137,1
patient50138,1
patient50139,2
patient50140,1
patient50141,1
patient50142,1
patient50143,2
patient50144,3
patient50145,3
patient50146,1
patient50147,2
patient50148,1
patient50149,3
patient50150,1
patient50151,1
patient50152,2
patient50153,1
patient50154,1
patient50155,1
patient50156,4
patient50157,1
patient50158,1
patient50159,1
patient50160,4
patient50161,3
patient50162,5
patient50163,1
patient50164,2
patient50165,1
patient50166,2
patient50167,2
patient50168,11
patient50169,2
patient50170,1
patient50171,4
patient50172,3
patient50173,1
patient50174,1
patient50175,1
patient50176,1
patient50177,1
patient50178,1
patient50179,1
patient50180,1
patient50181,1
patient50182,1
patient50183,1
patient50184,1
patient50185,1
patient50186,2
patient50187,1
patient50188,1
patient50189,1
patient50190,1
patient50191,1
patient50192,1
patient50193,7
patient50194,1
patient50195,3
patient50196,2
patient50197,1
patient50198,4
patient50199,1
patient50200,2
patient50201,2
patient50202,1
patient50203,1
patient50204,8
patient50205,1
patient50206,2
patient50207,1
patient50208,4
patient50209,2
patient50210,2
patient50211,1
patient50212,3
patient50213,3
patient50214,2
patient50215,1
patient50216,3
patient50217,1
patient50218,1
patient50219,2
patient50220,1
patient50221,1
patient50222,1
patient50223,2
patient50224,2
patient50225,1
patient50226,3
patient50227,1
patient50228,1
patient50229,2
patient50230,4
patient50231,2
patient50232,1
patient50233,2
patient50234,4
patient50235,3
patient50236,1
patient50237,2
patient50238,3
patient50239,1
patient50240,1
patient50241,1
patient50242,1
patient50243,5
patient50244,1
patient50245,3
patient50246,3
patient50247,1
patient50248,1
patient50249,2
patient50250,1
patient50251,1
patient50252,1
patient50253,2
patient50254,1
patient50255,4
patient50256,1
patient50257,2
patient50258,1
patient50259,4
patient50260,2
patient50261,2
patient50262,2
patient50263,5
patient50264,1
patient50265,2
patient50266,3
patient50267,6
patient50268,2
patient50269,2
patient50270,3
patient50271,2
patient50272,1
patient50273,2
patient50274,4
patient50275,3
patient50276,2
patient50277,1
patient50278,1
patient50279,2
patient50280,4
patient50281,2
patient50282,1
patient50283,1
patient50284,3
patient50285,3
patient50286,1
patient50287,1
patient50288,1
patient50289,1
patient50290,1
patient50291,1
patient50292,6
patient50293,1
patient50294,4
patient50295,2
patient50296,2
patient50297,2
patient50298,1
patient50299,2
patient50300,3
patient50301,5
patient50302,1
patient50303,1
patient50304,4
patient50305,2
patient50306,3
patient50307,6
patient50308,2
patient50309,1
patient50310,1
patient50311,1
patient50312,5
patient50313,1
patient50314,3
patient50315,3
patient50316,5
patient50317,4
patient50318,2
patient50319,2
patient50320,1
patient50321,2
patient50322,2
patient50323,1
patient50324,1
patient50325,1
patient50326,1
patient50327,3
patient50328,3
patient50329,1
patient50330,1
patient50331,2
patient50332,2
patient50333,1
patient50334,5
patient50335,1
patient50336,2
patient50337,2
patient50338,1
patient50339,2
patient50340,7
patient50341,6
patient50342,1
patient50343,1
patient50344,2
patient50345,1
patient50346,2
patient50347,2
patient50348,8
patient50349,6
patient50350,3
patient50351,3
patient50352,4
patient50353,1
patient50354,1
patient50355,1
patient50356,1
patient50357,8
patient50358,6
patient50359,1
patient50360,1
patient50361,1
patient50362,2
patient50363,2
patient50364,1
patient50365,2
patient50366,1
patient50367,3
patient50368,2
patient50369,3
patient50370,2
patient50371,1
patient50372,1
patient50373,1
patient50374,2
patient50375,4
patient50376,3
patient50377,2
patient50378,1
patient50379,1
patient50380,4
patient50381,1
patient50382,3
patient50383,1
patient50384,1
patient50385,1
patient50386,1
patient50387,3
patient50388,2
patient50389,1
patient50390,1
patient50391,1
patient50392,2
patient50393,1
patient50394,1
patient50395,7
patient50396,1
patient50397,2
patient50398,7
patient50399,4
patient50400,2
patient50401,3
patient50402,1
patient50403,3
patient50404,2
patient50405,7
patient50406,1
patient50407,3
patient50408,4
patient50409,1
patient50410,1
patient50411,1
patient50412,2
patient50413,2
patient50414,1
patient50415,2
patient50416,1
patient50417,1
patient50418,1
patient50419,2
patient50420,1
patient50421,1
patient50422,1
patient50423,2
patient50424,6
patient50425,1
patient50426,1
patient50427,2
patient50428,2
patient50429,6
patient50430,2
patient50431,1
patient50432,2
patient50433,1
patient50434,3
patient50435,3
patient50436,1
patient50437,1
patient50438,1
patient50439,2
patient50440,4
patient50441,2
patient50442,3
patient50443,1
patient50444,1
patient50445,2
patient50446,2
patient50447,1
patient50448,1
patient50449,3
patient50450,1
patient50451,4
patient50452,4
patient50453,1
patient50454,1
patient50455,1
patient50456,4
patient50457,5
patient50458,1
patient50459,2
patient50460,1
patient50461,2
patient50462,3
patient50463,1
patient50464,2
patient50465,1
patient50466,2
patient50467,5
patient50468,1
patient50469,4
patient50470,3
patient50471,2
patient50472,2
patient50473,1
patient50474,1
patient50475,1
patient50476,4
patient50477,4
patient50478,5
patient50479,1
patient50480,1
patient50481,2
patient50482,4
patient50483,3
patient50484,2
patient50485,2
patient50486,3
patient50487,2
patient50488,7
patient50489,4
patient50490,3
patient50491,3
patient50492,4
patient50493,1
patient50494,1
patient50495,1
patient50496,2
patient50497,1
patient50498,2
patient50499,1
patient50500,1
patient50501,2
patient50502,3
patient50503,2
patient50504,1
patient50505,4
patient50506,2
patient50507,3
patient50508,1
patient50509,2
patient50510,3
patient50511,1
patient50512,1
patient50513,8
patient50514,1
patient50515,4
patient50516,1
patient50517,1
patient50518,1
patient50519,1
patient50520,1
patient50521,2
patient50522,1
patient50523,4
patient50524,1
patient50525,3
patient50526,1
patient50527,1
patient50528,1
patient50529,2
patient50530,3
patient50531,2
patient50532,1
patient50533,2
patient50534,2
patient50535,1
patient50536,1
patient50537,3
patient50538,2
patient50539,3
patient50540,1
patient50541,1
patient50542,5
patient50543,1
patient50544,1
patient50545,1
patient50546,1
patient50547,5
patient50548,2
patient50549,3
patient50550,1
patient50551,1
patient50552,6
patient50553,2
patient50554,1
patient50555,3
patient50556,3
patient50557,5
patient50558,1
patient50559,4
patient50560,12
patient50561,1
patient50562,7
patient50563,7
patient50564,1
patient50565,1
patient50566,2
patient50567,1
patient50568,4
patient50569,1
patient50570,3
patient50571,3
patient50572,3
patient50573,2
patient50574,1
patient50575,3
patient50576,1
patient50577,4
patient50578,1
patient50579,1
patient50580,4
patient50581,2
patient50582,2
patient50583,2
patient50584,1
patient50585,2
patient50586,2
patient50587,1
patient50588,2
patient50589,3
patient50590,2
patient50591,1
patient50592,1
patient50593,1
patient50594,1
patient50595,2
patient50596,3
patient50597,1
patient50598,1
patient50599,6
patient50600,3
patient50601,1
patient50602,2
patient50603,2
patient50604,4
patient50605,1
patient50606,3
patient50607,3
patient50608,1
patient50609,3
patient50610,1
patient50611,1
patient50612,1
patient50613,6
patient50614,2
patient50615,1
patient50616,3
patient50617,4
patient50618,2
patient50619,1
patient50620,3
patient50621,5
patient50622,1
patient50623,3
patient50624,1
patient50625,6
patient50626,2
patient50627,3
patient50628,6
patient50629,3
patient50630,3
patient50631,1
patient50632,1
patient50633,2
patient50634,1
patient50635,2
patient50636,3
patient50637,1
patient50638,1
patient50639,4
patient50640,1
patient50641,4
patient50642,2
patient50643,1
patient50644,1
patient50645,1
patient50646,4
patient50647,1
patient50648,3
patient50649,1
patient50650,3
patient50651,1
patient50652,2
patient50653,6
patient50654,1
patient50655,3
patient50656,2
patient50657,1
patient50658,1
patient50659,2
patient50660,4
patient50661,1
patient50662,1
patient50663,7
patient50664,3
patient50665,1
patient50666,2
patient50667,10
patient50668,2
patient50669,1
patient50670,5
patient50671,2
patient50672,2
patient50673,2
patient50674,1
patient50675,1
patient50676,3
patient50677,1
patient50678,2
patient50679,2
patient50680,2
patient50681,1
patient50682,1
patient50683,1
patient50684,3
patient50685,1
patient50686,1
patient50687,1
patient50688,1
patient50689,3
patient50690,3
patient50691,5
patient50692,1
patient50693,4
patient50694,3
patient50695,1
patient50696,3
patient50697,1
patient50698,1
patient50699,2
patient50700,1
patient50701,1
patient50702,1
patient50703,1
patient50704,6
patient50705,10
patient50706,2
patient50707,1
patient50708,1
patient50709,1
patient50710,1
patient50711,1
patient50712,1
patient50713,1
patient50714,1
patient50715,2
patient50716,1
patient50717,3
patient50718,3
patient50719,5
patient50720,1
patient50721,2
patient50722,10
patient50723,1
patient50724,2
patient50725,2
patient50726,2
patient50727,2
patient50728,3
patient50729,3
patient50730,2
patient50731,5
patient50732,1
patient50733,6
patient50734,3
patient50735,1
patient50736,1
patient50737,3
patient50738,1
patient50739,5
patient50740,1
patient50741,2
patient50742,1
patient50743,2
patient50744,1
patient50745,2
patient50746,1
patient50747,1
patient50748,2
patient50749,1
patient50750,1
patient50751,2
patient50752,3
patient50753,2
patient50754,2
patient50755,1
patient50756,3
patient50757,1
patient50758,1
patient50759,1
patient50760,1
patient50761,2
patient50762,1
patient50763,2
patient50764,2
patient50765,1
patient50766,2
patient50767,5
patient50768,3
patient50769,1
patient50770,4
patient50771,1
patient50772,2
patient50773,1
patient50774,2
patient50775,5
patient50776,1
patient50777,6
patient50778,4
patient50779,1
patient50780,1
patient50781,3
patient50782,3
patient50783,3
patient50784,4
patient50785,3
patient50786,3
patient50787,3
patient50788,1
patient50789,2
patient50790,1
patient50791,4
patient50792,1
patient50793,1
patient50794,1
patient50795,7
patient50796,1
patient50797,2
patient50798,1
patient50799,2
patient50800,1
patient50801,2
patient50802,5
patient50803,2
patient50804,1
patient50805,3
patient50806,2
patient50807,1
patient50808,1
patient50809,5
patient50810,1
patient50811,2
patient50812,1
patient50813,3
patient50814,6
patient50815,4
patient50816,1
patient50817,1
patient50818,1
patient50819,8
patient50820,1
patient50821,1
patient50822,2
patient50823,3
patient50824,3
patient50825,1
patient50826,1
patient50827,1
patient50828,3
patient50829,8
patient50830,1
patient50831,3
patient50832,2
patient50833,1
patient50834,1
patient50835,3
patient50836,2
patient50837,1
patient50838,6
patient50839,1
patient50840,1
patient50841,4
patient50842,3
patient50843,1
patient50844,1
patient50845,1
patient50846,3
patient50847,4
patient50848,1
patient50849,1
patient50850,1
patient50851,1
patient50852,2
patient50853,1
patient50854,3
patient50855,1
patient50856,3
patient50857,1
patient50858,3
patient50859,3
patient50860,2
patient50861,7
patient50862,1
patient50863,1
patient50864,1
patient50865,1
patient50866,1
patient50867,1
patient50868,3
patient50869,1
patient50870,1
patient50871,1
patient50872,1
patient50873,5
patient50874,1
patient50875,3
patient50876,1
patient50877,1
patient50878,1
patient50879,1
patient50880,5
patient50881,1
patient50882,2
patient50883,2
patient50884,1
patient50885,4
patient50886,3
patient50887,3
patient50888,1
patient50889,1
patient50890,3
patient50891,3
patient50892,1
patient50893,2
patient50894,3
patient50895,3
patient50896,1
patient50897,1
patient50898,1
patient50899,1
patient50900,1
patient50901,1
patient50902,3
patient50903,1
patient50904,1
patient50905,7
patient50906,5
patient50907,3
patient50908,4
patient50909,1
patient50910,1
patient50911,3
patient50912,1
patient50913,5
patient50914,1
patient50915,1
patient50916,1
patient50917,8
patient50918,1
patient50919,1
patient50920,4
patient50921,2
patient50922,1
patient50923,1
patient50924,1
patient50925,2
patient50926,1
patient50927,1
patient50928,1
patient50929,1
patient50930,3
patient50931,2
patient50932,1
patient50933,1
patient50934,3
patient50935,1
patient50936,2
patient50937,1
patient50938,1
patient50939,3
patient50940,1
patient50941,1
patient50942,1
patient50943,2
patient50944,3
patient50945,4
patient50946,1
patient50947,1
patient50948,3
patient50949,1
patient50950,2
patient50951,3
patient50952,1
patient50953,1
patient50954,2
patient50955,1
patient50956,2
patient50957,3
patient50958,2
patient50959,1
patient50960,1
patient50961,1
patient50962,2
patient50963,1
patient50964,1
patient50965,4
patient50966,2
patient50967,7
patient50968,5
patient50969,1
patient50970,1
patient50971,1
patient50972,1
patient50973,7
patient50974,1
patient50975,2
patient50976,1
patient50977,3
patient50978,3
patient50979,1
patient50980,1
patient50981,1
patient50982,2
patient50983,1
patient50984,1
patient50985,2
patient50986,2
patient50987,1
patient50988,2
patient50989,1
patient50990,1
patient50991,5
patient50992,1
patient50993,1
patient50994,5
patient50995,2
patient50996,5
patient50997,1
patient50998,1
patient50999,1
patient51000,2
patient51001,1
patient51002,1
patient51003,3
patient51004,1
patient51005,3
patient51006,3
patient51007,3
patient51008,1
patient51009,1
patient51010,4
patient51011,1
patient51012,5
patient51013,4
patient51014,3
patient51015,1
patient51016,2
patient51017,1
patient51018,3
patient51019,1
patient51020,1
patient51021,1
patient51022,1
patient51023,1
patient51024,2
patient51025,2
patient51026,6
patient51027,4
patient51028,1
patient51029,1
patient51030,1
patient51031,1
patient51032,1
patient51033,1
patient51034,1
patient51035,2
patient51036,2
patient51037,1
patient51038,1
patient51039,1
patient51040,1
patient51041,4
patient51042,1
patient51043,3
patient51044,2
patient51045,1
patient51046,1
patient51047,1
patient51048,1
patient51049,1
patient51050,1
patient51051,2
patient51052,2
patient51053,1
patient51054,1
patient51055,1
patient51056,1
patient51057,7
patient51058,2
patient51059,2
patient51060,2
patient51061,1
patient51062,1
patient51063,2
patient51064,1
patient51065,2
patient51066,3
patient51067,1
patient51068,2
patient51069,3
patient51070,1
patient51071,1
patient51072,2
patient51073,2
patient51074,1
patient51075,1
patient51076,1
patient51077,3
patient51078,1
patient51079,1
patient51080,5
patient51081,1
patient51082,3
patient51083,1
patient51084,1
patient51085,1
patient51086,1
patient51087,2
patient51088,1
patient51089,3
patient51090,1
patient51091,3
patient51092,2
patient51093,1
patient51094,1
patient51095,13
patient51096,5
patient51097,1
patient51098,3
patient51099,2
patient51100,4
patient51101,1
patient51102,2
patient51103,2
patient51104,1
patient51105,1
patient51106,3
patient51107,1
patient51108,1
patient51109,3
patient51110,2
patient51111,1
patient51112,1
patient51113,1
patient51114,2
patient51115,1
patient51116,2
patient51117,2
patient51118,1
patient51119,2
patient51120,1
patient51121,5
patient51122,4
patient51123,3
patient51124,5
patient51125,1
patient51126,1
patient51127,1
patient51128,1
patient51129,2
patient51130,7
patient51131,1
patient51132,2
patient51133,3
patient51134,2
patient51135,2
patient51136,1
patient51137,1
patient51138,1
patient51139,4
patient51140,1
patient51141,3
patient51142,4
patient51143,2
patient51144,1
patient51145,1
patient51146,2
patient51147,3
patient51148,1
patient51149,1
patient51150,1
patient51151,4
patient51152,6
patient51153,2
patient51154,1
patient51155,2
patient51156,2
patient51157,4
patient51158,1
patient51159,1
patient51160,2
patient51161,3
patient51162,2
patient51163,4
patient51164,2
patient51165,1
patient51166,1
patient51167,1
patient51168,2
patient51169,2
patient51170,1
patient51171,2
patient51172,1
patient51173,1
patient51174,2
patient51175,1
patient51176,1
patient51177,4
patient51178,1
patient51179,6
patient51180,2
patient51181,1
patient51182,1
patient51183,1
patient51184,3
patient51185,1
patient51186,2
patient51187,2
patient51188,2
patient51189,1
patient51190,5
patient51191,2
patient51192,1
patient51193,1
patient51194,2
patient51195,1
patient51196,6
patient51197,1
patient51198,2
patient51199,1
patient51200,1
patient51201,1
patient51202,3
patient51203,1
patient51204,2
patient51205,5
patient51206,1
patient51207,5
patient51208,2
patient51209,1
patient51210,1
patient51211,3
patient51212,3
patient51213,2
patient51214,3
patient51215,1
patient51216,2
patient51217,2
patient51218,2
patient51219,3
patient51220,1
patient51221,2
patient51222,1
patient51223,1
patient51224,1
patient51225,6
patient51226,3
patient51227,2
patient51228,1
patient51229,3
patient51230,1
patient51231,2
patient51232,2
patient51233,2
patient51234,2
patient51235,3
patient51236,1
patient51237,1
patient51238,6
patient51239,2
patient51240,1
patient51241,1
patient51242,2
patient51243,1
patient51244,1
patient51245,1
patient51246,4
patient51247,1
patient51248,1
patient51249,4
patient51250,3
patient51251,2
patient51252,2
patient51253,1
patient51254,2
patient51255,3
patient51256,1
patient51257,1
patient51258,1
patient51259,1
patient51260,1
patient51261,1
patient51262,1
patient51263,2
patient51264,3
patient51265,1
patient51266,3
patient51267,2
patient51268,1
patient51269,2
patient51270,1
patient51271,2
patient51272,1
patient51273,1
patient51274,4
patient51275,6
patient51276,1
patient51277,1
patient51278,2
patient51279,2
patient51280,1
patient51281,2
patient51282,2
patient51283,2
patient51284,1
patient51285,1
patient51286,4
patient51287,1
patient51288,3
patient51289,1
patient51290,1
patient51291,1
patient51292,3
patient51293,1
patient51294,2
patient51295,2
patient51296,2
patient51297,1
patient51298,2
patient51299,2
patient51300,3
patient51301,2
patient51302,2
patient51303,1
patient51304,4
patient51305,1
patient51306,1
patient51307,1
patient51308,2
patient51309,2
patient51310,7
patient51311,1
patient51312,2
patient51313,1
patient51314,2
patient51315,1
patient51316,1
patient51317,4
patient51318,2
patient51319,1
patient51320,1
patient51321,5
patient51322,7
patient51323,2
patient51324,1
patient51325,2
patient51326,1
patient51327,2
patient51328,1
patient51329,3
patient51330,1
patient51331,1
patient51332,4
patient51333,1
patient51334,1
patient51335,3
patient51336,1
patient51337,1
patient51338,2
patient51339,1
patient51340,1
patient51341,2
patient51342,3
patient51343,2
patient51344,2
patient51345,1
patient51346,5
patient51347,2
patient51348,2
patient51349,1
patient51350,1
patient51351,3
patient51352,1
patient51353,2
patient51354,1
patient51355,2
patient51356,4
patient51357,1
patient51358,3
patient51359,1
patient51360,1
patient51361,1
patient51362,4
patient51363,3
patient51364,3
patient51365,1
patient51366,1
patient51367,1
patient51368,3
patient51369,2
patient51370,1
patient51371,1
patient51372,7
patient51373,2
patient51374,4
patient51375,2
patient51376,1
patient51377,2
patient51378,4
patient51379,1
patient51380,1
patient51381,1
patient51382,2
patient51383,1
patient51384,2
patient51385,1
patient51386,1
patient51387,2
patient51388,1
patient51389,3
patient51390,2
patient51391,7
patient51392,4
patient51393,1
patient51394,1
patient51395,2
patient51396,2
patient51397,4
patient51398,1
patient51399,1
patient51400,1
patient51401,4
patient51402,2
patient51403,6
patient51404,1
patient51405,2
patient51406,1
patient51407,1
patient51408,1
patient51409,6
patient51410,1
patient51411,2
patient51412,3
patient51413,4
patient51414,3
patient51415,1
patient51416,1
patient51417,1
patient51418,1
patient51419,2
patient51420,1
patient51421,3
patient51422,1
patient51423,1
patient51424,1
patient51425,2
patient51426,2
patient51427,3
patient51428,2
patient51429,3
patient51430,2
patient51431,1
patient51432,1
patient51433,2
patient51434,2
patient51435,1
patient51436,1
patient51437,1
patient51438,2
patient51439,3
patient51440,3
patient51441,3
patient51442,2
patient51443,1
patient51444,2
patient51445,3
patient51446,1
patient51447,3
patient51448,3
patient51449,1
patient51450,2
patient51451,1
patient51452,2
patient51453,6
patient51454,2
patient51455,3
patient51456,1
patient51457,2
patient51458,2
patient51459,1
patient51460,2
patient51461,1
patient51462,3
patient51463,4
patient51464,1
patient51465,1
patient51466,2
patient51467,2
patient51468,2
patient51469,2
patient51470,1
patient51471,2
patient51472,1
patient51473,2
patient51474,1
patient51475,2
patient51476,1
patient51477,1
patient51478,1
patient51479,2
patient51480,2
patient51481,2
patient51482,1
patient51483,1
patient51484,3
patient51485,6
patient51486,3
patient51487,1
patient51488,3
patient51489,2
patient51490,2
patient51491,4
patient51492,3
patient51493,3
patient51494,1
patient51495,4
patient51496,1
patient51497,2
patient51498,4
patient51499,1
patient51500,1
patient51501,1
patient51502,1
patient51503,1
patient51504,1
patient51505,1
patient51506,1
patient51507,1
patient51508,1
patient51509,2
patient51510,3
patient51511,1
patient51512,2
patient51513,1
patient51514,1
patient51515,2
patient51516,2
patient51517,1
patient51518,2
patient51519,3
patient51520,3
patient51521,1
patient51522,2
patient51523,2
patient51524,2
patient51525,1
patient51526,3
patient51527,2
patient51528,2
patient51529,1
patient51530,2
patient51531,4
patient51532,2
patient51533,1
patient51534,3
patient51535,1
patient51536,4
patient51537,2
patient51538,1
patient51539,2
patient51540,1
patient51541,1
patient51542,1
patient51543,2
patient51544,2
patient51545,2
patient51546,4
patient51547,5
patient51548,3
patient51549,1
patient51550,1
patient51551,1
patient51552,2
patient51553,3
patient51554,1
patient51555,5
patient51556,8
patient51557,1
patient51558,2
patient51559,1
patient51560,4
patient51561,2
patient51562,1
patient51563,1
patient51564,3
patient51565,1
patient51566,2
patient51567,2
patient51568,2
patient51569,4
patient51570,3
patient51571,4
patient51572,1
patient51573,3
patient51574,1
patient51575,1
patient51576,3
patient51577,1
patient51578,1
patient51579,2
patient51580,3
patient51581,1
patient51582,3
patient51583,1
patient51584,3
patient51585,4
patient51586,2
patient51587,1
patient51588,2
patient51589,9
patient51590,2
patient51591,1
patient51592,1
patient51593,1
patient51594,3
patient51595,1
patient51596,1
patient51597,1
patient51598,1
patient51599,2
patient51600,1
patient51601,1
patient51602,1
patient51603,2
patient51604,2
patient51605,1
patient51606,2
patient51607,1
patient51608,1
patient51609,3
patient51610,2
patient51611,2
patient51612,2
patient51613,1
patient51614,1
patient51615,1
patient51616,2
patient51617,2
patient51618,4
patient51619,1
patient51620,1
patient51621,2
patient51622,3
patient51623,6
patient51624,1
patient51625,4
patient51626,1
patient51627,2
patient51628,1
patient51629,1
patient51630,1
patient51631,2
patient51632,1
patient51633,2
patient51634,1
patient51635,2
patient51636,1
patient51637,5
patient51638,1
patient51639,3
patient51640,1
patient51641,2
patient51642,2
patient51643,1
patient51644,2
patient51645,1
patient51646,1
patient51647,1
patient51648,1
patient51649,6
patient51650,2
patient51651,2
patient51652,3
patient51653,1
patient51654,4
patient51655,1
patient51656,1
patient51657,2
patient51658,4
patient51659,1
patient51660,1
patient51661,1
patient51662,2
patient51663,1
patient51664,1
patient51665,2
patient51666,1
patient51667,3
patient51668,1
patient51669,3
patient51670,1
patient51671,2
patient51672,3
patient51673,2
patient51674,1
patient51675,1
patient51676,1
patient51677,3
patient51678,8
patient51679,1
patient51680,1
patient51681,1
patient51682,1
patient51683,1
patient51684,1
patient51685,1
patient51686,2
patient51687,1
patient51688,2
patient51689,1
patient51690,3
patient51691,1
patient51692,1
patient51693,3
patient51694,3
patient51695,2
patient51696,1
patient51697,1
patient51698,1
patient51699,1
patient51700,3
patient51701,1
patient51702,2
patient51703,1
patient51704,1
patient51705,3
patient51706,2
patient51707,1
patient51708,1
patient51709,1
patient51710,3
patient51711,1
patient51712,1
patient51713,2
patient51714,1
patient51715,1
patient51716,2
patient51717,2
patient51718,1
patient51719,1
patient51720,4
patient51721,3
patient51722,3
patient51723,2
patient51724,1
patient51725,1
patient51726,2
patient51727,1
patient51728,1
patient51729,2
patient51730,3
patient51731,1
patient51732,1
patient51733,1
patient51734,1
patient51735,3
patient51736,2
patient51737,4
patient51738,1
patient51739,2
patient51740,2
patient51741,2
patient51742,3
patient51743,1
patient51744,1
patient51745,1
patient51746,1
patient51747,1
patient51748,1
patient51749,1
patient51750,1
patient51751,2
patient51752,2
patient51753,1
patient51754,1
patient51755,1
patient51756,3
patient51757,1
patient51758,1
patient51759,2
patient51760,1
patient51761,1
patient51762,1
patient51763,1
patient51764,2
patient51765,1
patient51766,2
patient51767,1
patient51768,2
patient51769,1
patient51770,1
patient51771,1
patient51772,1
patient51773,2
patient51774,1
patient51775,1
patient51776,1
patient51777,3
patient51778,1
patient51779,2
patient51780,1
patient51781,3
patient51782,2
patient51783,2
patient51784,2
patient51785,1
patient51786,2
patient51787,1
patient51788,2
patient51789,2
patient51790,1
patient51791,2
patient51792,5
patient51793,1
patient51794,2
patient51795,1
patient51796,2
patient51797,1
patient51798,1
patient51799,1
patient51800,1
patient51801,1
patient51802,1
patient51803,3
patient51804,1
patient51805,2
patient51806,1
patient51807,2
patient51808,1
patient51809,1
patient51810,1
patient51811,1
patient51812,1
patient51813,3
patient51814,3
patient51815,2
patient51816,3
patient51817,3
patient51818,1
patient51819,1
patient51820,2
patient51821,1
patient51822,1
patient51823,2
patient51824,1
patient51825,2
patient51826,2
patient51827,1
patient51828,1
patient51829,4
patient51830,1
patient51831,1
patient51832,1
patient51833,1
patient51834,2
patient51835,1
patient51836,2
patient51837,2
patient51838,2
patient51839,1
patient51840,2
patient51841,4
patient51842,2
patient51843,4
patient51844,1
patient51845,1
patient51846,1
patient51847,2
patient51848,1
patient51849,2
patient51850,1
patient51851,2
patient51852,2
patient51853,1
patient51854,1
patient51855,2
patient51856,2
patient51857,3
patient51858,1
patient51859,1
patient51860,2
patient51861,1
patient51862,1
patient51863,3
patient51864,1
patient51865,1
patient51866,1
patient51867,5
patient51868,2
patient51869,2
patient51870,2
patient51871,1
patient51872,3
patient51873,1
patient51874,2
patient51875,1
patient51876,1
patient51877,1
patient51878,1
patient51879,1
patient51880,1
patient51881,1
patient51882,2
patient51883,5
patient51884,1
patient51885,2
patient51886,2
patient51887,2
patient51888,2
patient51889,1
patient51890,1
patient51891,1
patient51892,1
patient51893,1
patient51894,1
patient51895,1
patient51896,1
patient51897,1
patient51898,1
patient51899,2
patient51900,1
patient51901,2
patient51902,2
patient51903,1
patient51904,1
patient51905,1
patient51906,2
patient51907,1
patient51908,1
patient51909,2
patient51910,3
patient51911,1
patient51912,1
patient51913,3
patient51914,1
patient51915,1
patient51916,1
patient51917,2
patient51918,3
patient51919,1
patient51920,1
patient51921,2
patient51922,2
patient51923,3
patient51924,1
patient51925,1
patient51926,1
patient51927,2
patient51928,1
patient51929,1
patient51930,1
patient51931,1
patient51932,2
patient51933,1
patient51934,4
patient51935,1
patient51936,1
patient51937,2
patient51938,1
patient51939,1
patient51940,1
patient51941,1
patient51942,1
patient51943,2
patient51944,1
patient51945,1
patient51946,1
patient51947,1
patient51948,1
patient51949,1
patient51950,1
patient51951,2
patient51952,2
patient51953,4
patient51954,1
patient51955,2
patient51956,1
patient51957,1
patient51958,1
patient51959,1
patient51960,1
patient51961,1
patient51962,1
patient51963,1
patient51964,1
patient51965,1
patient51966,4
patient51967,2
patient51968,1
patient51969,1
patient51970,1
patient51971,1
patient51972,2
patient51973,3
patient51974,1
patient51975,1
patient51976,1
patient51977,2
patient51978,1
patient51979,1
patient51980,1
patient51981,1
patient51982,2
patient51983,2
patient51984,2
patient51985,2
patient51986,3
patient51987,2
patient51988,1
patient51989,2
patient51990,4
patient51991,1
patient51992,2
patient51993,1
patient51994,1
patient51995,1
patient51996,2
patient51997,1
patient51998,1
patient51999,1
patient52000,2
patient52001,1
patient52002,2
patient52003,1
patient52004,1
patient52005,1
patient52006,1
patient52007,1
patient52008,2
patient52009,2
patient52010,1
patient52011,1
patient52012,1
patient52013,4
patient52014,1
patient52015,1
patient52016,1
patient52017,1
patient52018,3
patient52019,2
patient52020,2
patient52021,1
patient52022,3
patient52023,1
patient52024,1
patient52025,1
patient52026,2
patient52027,2
patient52028,2
patient52029,2
patient52030,1
patient52031,1
patient52032,1
patient52033,1
patient52034,1
patient52035,1
patient52036,2
patient52037,1
patient52038,2
patient52039,1
patient52040,3
patient52041,1
patient52042,2
patient52043,1
patient52044,1
patient52045,3
patient52046,1
patient52047,1
patient52048,1
patient52049,2
patient52050,2
patient52051,1
patient52052,1
patient52053,1
patient52054,2
patient52055,1
patient52056,2
patient52057,1
patient52058,1
patient52059,2
patient52060,1
patient52061,1
patient52062,1
patient52063,2
patient52064,2
patient52065,1
patient52066,3
patient52067,2
patient52068,4
patient52069,4
patient52070,3
patient52071,4
patient52072,1
patient52073,1
patient52074,2
patient52075,1
patient52076,1
patient52077,1
patient52078,1
patient52079,2
patient52080,1
patient52081,3
patient52082,1
patient52083,1
patient52084,1
patient52085,2
patient52086,3
patient52087,1
patient52088,1
patient52089,1
patient52090,2
patient52091,1
patient52092,1
patient52093,1
patient52094,1
patient52095,1
patient52096,2
patient52097,1
patient52098,2
patient52099,1
patient52100,1
patient52101,5
patient52102,1
patient52103,2
patient52104,1
patient52105,2
patient52106,1
patient52107,1
patient52108,1
patient52109,1
patient52110,2
patient52111,1
patient52112,1
patient52113,1
patient52114,2
patient52115,1
patient52116,1
patient52117,1
patient52118,5
patient52119,1
patient52120,2
patient52121,4
patient52122,4
patient52123,1
patient52124,1
patient52125,1
patient52126,2
patient52127,1
patient52128,4
patient52129,2
patient52130,1
patient52131,3
patient52132,1
patient52133,3
patient52134,1
patient52135,1
patient52136,1
patient52137,2
patient52138,1
patient52139,4
patient52140,1
patient52141,1
patient52142,2
patient52143,1
patient52144,2
patient52145,2
patient52146,3
patient52147,1
patient52148,2
patient52149,1
patient52150,1
patient52151,4
patient52152,3
patient52153,1
patient52154,2
patient52155,1
patient52156,1
patient52157,1
patient52158,2
patient52159,2
patient52160,1
patient52161,1
patient52162,2
patient52163,1
patient52164,1
patient52165,1
patient52166,1
patient52167,3
patient52168,4
patient52169,1
patient52170,1
patient52171,1
patient52172,1
patient52173,1
patient52174,4
patient52175,1
patient52176,2
patient52177,1
patient52178,4
patient52179,3
patient52180,2
patient52181,3
patient52182,1
patient52183,1
patient52184,2
patient52185,2
patient52186,2
patient52187,6
patient52188,1
patient52189,1
patient52190,1
patient52191,1
patient52192,1
patient52193,1
patient52194,1
patient52195,1
patient52196,2
patient52197,2
patient52198,2
patient52199,2
patient52200,1
patient52201,1
patient52202,1
patient52203,1
patient52204,2
patient52205,2
patient52206,1
patient52207,1
patient52208,1
patient52209,1
patient52210,1
patient52211,2
patient52212,1
patient52213,1
patient52214,1
patient52215,1
patient52216,2
patient52217,1
patient52218,1
patient52219,1
patient52220,1
patient52221,1
patient52222,1
patient52223,2
patient52224,1
patient52225,2
patient52226,1
patient52227,1
patient52228,1
patient52229,1
patient52230,2
patient52231,2
patient52232,1
patient52233,1
patient52234,1
patient52235,2
patient52236,1
patient52237,1
patient52238,2
patient52239,1
patient52240,1
patient52241,1
patient52242,1
patient52243,1
patient52244,1
patient52245,1
patient52246,1
patient52247,2
patient52248,1
patient52249,1
patient52250,1
patient52251,1
patient52252,1
patient52253,3
patient52254,1
patient52255,1
patient52256,2
patient52257,1
patient52258,3
patient52259,1
patient52260,1
patient52261,1
patient52262,1
patient52263,1
patient52264,1
patient52265,1
patient52266,1
patient52267,2
patient52268,1
patient52269,1
patient52270,1
patient52271,1
patient52272,2
patient52273,3
patient52274,1
patient52275,3
patient52276,1
patient52277,2
patient52278,1
patient52279,3
patient52280,1
patient52281,6
patient52282,1
patient52283,1
patient52284,7
patient52285,2
patient52286,1
patient52287,1
patient52288,1
patient52289,1
patient52290,2
patient52291,4
patient52292,2
patient52293,1
patient52294,1
patient52295,3
patient52296,1
patient52297,1
patient52298,3
patient52299,1
patient52300,1
patient52301,2
patient52302,2
patient52303,2
patient52304,1
patient52305,1
patient52306,1
patient52307,2
patient52308,1
patient52309,2
patient52310,1
patient52311,3
patient52312,1
patient52313,1
patient52314,1
patient52315,1
patient52316,2
patient52317,1
patient52318,1
patient52319,2
patient52320,1
patient52321,2
patient52322,1
patient52323,2
patient52324,1
patient52325,1
patient52326,1
patient52327,1
patient52328,1
patient52329,5
patient52330,1
patient52331,1
patient52332,1
patient52333,1
patient52334,1
patient52335,1
patient52336,1
patient52337,6
patient52338,1
patient52339,1
patient52340,2
patient52341,1
patient52342,1
patient52343,1
patient52344,1
patient52345,1
patient52346,3
patient52347,1
patient52348,2
patient52349,2
patient52350,2
patient52351,1
patient52352,1
patient52353,5
patient52354,1
patient52355,2
patient52356,1
patient52357,1
patient52358,1
patient52359,4
patient52360,1
patient52361,1
patient52362,2
patient52363,1
patient52364,1
patient52365,4
patient52366,2
patient52367,1
patient52368,1
patient52369,1
patient52370,3
patient52371,2
patient52372,2
patient52373,1
patient52374,1
patient52375,1
patient52376,1
patient52377,1
patient52378,1
patient52379,1
patient52380,1
patient52381,2
patient52382,1
patient52383,2
patient52384,2
patient52385,2
patient52386,1
patient52387,2
patient52388,1
patient52389,4
patient52390,1
patient52391,2
patient52392,1
patient52393,1
patient52394,3
patient52395,1
patient52396,1
patient52397,1
patient52398,1
patient52399,1
patient52400,2
patient52401,1
patient52402,1
patient52403,1
patient52404,1
patient52405,1
patient52406,2
patient52407,2
patient52408,1
patient52409,1
patient52410,2
patient52411,1
patient52412,4
patient52413,1
patient52414,1
patient52415,1
patient52416,2
patient52417,5
patient52418,1
patient52419,1
patient52420,2
patient52421,1
patient52422,1
patient52423,1
patient52424,2
patient52425,3
patient52426,1
patient52427,1
patient52428,2
patient52429,1
patient52430,1
patient52431,1
patient52432,1
patient52433,1
patient52434,4
patient52435,2
patient52436,2
patient52437,2
patient52438,3
patient52439,1
patient52440,2
patient52441,1
patient52442,2
patient52443,1
patient52444,2
patient52445,4
patient52446,1
patient52447,2
patient52448,1
patient52449,2
patient52450,3
patient52451,2
patient52452,1
patient52453,3
patient52454,2
patient52455,1
patient52456,1
patient52457,1
patient52458,2
patient52459,1
patient52460,1
patient52461,1
patient52462,4
patient52463,1
patient52464,2
patient52465,2
patient52466,2
patient52467,1
patient52468,2
patient52469,1
patient52470,2
patient52471,3
patient52472,1
patient52473,1
patient52474,3
patient52475,2
patient52476,2
patient52477,2
patient52478,2
patient52479,2
patient52480,3
patient52481,6
patient52482,2
patient52483,1
patient52484,1
patient52485,1
patient52486,1
patient52487,1
patient52488,1
patient52489,1
patient52490,2
patient52491,2
patient52492,1
patient52493,1
patient52494,1
patient52495,2
patient52496,2
patient52497,2
patient52498,1
patient52499,1
patient52500,2
patient52501,5
patient52502,1
patient52503,3
patient52504,1
patient52505,2
patient52506,1
patient52507,1
patient52508,2
patient52509,2
patient52510,2
patient52511,2
patient52512,1
patient52513,1
patient52514,2
patient52515,1
patient52516,1
patient52517,1
patient52518,1
patient52519,3
patient52520,2
patient52521,2
patient52522,1
patient52523,1
patient52524,2
patient52525,2
patient52526,1
patient52527,1
patient52528,1
patient52529,3
patient52530,6
patient52531,3
patient52532,1
patient52533,1
patient52534,1
patient52535,1
patient52536,1
patient52537,1
patient52538,1
patient52539,1
patient52540,1
patient52541,1
patient52542,1
patient52543,1
patient52544,2
patient52545,1
patient52546,2
patient52547,1
patient52548,1
patient52549,1
patient52550,1
patient52551,2
patient52552,2
patient52553,1
patient52554,2
patient52555,1
patient52556,1
patient52557,1
patient52558,1
patient52559,1
patient52560,2
patient52561,1
patient52562,1
patient52563,1
patient52564,2
patient52565,1
patient52566,2
patient52567,1
patient52568,1
patient52569,3
patient52570,2
patient52571,1
patient52572,1
patient52573,1
patient52574,2
patient52575,1
patient52576,1
patient52577,1
patient52578,1
patient52579,1
patient52580,1
patient52581,2
patient52582,1
patient52583,1
patient52584,3
patient52585,2
patient52586,2
patient52587,2
patient52588,2
patient52589,1
patient52590,1
patient52591,1
patient52592,3
patient52593,1
patient52594,1
patient52595,2
patient52596,1
patient52597,1
patient52598,2
patient52599,3
patient52600,2
patient52601,4
patient52602,1
patient52603,2
patient52604,3
patient52605,2
patient52606,3
patient52607,2
patient52608,3
patient52609,1
patient52610,1
patient52611,6
patient52612,1
patient52613,2
patient52614,3
patient52615,2
patient52616,3
patient52617,1
patient52618,1
patient52619,2
patient52620,1
patient52621,2
patient52622,1
patient52623,1
patient52624,1
patient52625,2
patient52626,2
patient52627,1
patient52628,1
patient52629,2
patient52630,1
patient52631,1
patient52632,1
patient52633,1
patient52634,1
patient52635,1
patient52636,1
patient52637,1
patient52638,1
patient52639,1
patient52640,2
patient52641,3
patient52642,1
patient52643,2
patient52644,2
patient52645,1
patient52646,1
patient52647,1
patient52648,2
patient52649,2
patient52650,1
patient52651,5
patient52652,1
patient52653,1
patient52654,2
patient52655,1
patient52656,2
patient52657,1
patient52658,4
patient52659,1
patient52660,5
patient52661,1
patient52662,1
patient52663,1
patient52664,4
patient52665,1
patient52666,3
patient52667,1
patient52668,1
patient52669,1
patient52670,1
patient52671,1
patient52672,1
patient52673,5
patient52674,1
patient52675,1
patient52676,1
patient52677,2
patient52678,1
patient52679,1
patient52680,1
patient52681,1
patient52682,1
patient52683,1
patient52684,2
patient52685,2
patient52686,1
patient52687,1
patient52688,1
patient52689,2
patient52690,2
patient52691,2
patient52692,1
patient52693,2
patient52694,1
patient52695,2
patient52696,2
patient52697,1
patient52698,1
patient52699,3
patient52700,1
patient52701,4
patient52702,2
patient52703,1
patient52704,1
patient52705,1
patient52706,1
patient52707,3
patient52708,4
patient52709,1
patient52710,1
patient52711,2
patient52712,1
patient52713,3
patient52714,1
patient52715,1
patient52716,1
patient52717,2
patient52718,1
patient52719,2
patient52720,1
patient52721,4
patient52722,1
patient52723,1
patient52724,1
patient52725,1
patient52726,2
patient52727,3
patient52728,1
patient52729,2
patient52730,2
patient52731,1
patient52732,4
patient52733,2
patient52734,1
patient52735,1
patient52736,1
patient52737,1
patient52738,1
patient52739,1
patient52740,1
patient52741,2
patient52742,1
patient52743,1
patient52744,2
patient52745,1
patient52746,3
patient52747,1
patient52748,1
patient52749,2
patient52750,1
patient52751,1
patient52752,2
patient52753,1
patient52754,1
patient52755,1
patient52756,1
patient52757,1
patient52758,1
patient52759,1
patient52760,3
patient52761,2
patient52762,2
patient52763,2
patient52764,1
patient52765,1
patient52766,1
patient52767,1
patient52768,3
patient52769,3
patient52770,1
patient52771,1
patient52772,1
patient52773,1
patient52774,1
patient52775,3
patient52776,2
patient52777,1
patient52778,3
patient52779,2
patient52780,1
patient52781,2
patient52782,2
patient52783,3
patient52784,1
patient52785,1
patient52786,1
patient52787,2
patient52788,2
patient52789,1
patient52790,1
patient52791,1
patient52792,2
patient52793,1
patient52794,1
patient52795,2
patient52796,2
patient52797,1
patient52798,1
patient52799,1
patient52800,3
patient52801,1
patient52802,4
patient52803,2
patient52804,3
patient52805,4
patient52806,2
patient52807,1
patient52808,2
patient52809,2
patient52810,1
patient52811,1
patient52812,2
patient52813,1
patient52814,1
patient52815,2
patient52816,1
patient52817,1
patient52818,2
patient52819,2
patient52820,1
patient52821,1
patient52822,1
patient52823,1
patient52824,2
patient52825,1
patient52826,1
patient52827,3
patient52828,1
patient52829,1
patient52830,2
patient52831,1
patient52832,1
patient52833,1
patient52834,5
patient52835,1
patient52836,2
patient52837,1
patient52838,1
patient52839,4
patient52840,3
patient52841,3
patient52842,2
patient52843,1
patient52844,2
patient52845,1
patient52846,2
patient52847,1
patient52848,2
patient52849,2
patient52850,1
patient52851,3
patient52852,1
patient52853,3
patient52854,1
patient52855,1
patient52856,1
patient52857,1
patient52858,3
patient52859,1
patient52860,1
patient52861,1
patient52862,3
patient52863,2
patient52864,2
patient52865,1
patient52866,1
patient52867,1
patient52868,1
patient52869,2
patient52870,1
patient52871,1
patient52872,1
patient52873,2
patient52874,1
patient52875,1
patient52876,1
patient52877,1
patient52878,1
patient52879,1
patient52880,1
patient52881,2
patient52882,1
patient52883,1
patient52884,1
patient52885,1
patient52886,1
patient52887,1
patient52888,2
patient52889,1
patient52890,1
patient52891,1
patient52892,1
patient52893,1
patient52894,2
patient52895,2
patient52896,2
patient52897,1
patient52898,1
patient52899,1
patient52900,1
patient52901,1
patient52902,1
patient52903,1
patient52904,1
patient52905,1
patient52906,1
patient52907,1
patient52908,1
patient52909,2
patient52910,1
patient52911,2
patient52912,1
patient52913,3
patient52914,2
patient52915,1
patient52916,2
patient52917,1
patient52918,1
patient52919,2
patient52920,2
patient52921,3
patient52922,3
patient52923,1
patient52924,1
patient52925,2
patient52926,3
patient52927,1
patient52928,1
patient52929,1
patient52930,2
patient52931,1
patient52932,1
patient52933,1
patient52934,5
patient52935,1
patient52936,1
patient52937,1
patient52938,2
patient52939,1
patient52940,3
patient52941,1
patient52942,3
patient52943,2
patient52944,1
patient52945,3
patient52946,1
patient52947,1
patient52948,1
patient52949,1
patient52950,1
patient52951,1
patient52952,1
patient52953,1
patient52954,5
patient52955,1
patient52956,1
patient52957,1
patient52958,1
patient52959,3
patient52960,2
patient52961,1
patient52962,1
patient52963,3
patient52964,1
patient52965,1
patient52966,1
patient52967,3
patient52968,3
patient52969,1
patient52970,2
patient52971,2
patient52972,1
patient52973,4
patient52974,2
patient52975,1
patient52976,2
patient52977,1
patient52978,2
patient52979,1
patient52980,1
patient52981,1
patient52982,1
patient52983,2
patient52984,2
patient52985,1
patient52986,1
patient52987,2
patient52988,1
patient52989,1
patient52990,1
patient52991,3
patient52992,3
patient52993,1
patient52994,1
patient52995,3
patient52996,1
patient52997,1
patient52998,3
patient52999,2
patient53000,1
patient53001,2
patient53002,1
patient53003,3
patient53004,1
patient53005,1
patient53006,1
patient53007,1
patient53008,3
patient53009,1
patient53010,3
patient53011,1
patient53012,1
patient53013,1
patient53014,1
patient53015,1
patient53016,1
patient53017,1
patient53018,1
patient53019,1
patient53020,1
patient53021,1
patient53022,1
patient53023,1
patient53024,1
patient53025,1
patient53026,3
patient53027,1
patient53028,2
patient53029,2
patient53030,1
patient53031,1
patient53032,2
patient53033,1
patient53034,1
patient53035,2
patient53036,1
patient53037,2
patient53038,1
patient53039,1
patient53040,1
patient53041,3
patient53042,1
patient53043,1
patient53044,1
patient53045,1
patient53046,1
patient53047,2
patient53048,1
patient53049,1
patient53050,2
patient53051,2
patient53052,3
patient53053,1
patient53054,1
patient53055,3
patient53056,1
patient53057,1
patient53058,2
patient53059,3
patient53060,2
patient53061,1
patient53062,1
patient53063,2
patient53064,2
patient53065,1
patient53066,1
patient53067,1
patient53068,1
patient53069,1
patient53070,1
patient53071,1
patient53072,1
patient53073,1
patient53074,1
patient53075,1
patient53076,1
patient53077,1
patient53078,2
patient53079,1
patient53080,1
patient53081,2
patient53082,1
patient53083,1
patient53084,2
patient53085,1
patient53086,4
patient53087,1
patient53088,1
patient53089,1
patient53090,1
patient53091,3
patient53092,1
patient53093,2
patient53094,2
patient53095,2
patient53096,1
patient53097,1
patient53098,1
patient53099,2
patient53100,1
patient53101,1
patient53102,1
patient53103,1
patient53104,1
patient53105,1
patient53106,3
patient53107,1
patient53108,1
patient53109,1
patient53110,2
patient53111,1
patient53112,2
patient53113,1
patient53114,2
patient53115,3
patient53116,1
patient53117,2
patient53118,2
patient53119,1
patient53120,1
patient53121,1
patient53122,2
patient53123,1
patient53124,3
patient53125,1
patient53126,1
patient53127,2
patient53128,1
patient53129,1
patient53130,1
patient53131,3
patient53132,1
patient53133,3
patient53134,4
patient53135,1
patient53136,2
patient53137,2
patient53138,1
patient53139,1
patient53140,1
patient53141,2
patient53142,1
patient53143,1
patient53144,1
patient53145,3
patient53146,1
patient53147,1
patient53148,1
patient53149,1
patient53150,1
patient53151,1
patient53152,2
patient53153,1
patient53154,1
patient53155,1
patient53156,1
patient53157,3
patient53158,1
patient53159,1
patient53160,2
patient53161,1
patient53162,3
patient53163,1
patient53164,3
patient53165,1
patient53166,3
patient53167,2
patient53168,1
patient53169,2
patient53170,1
patient53171,1
patient53172,1
patient53173,2
patient53174,2
patient53175,1
patient53176,1
patient53177,5
patient53178,1
patient53179,4
patient53180,1
patient53181,2
patient53182,1
patient53183,1
patient53184,2
patient53185,2
patient53186,2
patient53187,2
patient53188,2
patient53189,4
patient53190,1
patient53191,1
patient53192,1
patient53193,1
patient53194,1
patient53195,1
patient53196,2
patient53197,1
patient53198,5
patient53199,2
patient53200,1
patient53201,1
patient53202,1
patient53203,1
patient53204,1
patient53205,2
patient53206,1
patient53207,1
patient53208,1
patient53209,1
patient53210,1
patient53211,1
patient53212,1
patient53213,1
patient53214,2
patient53215,3
patient53216,1
patient53217,3
patient53218,2
patient53219,1
patient53220,2
patient53221,1
patient53222,1
patient53223,2
patient53224,3
patient53225,2
patient53226,2
patient53227,2
patient53228,2
patient53229,1
patient53230,3
patient53231,2
patient53232,2
patient53233,2
patient53234,1
patient53235,1
patient53236,1
patient53237,1
patient53238,1
patient53239,1
patient53240,1
patient53241,2
patient53242,1
patient53243,1
patient53244,3
patient53245,2
patient53246,1
patient53247,2
patient53248,3
patient53249,1
patient53250,4
patient53251,1
patient53252,1
patient53253,3
patient53254,2
patient53255,3
patient53256,2
patient53257,1
patient53258,4
patient53259,1
patient53260,3
patient53261,1
patient53262,1
patient53263,1
patient53264,1
patient53265,2
patient53266,4
patient53267,2
patient53268,2
patient53269,3
patient53270,3
patient53271,2
patient53272,1
patient53273,1
patient53274,5
patient53275,1
patient53276,1
patient53277,1
patient53278,1
patient53279,5
patient53280,1
patient53281,1
patient53282,1
patient53283,1
patient53284,1
patient53285,1
patient53286,1
patient53287,1
patient53288,1
patient53289,2
patient53290,2
patient53291,2
patient53292,1
patient53293,1
patient53294,4
patient53295,3
patient53296,1
patient53297,1
patient53298,1
patient53299,1
patient53300,1
patient53301,2
patient53302,1
patient53303,3
patient53304,1
patient53305,2
patient53306,1
patient53307,5
patient53308,1
patient53309,2
patient53310,1
patient53311,1
patient53312,1
patient53313,1
patient53314,7
patient53315,2
patient53316,1
patient53317,1
patient53318,1
patient53319,1
patient53320,1
patient53321,3
patient53322,3
patient53323,1
patient53324,2
patient53325,1
patient53326,1
patient53327,2
patient53328,1
patient53329,1
patient53330,4
patient53331,7
patient53332,3
patient53333,1
patient53334,2
patient53335,1
patient53336,1
patient53337,1
patient53338,1
patient53339,1
patient53340,2
patient53341,1
patient53342,1
patient53343,3
patient53344,1
patient53345,1
patient53346,1
patient53347,2
patient53348,1
patient53349,4
patient53350,2
patient53351,3
patient53352,1
patient53353,1
patient53354,1
patient53355,1
patient53356,2
patient53357,2
patient53358,1
patient53359,1
patient53360,2
patient53361,1
patient53362,1
patient53363,2
patient53364,1
patient53365,2
patient53366,1
patient53367,4
patient53368,2
patient53369,1
patient53370,1
patient53371,1
patient53372,1
patient53373,1
patient53374,4
patient53375,3
patient53376,6
patient53377,1
patient53378,1
patient53379,1
patient53380,1
patient53381,1
patient53382,1
patient53383,1
patient53384,4
patient53385,1
patient53386,2
patient53387,2
patient53388,2
patient53389,1
patient53390,1
patient53391,1
patient53392,2
patient53393,2
patient53394,1
patient53395,3
patient53396,1
patient53397,2
patient53398,3
patient53399,2
patient53400,2
patient53401,1
patient53402,4
patient53403,3
patient53404,1
patient53405,1
patient53406,2
patient53407,1
patient53408,1
patient53409,1
patient53410,1
patient53411,4
patient53412,1
patient53413,6
patient53414,1
patient53415,2
patient53416,1
patient53417,1
patient53418,2
patient53419,1
patient53420,1
patient53421,1
patient53422,3
patient53423,2
patient53424,1
patient53425,1
patient53426,1
patient53427,1
patient53428,1
patient53429,1
patient53430,1
patient53431,2
patient53432,1
patient53433,1
patient53434,1
patient53435,2
patient53436,1
patient53437,2
patient53438,1
patient53439,3
patient53440,2
patient53441,1
patient53442,1
patient53443,1
patient53444,1
patient53445,2
patient53446,2
patient53447,4
patient53448,2
patient53449,1
patient53450,1
patient53451,1
patient53452,2
patient53453,1
patient53454,1
patient53455,1
patient53456,1
patient53457,2
patient53458,5
patient53459,1
patient53460,1
patient53461,1
patient53462,1
patient53463,2
patient53464,1
patient53465,1
patient53466,2
patient53467,2
patient53468,1
patient53469,2
patient53470,1
patient53471,2
patient53472,2
patient53473,1
patient53474,1
patient53475,1
patient53476,2
patient53477,2
patient53478,2
patient53479,2
patient53480,2
patient53481,3
patient53482,2
patient53483,1
patient53484,1
patient53485,1
patient53486,1
patient53487,1
patient53488,1
patient53489,2
patient53490,2
patient53491,4
patient53492,2
patient53493,2
patient53494,3
patient53495,1
patient53496,1
patient53497,2
patient53498,3
patient53499,1
patient53500,1
patient53501,1
patient53502,1
patient53503,1
patient53504,1
patient53505,2
patient53506,3
patient53507,4
patient53508,2
patient53509,2
patient53510,1
patient53511,1
patient53512,1
patient53513,1
patient53514,2
patient53515,2
patient53516,2
patient53517,1
patient53518,1
patient53519,1
patient53520,1
patient53521,1
patient53522,1
patient53523,1
patient53524,1
patient53525,1
patient53526,5
patient53527,1
patient53528,1
patient53529,1
patient53530,1
patient53531,2
patient53532,2
patient53533,1
patient53534,1
patient53535,1
patient53536,1
patient53537,2
patient53538,1
patient53539,1
patient53540,2
patient53541,1
patient53542,1
patient53543,3
patient53544,3
patient53545,1
patient53546,2
patient53547,1
patient53548,1
patient53549,2
patient53550,2
patient53551,2
patient53552,1
patient53553,1
patient53554,2
patient53555,2
patient53556,2
patient53557,1
patient53558,1
patient53559,1
patient53560,1
patient53561,2
patient53562,1
patient53563,2
patient53564,1
patient53565,6
patient53566,2
patient53567,2
patient53568,1
patient53569,1
patient53570,1
patient53571,1
patient53572,3
patient53573,2
patient53574,1
patient53575,4
patient53576,1
patient53577,2
patient53578,1
patient53579,1
patient53580,1
patient53581,3
patient53582,4
patient53583,3
patient53584,2
patient53585,2
patient53586,1
patient53587,2
patient53588,1
patient53589,1
patient53590,2
patient53591,1
patient53592,3
patient53593,1
patient53594,1
patient53595,2
patient53596,1
patient53597,1
patient53598,1
patient53599,3
patient53600,3
patient53601,1
patient53602,1
patient53603,1
patient53604,2
patient53605,2
patient53606,1
patient53607,1
patient53608,1
patient53609,1
patient53610,2
patient53611,1
patient53612,5
patient53613,2
patient53614,2
patient53615,1
patient53616,1
patient53617,1
patient53618,1
patient53619,1
patient53620,1
patient53621,5
patient53622,2
patient53623,1
patient53624,1
patient53625,1
patient53626,1
patient53627,3
patient53628,1
patient53629,1
patient53630,2
patient53631,1
patient53632,1
patient53633,1
patient53634,4
patient53635,1
patient53636,2
patient53637,1
patient53638,3
patient53639,3
patient53640,1
patient53641,1
patient53642,3
patient53643,1
patient53644,2
patient53645,2
patient53646,1
patient53647,1
patient53648,1
patient53649,2
patient53650,1
patient53651,1
patient53652,2
patient53653,1
patient53654,1
patient53655,1
patient53656,1
patient53657,3
patient53658,1
patient53659,1
patient53660,1
patient53661,5
patient53662,2
patient53663,1
patient53664,2
patient53665,1
patient53666,2
patient53667,1
patient53668,2
patient53669,1
patient53670,1
patient53671,2
patient53672,1
patient53673,1
patient53674,1
patient53675,3
patient53676,2
patient53677,5
patient53678,1
patient53679,1
patient53680,1
patient53681,1
patient53682,1
patient53683,1
patient53684,1
patient53685,2
patient53686,1
patient53687,1
patient53688,1
patient53689,1
patient53690,2
patient53691,2
patient53692,1
patient53693,1
patient53694,3
patient53695,2
patient53696,1
patient53697,1
patient53698,3
patient53699,1
patient53700,3
patient53701,1
patient53702,1
patient53703,3
patient53704,1
patient53705,1
patient53706,1
patient53707,1
patient53708,1
patient53709,3
patient53710,1
patient53711,1
patient53712,1
patient53713,1
patient53714,1
patient53715,1
patient53716,3
patient53717,3
patient53718,1
patient53719,2
patient53720,1
patient53721,2
patient53722,4
patient53723,1
patient53724,1
patient53725,1
patient53726,2
patient53727,1
patient53728,2
patient53729,2
patient53730,1
patient53731,2
patient53732,2
patient53733,1
patient53734,2
patient53735,2
patient53736,1
patient53737,3
patient53738,1
patient53739,2
patient53740,3
patient53741,1
patient53742,3
patient53743,1
patient53744,1
patient53745,1
patient53746,1
patient53747,1
patient53748,1
patient53749,2
patient53750,1
patient53751,1
patient53752,3
patient53753,1
patient53754,1
patient53755,1
patient53756,1
patient53757,1
patient53758,2
patient53759,1
patient53760,1
patient53761,1
patient53762,1
patient53763,1
patient53764,3
patient53765,2
patient53766,1
patient53767,2
patient53768,1
patient53769,1
patient53770,1
patient53771,1
patient53772,1
patient53773,2
patient53774,3
patient53775,2
patient53776,2
patient53777,1
patient53778,1
patient53779,1
patient53780,3
patient53781,3
patient53782,1
patient53783,1
patient53784,1
patient53785,1
patient53786,1
patient53787,3
patient53788,2
patient53789,2
patient53790,2
patient53791,1
patient53792,1
patient53793,4
patient53794,1
patient53795,1
patient53796,1
patient53797,2
patient53798,1
patient53799,3
patient53800,2
patient53801,1
patient53802,1
patient53803,1
patient53804,1
patient53805,1
patient53806,1
patient53807,1
patient53808,1
patient53809,1
patient53810,1
patient53811,1
patient53812,1
patient53813,1
patient53814,2
patient53815,1
patient53816,1
patient53817,2
patient53818,6
patient53819,2
patient53820,2
patient53821,1
patient53822,1
patient53823,1
patient53824,1
patient53825,1
patient53826,1
patient53827,1
patient53828,1
patient53829,2
patient53830,1
patient53831,2
patient53832,1
patient53833,1
patient53834,1
patient53835,1
patient53836,1
patient53837,6
patient53838,1
patient53839,3
patient53840,1
patient53841,1
patient53842,1
patient53843,3
patient53844,2
patient53845,2
patient53846,1
patient53847,1
patient53848,1
patient53849,1
patient53850,2
patient53851,2
patient53852,2
patient53853,2
patient53854,2
patient53855,1
patient53856,1
patient53857,1
patient53858,1
patient53859,2
patient53860,1
patient53861,1
patient53862,1
patient53863,1
patient53864,1
patient53865,1
patient53866,2
patient53867,1
patient53868,3
patient53869,1
patient53870,1
patient53871,3
patient53872,2
patient53873,1
patient53874,3
patient53875,2
patient53876,1
patient53877,1
patient53878,1
patient53879,1
patient53880,1
patient53881,2
patient53882,1
patient53883,1
patient53884,1
patient53885,1
patient53886,5
patient53887,1
patient53888,2
patient53889,2
patient53890,2
patient53891,2
patient53892,1
patient53893,1
patient53894,2
patient53895,2
patient53896,2
patient53897,1
patient53898,1
patient53899,5
patient53900,1
patient53901,4
patient53902,3
patient53903,2
patient53904,2
patient53905,1
patient53906,1
patient53907,2
patient53908,1
patient53909,2
patient53910,1
patient53911,1
patient53912,2
patient53913,1
patient53914,1
patient53915,1
patient53916,1
patient53917,1
patient53918,2
patient53919,2
patient53920,1
patient53921,2
patient53922,2
patient53923,1
patient53924,2
patient53925,1
patient53926,2
patient53927,1
patient53928,1
patient53929,2
patient53930,2
patient53931,1
patient53932,1
patient53933,1
patient53934,2
patient53935,1
patient53936,1
patient53937,3
patient53938,1
patient53939,1
patient53940,1
patient53941,1
patient53942,1
patient53943,1
patient53944,1
patient53945,3
patient53946,2
patient53947,7
patient53948,1
patient53949,2
patient53950,2
patient53951,1
patient53952,1
patient53953,1
patient53954,2
patient53955,4
patient53956,4
patient53957,1
patient53958,1
patient53959,1
patient53960,4
patient53961,3
patient53962,2
patient53963,2
patient53964,1
patient53965,3
patient53966,1
patient53967,1
patient53968,3
patient53969,1
patient53970,4
patient53971,1
patient53972,4
patient53973,2
patient53974,4
patient53975,1
patient53976,3
patient53977,1
patient53978,1
patient53979,2
patient53980,2
patient53981,1
patient53982,4
patient53983,2
patient53984,1
patient53985,1
patient53986,1
patient53987,3
patient53988,4
patient53989,1
patient53990,3
patient53991,1
patient53992,1
patient53993,2
patient53994,4
patient53995,1
patient53996,2
patient53997,1
patient53998,1
patient53999,1
patient54000,1
patient54001,1
patient54002,1
patient54003,1
patient54004,1
patient54005,1
patient54006,1
patient54007,1
patient54008,3
patient54009,4
patient54010,2
patient54011,1
patient54012,2
patient54013,1
patient54014,1
patient54015,1
patient54016,1
patient54017,1
patient54018,1
patient54019,1
patient54020,1
patient54021,1
patient54022,1
patient54023,1
patient54024,1
patient54025,2
patient54026,1
patient54027,1
patient54028,1
patient54029,2
patient54030,1
patient54031,3
patient54032,1
patient54033,1
patient54034,1
patient54035,1
patient54036,1
patient54037,1
patient54038,1
patient54039,2
patient54040,1
patient54041,2
patient54042,2
patient54043,2
patient54044,1
patient54045,2
patient54046,3
patient54047,1
patient54048,1
patient54049,1
patient54050,2
patient54051,1
patient54052,1
patient54053,1
patient54054,1
patient54055,2
patient54056,1
patient54057,2
patient54058,1
patient54059,1
patient54060,1
patient54061,1
patient54062,3
patient54063,1
patient54064,2
patient54065,2
patient54066,1
patient54067,1
patient54068,1
patient54069,1
patient54070,2
patient54071,1
patient54072,1
patient54073,1
patient54074,5
patient54075,2
patient54076,1
patient54077,2
patient54078,2
patient54079,2
patient54080,1
patient54081,2
patient54082,1
patient54083,1
patient54084,1
patient54085,1
patient54086,4
patient54087,1
patient54088,1
patient54089,1
patient54090,2
patient54091,1
patient54092,2
patient54093,4
patient54094,4
patient54095,1
patient54096,2
patient54097,1
patient54098,1
patient54099,4
patient54100,1
patient54101,1
patient54102,1
patient54103,1
patient54104,1
patient54105,4
patient54106,1
patient54107,3
patient54108,4
patient54109,1
patient54110,1
patient54111,1
patient54112,2
patient54113,1
patient54114,1
patient54115,1
patient54116,1
patient54117,1
patient54118,2
patient54119,2
patient54120,1
patient54121,1
patient54122,1
patient54123,1
patient54124,3
patient54125,1
patient54126,5
patient54127,3
patient54128,1
patient54129,1
patient54130,2
patient54131,1
patient54132,1
patient54133,1
patient54134,2
patient54135,1
patient54136,1
patient54137,2
patient54138,1
patient54139,1
patient54140,1
patient54141,2
patient54142,1
patient54143,3
patient54144,1
patient54145,1
patient54146,1
patient54147,1
patient54148,1
patient54149,3
patient54150,2
patient54151,2
patient54152,1
patient54153,4
patient54154,2
patient54155,1
patient54156,2
patient54157,3
patient54158,1
patient54159,1
patient54160,1
patient54161,1
patient54162,3
patient54163,4
patient54164,1
patient54165,1
patient54166,1
patient54167,1
patient54168,1
patient54169,1
patient54170,1
patient54171,1
patient54172,1
patient54173,1
patient54174,1
patient54175,4
patient54176,1
patient54177,9
patient54178,1
patient54179,3
patient54180,1
patient54181,1
patient54182,1
patient54183,4
patient54184,1
patient54185,1
patient54186,4
patient54187,3
patient54188,3
patient54189,1
patient54190,1
patient54191,3
patient54192,1
patient54193,1
patient54194,3
patient54195,1
patient54196,1
patient54197,1
patient54198,1
patient54199,1
patient54200,1
patient54201,1
patient54202,1
patient54203,1
patient54204,3
patient54205,1
patient54206,1
patient54207,1
patient54208,1
patient54209,1
patient54210,1
patient54211,1
patient54212,2
patient54213,1
patient54214,2
patient54215,1
patient54216,2
patient54217,5
patient54218,1
patient54219,1
patient54220,1
patient54221,1
patient54222,2
patient54223,1
patient54224,1
patient54225,2
patient54226,1
patient54227,1
patient54228,4
patient54229,2
patient54230,3
patient54231,1
patient54232,1
patient54233,1
patient54234,1
patient54235,1
patient54236,2
patient54237,2
patient54238,1
patient54239,2
patient54240,1
patient54241,4
patient54242,1
patient54243,2
patient54244,1
patient54245,1
patient54246,2
patient54247,1
patient54248,1
patient54249,2
patient54250,1
patient54251,1
patient54252,1
patient54253,1
patient54254,5
patient54255,1
patient54256,1
patient54257,2
patient54258,2
patient54259,1
patient54260,1
patient54261,2
patient54262,1
patient54263,3
patient54264,1
patient54265,1
patient54266,1
patient54267,1
patient54268,1
patient54269,1
patient54270,1
patient54271,1
patient54272,2
patient54273,1
patient54274,1
patient54275,1
patient54276,1
patient54277,4
patient54278,1
patient54279,1
patient54280,1
patient54281,1
patient54282,1
patient54283,3
patient54284,1
patient54285,2
patient54286,3
patient54287,1
patient54288,1
patient54289,1
patient54290,1
patient54291,2
patient54292,3
patient54293,2
patient54294,2
patient54295,1
patient54296,3
patient54297,1
patient54298,1
patient54299,1
patient54300,1
patient54301,1
patient54302,1
patient54303,1
patient54304,1
patient54305,1
patient54306,1
patient54307,1
patient54308,1
patient54309,2
patient54310,1
patient54311,1
patient54312,1
patient54313,3
patient54314,1
patient54315,1
patient54316,2
patient54317,1
patient54318,2
patient54319,4
patient54320,2
patient54321,1
patient54322,1
patient54323,1
patient54324,1
patient54325,3
patient54326,1
patient54327,1
patient54328,2
patient54329,2
patient54330,1
patient54331,1
patient54332,1
patient54333,1
patient54334,1
patient54335,2
patient54336,1
patient54337,1
patient54338,2
patient54339,3
patient54340,2
patient54341,1
patient54342,1
patient54343,1
patient54344,2
patient54345,5
patient54346,1
patient54347,1
patient54348,1
patient54349,1
patient54350,1
patient54351,2
patient54352,3
patient54353,1
patient54354,1
patient54355,1
patient54356,1
patient54357,1
patient54358,1
patient54359,1
patient54360,2
patient54361,6
patient54362,2
patient54363,1
patient54364,3
patient54365,2
patient54366,2
patient54367,6
patient54368,1
patient54369,2
patient54370,4
patient54371,3
patient54372,1
patient54373,2
patient54374,1
patient54375,1
patient54376,6
patient54377,2
patient54378,1
patient54379,1
patient54380,3
patient54381,8
patient54382,1
patient54383,1
patient54384,3
patient54385,1
patient54386,2
patient54387,1
patient54388,1
patient54389,2
patient54390,2
patient54391,1
patient54392,1
patient54393,2
patient54394,1
patient54395,1
patient54396,2
patient54397,1
patient54398,3
patient54399,1
patient54400,1
patient54401,1
patient54402,1
patient54403,1
patient54404,1
patient54405,1
patient54406,1
patient54407,1
patient54408,1
patient54409,1
patient54410,1
patient54411,1
patient54412,3
patient54413,1
patient54414,2
patient54415,1
patient54416,2
patient54417,2
patient54418,1
patient54419,1
patient54420,1
patient54421,2
patient54422,1
patient54423,1
patient54424,2
patient54425,1
patient54426,4
patient54427,1
patient54428,1
patient54429,3
patient54430,2
patient54431,1
patient54432,1
patient54433,1
patient54434,1
patient54435,1
patient54436,1
patient54437,1
patient54438,1
patient54439,2
patient54440,1
patient54441,1
patient54442,2
patient54443,1
patient54444,2
patient54445,1
patient54446,2
patient54447,1
patient54448,1
patient54449,1
patient54450,1
patient54451,1
patient54452,8
patient54453,1
patient54454,1
patient54455,1
patient54456,3
patient54457,1
patient54458,1
patient54459,2
patient54460,1
patient54461,3
patient54462,1
patient54463,1
patient54464,2
patient54465,1
patient54466,4
patient54467,1
patient54468,2
patient54469,1
patient54470,1
patient54471,1
patient54472,1
patient54473,2
patient54474,3
patient54475,1
patient54476,1
patient54477,1
patient54478,2
patient54479,1
patient54480,1
patient54481,1
patient54482,1
patient54483,4
patient54484,1
patient54485,1
patient54486,5
patient54487,2
patient54488,1
patient54489,2
patient54490,1
patient54491,1
patient54492,1
patient54493,2
patient54494,2
patient54495,2
patient54496,2
patient54497,3
patient54498,5
patient54499,1
patient54500,1
patient54501,1
patient54502,3
patient54503,1
patient54504,1
patient54505,1
patient54506,1
patient54507,1
patient54508,1
patient54509,2
patient54510,1
patient54511,1
patient54512,1
patient54513,1
patient54514,1
patient54515,1
patient54516,1
patient54517,1
patient54518,1
patient54519,2
patient54520,3
patient54521,2
patient54522,1
patient54523,3
patient54524,1
patient54525,2
patient54526,1
patient54527,1
patient54528,1
patient54529,4
patient54530,2
patient54531,1
patient54532,2
patient54533,1
patient54534,1
patient54535,1
patient54536,2
patient54537,3
patient54538,2
patient54539,1
patient54540,1
patient54541,2
patient54542,5
patient54543,1
patient54544,2
patient54545,1
patient54546,2
patient54547,2
patient54548,4
patient54549,2
patient54550,1
patient54551,1
patient54552,1
patient54553,1
patient54554,3
patient54555,2
patient54556,1
patient54557,2
patient54558,1
patient54559,3
patient54560,2
patient54561,1
patient54562,3
patient54563,2
patient54564,2
patient54565,1
patient54566,3
patient54567,4
patient54568,1
patient54569,2
patient54570,1
patient54571,1
patient54572,1
patient54573,1
patient54574,1
patient54575,1
patient54576,2
patient54577,2
patient54578,1
patient54579,3
patient54580,2
patient54581,1
patient54582,1
patient54583,2
patient54584,7
patient54585,1
patient54586,1
patient54587,4
patient54588,1
patient54589,2
patient54590,1
patient54591,1
patient54592,1
patient54593,1
patient54594,2
patient54595,1
patient54596,3
patient54597,1
patient54598,1
patient54599,3
patient54600,1
patient54601,1
patient54602,1
patient54603,3
patient54604,1
patient54605,2
patient54606,1
patient54607,2
patient54608,1
patient54609,1
patient54610,1
patient54611,2
patient54612,1
patient54613,1
patient54614,1
patient54615,2
patient54616,1
patient54617,1
patient54618,1
patient54619,2
patient54620,2
patient54621,1
patient54622,1
patient54623,1
patient54624,2
patient54625,2
patient54626,1
patient54627,2
patient54628,1
patient54629,1
patient54630,2
patient54631,1
patient54632,1
patient54633,3
patient54634,1
patient54635,4
patient54636,1
patient54637,2
patient54638,1
patient54639,6
patient54640,1
patient54641,2
patient54642,1
patient54643,1
patient54644,1
patient54645,1
patient54646,1
patient54647,2
patient54648,1
patient54649,1
patient54650,1
patient54651,3
patient54652,1
patient54653,2
patient54654,1
patient54655,3
patient54656,3
patient54657,1
patient54658,2
patient54659,1
patient54660,1
patient54661,1
patient54662,1
patient54663,2
patient54664,1
patient54665,3
patient54666,1
patient54667,1
patient54668,1
patient54669,2
patient54670,1
patient54671,1
patient54672,8
patient54673,1
patient54674,2
patient54675,1
patient54676,5
patient54677,1
patient54678,3
patient54679,4
patient54680,2
patient54681,1
patient54682,1
patient54683,2
patient54684,2
patient54685,4
patient54686,1
patient54687,1
patient54688,2
patient54689,2
patient54690,1
patient54691,4
patient54692,1
patient54693,1
patient54694,1
patient54695,3
patient54696,1
patient54697,2
patient54698,1
patient54699,1
patient54700,2
patient54701,1
patient54702,2
patient54703,1
patient54704,4
patient54705,1
patient54706,4
patient54707,2
patient54708,2
patient54709,1
patient54710,1
patient54711,1
patient54712,1
patient54713,1
patient54714,8
patient54715,2
patient54716,1
patient54717,1
patient54718,2
patient54719,1
patient54720,2
patient54721,2
patient54722,2
patient54723,1
patient54724,1
patient54725,1
patient54726,1
patient54727,3
patient54728,1
patient54729,2
patient54730,2
patient54731,1
patient54732,1
patient54733,1
patient54734,1
patient54735,1
patient54736,2
patient54737,1
patient54738,1
patient54739,1
patient54740,1
patient54741,1
patient54742,1
patient54743,2
patient54744,1
patient54745,1
patient54746,3
patient54747,2
patient54748,1
patient54749,3
patient54750,1
patient54751,2
patient54752,2
patient54753,1
patient54754,1
patient54755,1
patient54756,1
patient54757,2
patient54758,3
patient54759,1
patient54760,1
patient54761,2
patient54762,1
patient54763,1
patient54764,1
patient54765,1
patient54766,2
patient54767,2
patient54768,1
patient54769,1
patient54770,1
patient54771,1
patient54772,1
patient54773,2
patient54774,2
patient54775,1
patient54776,1
patient54777,1
patient54778,1
patient54779,3
patient54780,2
patient54781,1
patient54782,2
patient54783,3
patient54784,1
patient54785,1
patient54786,2
patient54787,1
patient54788,2
patient54789,1
patient54790,1
patient54791,2
patient54792,1
patient54793,1
patient54794,2
patient54795,2
patient54796,2
patient54797,1
patient54798,1
patient54799,2
patient54800,1
patient54801,1
patient54802,1
patient54803,1
patient54804,2
patient54805,1
patient54806,2
patient54807,1
patient54808,1
patient54809,2
patient54810,1
patient54811,1
patient54812,1
patient54813,1
patient54814,1
patient54815,1
patient54816,1
patient54817,1
patient54818,3
patient54819,6
patient54820,3
patient54821,1
patient54822,2
patient54823,1
patient54824,2
patient54825,1
patient54826,3
patient54827,1
patient54828,2
patient54829,1
patient54830,1
patient54831,2
patient54832,1
patient54833,1
patient54834,1
patient54835,1
patient54836,2
patient54837,1
patient54838,1
patient54839,3
patient54840,1
patient54841,1
patient54842,1
patient54843,2
patient54844,1
patient54845,5
patient54846,1
patient54847,1
patient54848,1
patient54849,1
patient54850,1
patient54851,1
patient54852,1
patient54853,1
patient54854,4
patient54855,2
patient54856,1
patient54857,1
patient54858,1
patient54859,1
patient54860,1
patient54861,1
patient54862,1
patient54863,8
patient54864,1
patient54865,1
patient54866,1
patient54867,3
patient54868,1
patient54869,2
patient54870,4
patient54871,2
patient54872,3
patient54873,2
patient54874,1
patient54875,1
patient54876,2
patient54877,3
patient54878,1
patient54879,2
patient54880,1
patient54881,1
patient54882,3
patient54883,1
patient54884,2
patient54885,1
patient54886,1
patient54887,1
patient54888,1
patient54889,1
patient54890,1
patient54891,1
patient54892,1
patient54893,1
patient54894,4
patient54895,2
patient54896,1
patient54897,4
patient54898,2
patient54899,2
patient54900,1
patient54901,2
patient54902,1
patient54903,1
patient54904,1
patient54905,1
patient54906,1
patient54907,1
patient54908,2
patient54909,1
patient54910,3
patient54911,1
patient54912,1
patient54913,1
patient54914,1
patient54915,1
patient54916,1
patient54917,1
patient54918,1
patient54919,1
patient54920,4
patient54921,2
patient54922,1
patient54923,2
patient54924,3
patient54925,1
patient54926,2
patient54927,1
patient54928,2
patient54929,2
patient54930,1
patient54931,2
patient54932,2
patient54933,1
patient54934,1
patient54935,1
patient54936,1
patient54937,2
patient54938,2
patient54939,1
patient54940,1
patient54941,1
patient54942,1
patient54943,3
patient54944,1
patient54945,2
patient54946,1
patient54947,1
patient54948,1
patient54949,3
patient54950,1
patient54951,2
patient54952,1
patient54953,2
patient54954,2
patient54955,1
patient54956,2
patient54957,1
patient54958,1
patient54959,1
patient54960,6
patient54961,2
patient54962,1
patient54963,4
patient54964,1
patient54965,2
patient54966,2
patient54967,1
patient54968,2
patient54969,1
patient54970,1
patient54971,3
patient54972,1
patient54973,4
patient54974,1
patient54975,1
patient54976,1
patient54977,1
patient54978,1
patient54979,1
patient54980,1
patient54981,1
patient54982,1
patient54983,2
patient54984,1
patient54985,3
patient54986,1
patient54987,2
patient54988,6
patient54989,1
patient54990,3
patient54991,1
patient54992,2
patient54993,1
patient54994,2
patient54995,4
patient54996,1
patient54997,1
patient54998,1
patient54999,2
patient55000,1
patient55001,3
patient55002,1
patient55003,1
patient55004,1
patient55005,1
patient55006,1
patient55007,1
patient55008,1
patient55009,1
patient55010,3
patient55011,1
patient55012,4
patient55013,1
patient55014,2
patient55015,1
patient55016,2
patient55017,1
patient55018,1
patient55019,2
patient55020,1
patient55021,2
patient55022,3
patient55023,1
patient55024,1
patient55025,1
patient55026,1
patient55027,4
patient55028,1
patient55029,2
patient55030,1
patient55031,1
patient55032,1
patient55033,2
patient55034,1
patient55035,1
patient55036,2
patient55037,2
patient55038,1
patient55039,1
patient55040,1
patient55041,2
patient55042,1
patient55043,1
patient55044,1
patient55045,1
patient55046,1
patient55047,1
patient55048,2
patient55049,2
patient55050,1
patient55051,1
patient55052,1
patient55053,1
patient55054,1
patient55055,1
patient55056,1
patient55057,1
patient55058,3
patient55059,1
patient55060,1
patient55061,1
patient55062,1
patient55063,1
patient55064,1
patient55065,3
patient55066,1
patient55067,1
patient55068,1
patient55069,2
patient55070,1
patient55071,1
patient55072,1
patient55073,1
patient55074,1
patient55075,1
patient55076,2
patient55077,1
patient55078,1
patient55079,1
patient55080,1
patient55081,1
patient55082,1
patient55083,1
patient55084,1
patient55085,2
patient55086,1
patient55087,3
patient55088,3
patient55089,2
patient55090,3
patient55091,1
patient55092,1
patient55093,2
patient55094,1
patient55095,1
patient55096,3
patient55097,1
patient55098,1
patient55099,2
patient55100,1
patient55101,1
patient55102,1
patient55103,1
patient55104,2
patient55105,1
patient55106,1
patient55107,2
patient55108,1
patient55109,2
patient55110,6
patient55111,1
patient55112,2
patient55113,1
patient55114,2
patient55115,1
patient55116,1
patient55117,2
patient55118,2
patient55119,3
patient55120,1
patient55121,3
patient55122,3
patient55123,1
patient55124,2
patient55125,1
patient55126,1
patient55127,1
patient55128,1
patient55129,1
patient55130,1
patient55131,1
patient55132,1
patient55133,1
patient55134,1
patient55135,2
patient55136,3
patient55137,1
patient55138,1
patient55139,2
patient55140,2
patient55141,1
patient55142,1
patient55143,2
patient55144,1
patient55145,1
patient55146,1
patient55147,1
patient55148,1
patient55149,2
patient55150,1
patient55151,1
patient55152,1
patient55153,3
patient55154,3
patient55155,1
patient55156,3
patient55157,1
patient55158,3
patient55159,1
patient55160,1
patient55161,1
patient55162,1
patient55163,2
patient55164,1
patient55165,1
patient55166,2
patient55167,3
patient55168,3
patient55169,1
patient55170,1
patient55171,1
patient55172,3
patient55173,1
patient55174,1
patient55175,4
patient55176,2
patient55177,1
patient55178,1
patient55179,1
patient55180,1
patient55181,2
patient55182,2
patient55183,1
patient55184,1
patient55185,2
patient55186,5
patient55187,1
patient55188,1
patient55189,2
patient55190,2
patient55191,1
patient55192,4
patient55193,1
patient55194,1
patient55195,2
patient55196,6
patient55197,2
patient55198,1
patient55199,1
patient55200,1
patient55201,3
patient55202,1
patient55203,1
patient55204,2
patient55205,1
patient55206,2
patient55207,1
patient55208,1
patient55209,1
patient55210,1
patient55211,2
patient55212,1
patient55213,2
patient55214,1
patient55215,1
patient55216,2
patient55217,3
patient55218,1
patient55219,2
patient55220,3
patient55221,2
patient55222,1
patient55223,1
patient55224,1
patient55225,1
patient55226,1
patient55227,2
patient55228,2
patient55229,1
patient55230,1
patient55231,1
patient55232,3
patient55233,2
patient55234,2
patient55235,3
patient55236,2
patient55237,1
patient55238,1
patient55239,1
patient55240,2
patient55241,1
patient55242,4
patient55243,2
patient55244,1
patient55245,1
patient55246,2
patient55247,1
patient55248,1
patient55249,1
patient55250,1
patient55251,2
patient55252,4
patient55253,2
patient55254,2
patient55255,2
patient55256,1
patient55257,2
patient55258,1
patient55259,2
patient55260,1
patient55261,2
patient55262,1
patient55263,1
patient55264,1
patient55265,2
patient55266,1
patient55267,1
patient55268,2
patient55269,1
patient55270,1
patient55271,2
patient55272,1
patient55273,1
patient55274,1
patient55275,1
patient55276,1
patient55277,1
patient55278,1
patient55279,1
patient55280,2
patient55281,1
patient55282,1
patient55283,2
patient55284,1
patient55285,3
patient55286,2
patient55287,2
patient55288,2
patient55289,1
patient55290,1
patient55291,4
patient55292,1
patient55293,1
patient55294,2
patient55295,1
patient55296,1
patient55297,1
patient55298,2
patient55299,1
patient55300,1
patient55301,2
patient55302,4
patient55303,1
patient55304,2
patient55305,1
patient55306,2
patient55307,4
patient55308,1
patient55309,1
patient55310,1
patient55311,2
patient55312,2
patient55313,1
patient55314,2
patient55315,1
patient55316,1
patient55317,1
patient55318,1
patient55319,4
patient55320,2
patient55321,2
patient55322,2
patient55323,3
patient55324,2
patient55325,2
patient55326,1
patient55327,3
patient55328,1
patient55329,2
patient55330,1
patient55331,1
patient55332,1
patient55333,1
patient55334,1
patient55335,2
patient55336,1
patient55337,1
patient55338,4
patient55339,2
patient55340,1
patient55341,1
patient55342,1
patient55343,1
patient55344,1
patient55345,1
patient55346,1
patient55347,2
patient55348,2
patient55349,1
patient55350,1
patient55351,2
patient55352,1
patient55353,3
patient55354,2
patient55355,1
patient55356,1
patient55357,1
patient55358,4
patient55359,1
patient55360,1
patient55361,2
patient55362,1
patient55363,1
patient55364,1
patient55365,2
patient55366,1
patient55367,1
patient55368,1
patient55369,1
patient55370,1
patient55371,1
patient55372,1
patient55373,1
patient55374,1
patient55375,1
patient55376,1
patient55377,2
patient55378,1
patient55379,2
patient55380,2
patient55381,1
patient55382,2
patient55383,1
patient55384,1
patient55385,1
patient55386,1
patient55387,2
patient55388,2
patient55389,1
patient55390,2
patient55391,2
patient55392,1
patient55393,1
patient55394,1
patient55395,1
patient55396,1
patient55397,1
patient55398,1
patient55399,1
patient55400,4
patient55401,1
patient55402,1
patient55403,1
patient55404,4
patient55405,1
patient55406,2
patient55407,1
patient55408,1
patient55409,1
patient55410,1
patient55411,2
patient55412,3
patient55413,1
patient55414,1
patient55415,1
patient55416,2
patient55417,1
patient55418,1
patient55419,2
patient55420,1
patient55421,3
patient55422,2
patient55423,1
patient55424,3
patient55425,1
patient55426,2
patient55427,3
patient55428,1
patient55429,1
patient55430,4
patient55431,1
patient55432,3
patient55433,2
patient55434,2
patient55435,1
patient55436,4
patient55437,2
patient55438,1
patient55439,2
patient55440,2
patient55441,1
patient55442,1
patient55443,3
patient55444,1
patient55445,1
patient55446,2
patient55447,1
patient55448,1
patient55449,1
patient55450,1
patient55451,7
patient55452,1
patient55453,3
patient55454,1
patient55455,1
patient55456,3
patient55457,1
patient55458,4
patient55459,2
patient55460,1
patient55461,1
patient55462,1
patient55463,1
patient55464,2
patient55465,1
patient55466,2
patient55467,1
patient55468,2
patient55469,3
patient55470,1
patient55471,2
patient55472,2
patient55473,1
patient55474,1
patient55475,2
patient55476,3
patient55477,1
patient55478,2
patient55479,1
patient55480,1
patient55481,1
patient55482,1
patient55483,4
patient55484,1
patient55485,1
patient55486,1
patient55487,1
patient55488,1
patient55489,1
patient55490,1
patient55491,1
patient55492,6
patient55493,5
patient55494,1
patient55495,1
patient55496,2
patient55497,1
patient55498,1
patient55499,1
patient55500,3
patient55501,2
patient55502,2
patient55503,1
patient55504,4
patient55505,1
patient55506,1
patient55507,1
patient55508,1
patient55509,1
patient55510,1
patient55511,2
patient55512,1
patient55513,1
patient55514,2
patient55515,1
patient55516,3
patient55517,5
patient55518,2
patient55519,2
patient55520,1
patient55521,1
patient55522,1
patient55523,3
patient55524,2
patient55525,1
patient55526,1
patient55527,1
patient55528,1
patient55529,1
patient55530,2
patient55531,1
patient55532,1
patient55533,2
patient55534,1
patient55535,1
patient55536,3
patient55537,1
patient55538,1
patient55539,1
patient55540,1
patient55541,2
patient55542,1
patient55543,2
patient55544,3
patient55545,1
patient55546,2
patient55547,1
patient55548,3
patient55549,1
patient55550,1
patient55551,1
patient55552,1
patient55553,1
patient55554,1
patient55555,1
patient55556,2
patient55557,2
patient55558,3
patient55559,2
patient55560,2
patient55561,3
patient55562,3
patient55563,2
patient55564,2
patient55565,2
patient55566,2
patient55567,1
patient55568,2
patient55569,1
patient55570,1
patient55571,3
patient55572,3
patient55573,3
patient55574,1
patient55575,1
patient55576,1
patient55577,2
patient55578,1
patient55579,1
patient55580,2
patient55581,1
patient55582,1
patient55583,2
patient55584,1
patient55585,1
patient55586,1
patient55587,1
patient55588,1
patient55589,1
patient55590,1
patient55591,1
patient55592,1
patient55593,1
patient55594,5
patient55595,1
patient55596,2
patient55597,1
patient55598,2
patient55599,1
patient55600,1
patient55601,1
patient55602,2
patient55603,3
patient55604,4
patient55605,4
patient55606,2
patient55607,1
patient55608,3
patient55609,2
patient55610,1
patient55611,1
patient55612,1
patient55613,1
patient55614,2
patient55615,2
patient55616,3
patient55617,1
patient55618,1
patient55619,1
patient55620,3
patient55621,2
patient55622,3
patient55623,1
patient55624,1
patient55625,1
patient55626,2
patient55627,1
patient55628,1
patient55629,1
patient55630,1
patient55631,1
patient55632,4
patient55633,2
patient55634,5
patient55635,1
patient55636,1
patient55637,1
patient55638,1
patient55639,2
patient55640,1
patient55641,1
patient55642,1
patient55643,3
patient55644,2
patient55645,2
patient55646,1
patient55647,2
patient55648,2
patient55649,1
patient55650,3
patient55651,1
patient55652,2
patient55653,1
patient55654,4
patient55655,1
patient55656,2
patient55657,1
patient55658,1
patient55659,2
patient55660,1
patient55661,2
patient55662,1
patient55663,1
patient55664,1
patient55665,1
patient55666,1
patient55667,1
patient55668,1
patient55669,1
patient55670,3
patient55671,3
patient55672,1
patient55673,2
patient55674,1
patient55675,3
patient55676,1
patient55677,1
patient55678,1
patient55679,1
patient55680,1
patient55681,1
patient55682,2
patient55683,3
patient55684,2
patient55685,1
patient55686,2
patient55687,1
patient55688,1
patient55689,1
patient55690,2
patient55691,1
patient55692,1
patient55693,1
patient55694,1
patient55695,3
patient55696,1
patient55697,1
patient55698,1
patient55699,1
patient55700,2
patient55701,2
patient55702,2
patient55703,1
patient55704,1
patient55705,1
patient55706,1
patient55707,1
patient55708,1
patient55709,1
patient55710,5
patient55711,1
patient55712,1
patient55713,1
patient55714,1
patient55715,1
patient55716,1
patient55717,1
patient55718,1
patient55719,2
patient55720,2
patient55721,5
patient55722,1
patient55723,1
patient55724,1
patient55725,4
patient55726,3
patient55727,2
patient55728,1
patient55729,2
patient55730,1
patient55731,3
patient55732,2
patient55733,1
patient55734,8
patient55735,1
patient55736,1
patient55737,5
patient55738,1
patient55739,1
patient55740,1
patient55741,1
patient55742,2
patient55743,2
patient55744,1
patient55745,1
patient55746,2
patient55747,2
patient55748,3
patient55749,1
patient55750,2
patient55751,3
patient55752,2
patient55753,2
patient55754,3
patient55755,1
patient55756,1
patient55757,1
patient55758,1
patient55759,3
patient55760,2
patient55761,3
patient55762,1
patient55763,1
patient55764,1
patient55765,1
patient55766,3
patient55767,1
patient55768,1
patient55769,2
patient55770,4
patient55771,2
patient55772,2
patient55773,1
patient55774,1
patient55775,1
patient55776,3
patient55777,4
patient55778,3
patient55779,1
patient55780,2
patient55781,1
patient55782,3
patient55783,1
patient55784,1
patient55785,1
patient55786,1
patient55787,1
patient55788,1
patient55789,2
patient55790,2
patient55791,2
patient55792,1
patient55793,2
patient55794,1
patient55795,1
patient55796,3
patient55797,2
patient55798,1
patient55799,1
patient55800,1
patient55801,1
patient55802,1
patient55803,2
patient55804,2
patient55805,1
patient55806,4
patient55807,2
patient55808,1
patient55809,6
patient55810,1
patient55811,1
patient55812,2
patient55813,5
patient55814,1
patient55815,1
patient55816,1
patient55817,2
patient55818,3
patient55819,1
patient55820,1
patient55821,1
patient55822,2
patient55823,2
patient55824,1
patient55825,4
patient55826,4
patient55827,2
patient55828,1
patient55829,1
patient55830,1
patient55831,1
patient55832,2
patient55833,2
patient55834,1
patient55835,1
patient55836,4
patient55837,1
patient55838,1
patient55839,1
patient55840,3
patient55841,4
patient55842,1
patient55843,2
patient55844,1
patient55845,1
patient55846,1
patient55847,1
patient55848,1
patient55849,1
patient55850,1
patient55851,2
patient55852,1
patient55853,1
patient55854,1
patient55855,2
patient55856,2
patient55857,1
patient55858,1
patient55859,1
patient55860,1
patient55861,1
patient55862,1
patient55863,1
patient55864,1
patient55865,1
patient55866,1
patient55867,1
patient55868,4
patient55869,1
patient55870,1
patient55871,1
patient55872,1
patient55873,1
patient55874,1
patient55875,3
patient55876,2
patient55877,1
patient55878,1
patient55879,2
patient55880,1
patient55881,1
patient55882,1
patient55883,1
patient55884,1
patient55885,1
patient55886,2
patient55887,2
patient55888,1
patient55889,2
patient55890,1
patient55891,1
patient55892,1
patient55893,3
patient55894,1
patient55895,1
patient55896,2
patient55897,3
patient55898,1
patient55899,1
patient55900,1
patient55901,1
patient55902,2
patient55903,2
patient55904,2
patient55905,1
patient55906,1
patient55907,1
patient55908,1
patient55909,2
patient55910,1
patient55911,1
patient55912,3
patient55913,2
patient55914,1
patient55915,1
patient55916,2
patient55917,2
patient55918,1
patient55919,1
patient55920,2
patient55921,2
patient55922,2
patient55923,2
patient55924,1
patient55925,3
patient55926,2
patient55927,1
patient55928,2
patient55929,1
patient55930,1
patient55931,1
patient55932,1
patient55933,1
patient55934,1
patient55935,1
patient55936,2
patient55937,1
patient55938,3
patient55939,1
patient55940,1
patient55941,3
patient55942,1
patient55943,2
patient55944,1
patient55945,1
patient55946,1
patient55947,1
patient55948,3
patient55949,1
patient55950,1
patient55951,1
patient55952,1
patient55953,1
patient55954,2
patient55955,2
patient55956,1
patient55957,2
patient55958,1
patient55959,1
patient55960,2
patient55961,1
patient55962,1
patient55963,1
patient55964,2
patient55965,2
patient55966,1
patient55967,1
patient55968,1
patient55969,1
patient55970,1
patient55971,1
patient55972,1
patient55973,1
patient55974,2
patient55975,1
patient55976,1
patient55977,2
patient55978,1
patient55979,1
patient55980,1
patient55981,2
patient55982,2
patient55983,2
patient55984,1
patient55985,1
patient55986,2
patient55987,2
patient55988,1
patient55989,1
patient55990,1
patient55991,3
patient55992,3
patient55993,6
patient55994,1
patient55995,2
patient55996,1
patient55997,1
patient55998,2
patient55999,1
patient56000,2
patient56001,1
patient56002,1
patient56003,1
patient56004,1
patient56005,1
patient56006,1
patient56007,2
patient56008,1
patient56009,1
patient56010,1
patient56011,2
patient56012,2
patient56013,1
patient56014,1
patient56015,1
patient56016,1
patient56017,1
patient56018,1
patient56019,4
patient56020,1
patient56021,1
patient56022,2
patient56023,1
patient56024,1
patient56025,1
patient56026,2
patient56027,1
patient56028,1
patient56029,2
patient56030,3
patient56031,1
patient56032,2
patient56033,1
patient56034,1
patient56035,1
patient56036,1
patient56037,2
patient56038,1
patient56039,2
patient56040,2
patient56041,5
patient56042,1
patient56043,1
patient56044,3
patient56045,1
patient56046,1
patient56047,1
patient56048,1
patient56049,1
patient56050,3
patient56051,1
patient56052,1
patient56053,4
patient56054,2
patient56055,1
patient56056,1
patient56057,3
patient56058,1
patient56059,1
patient56060,1
patient56061,1
patient56062,1
patient56063,1
patient56064,1
patient56065,1
patient56066,2
patient56067,1
patient56068,1
patient56069,1
patient56070,3
patient56071,7
patient56072,1
patient56073,1
patient56074,1
patient56075,2
patient56076,1
patient56077,1
patient56078,1
patient56079,1
patient56080,3
patient56081,1
patient56082,1
patient56083,1
patient56084,1
patient56085,5
patient56086,1
patient56087,1
patient56088,1
patient56089,1
patient56090,1
patient56091,1
patient56092,1
patient56093,1
patient56094,3
patient56095,1
patient56096,1
patient56097,2
patient56098,4
patient56099,2
patient56100,1
patient56101,1
patient56102,1
patient56103,1
patient56104,3
patient56105,2
patient56106,2
patient56107,1
patient56108,1
patient56109,2
patient56110,1
patient56111,3
patient56112,1
patient56113,2
patient56114,1
patient56115,1
patient56116,3
patient56117,3
patient56118,1
patient56119,1
patient56120,1
patient56121,1
patient56122,2
patient56123,4
patient56124,2
patient56125,2
patient56126,1
patient56127,1
patient56128,2
patient56129,1
patient56130,2
patient56131,3
patient56132,3
patient56133,1
patient56134,1
patient56135,1
patient56136,2
patient56137,1
patient56138,1
patient56139,4
patient56140,1
patient56141,1
patient56142,1
patient56143,3
patient56144,4
patient56145,1
patient56146,1
patient56147,3
patient56148,2
patient56149,2
patient56150,3
patient56151,2
patient56152,4
patient56153,1
patient56154,1
patient56155,2
patient56156,2
patient56157,1
patient56158,1
patient56159,1
patient56160,2
patient56161,3
patient56162,1
patient56163,1
patient56164,1
patient56165,1
patient56166,1
patient56167,1
patient56168,1
patient56169,1
patient56170,1
patient56171,1
patient56172,1
patient56173,1
patient56174,2
patient56175,2
patient56176,4
patient56177,1
patient56178,2
patient56179,1
patient56180,2
patient56181,2
patient56182,2
patient56183,1
patient56184,1
patient56185,2
patient56186,1
patient56187,2
patient56188,1
patient56189,1
patient56190,1
patient56191,1
patient56192,5
patient56193,1
patient56194,1
patient56195,1
patient56196,1
patient56197,1
patient56198,2
patient56199,2
patient56200,1
patient56201,3
patient56202,1
patient56203,2
patient56204,11
patient56205,1
patient56206,2
patient56207,1
patient56208,2
patient56209,1
patient56210,3
patient56211,3
patient56212,2
patient56213,1
patient56214,1
patient56215,3
patient56216,3
patient56217,1
patient56218,1
patient56219,1
patient56220,2
patient56221,2
patient56222,1
patient56223,2
patient56224,2
patient56225,1
patient56226,1
patient56227,1
patient56228,1
patient56229,2
patient56230,2
patient56231,1
patient56232,3
patient56233,1
patient56234,2
patient56235,1
patient56236,2
patient56237,2
patient56238,1
patient56239,1
patient56240,1
patient56241,7
patient56242,2
patient56243,2
patient56244,1
patient56245,2
patient56246,1
patient56247,1
patient56248,5
patient56249,1
patient56250,1
patient56251,1
patient56252,1
patient56253,1
patient56254,2
patient56255,1
patient56256,2
patient56257,1
patient56258,3
patient56259,1
patient56260,2
patient56261,1
patient56262,4
patient56263,1
patient56264,3
patient56265,3
patient56266,2
patient56267,1
patient56268,1
patient56269,1
patient56270,3
patient56271,1
patient56272,2
patient56273,2
patient56274,3
patient56275,1
patient56276,2
patient56277,1
patient56278,1
patient56279,2
patient56280,1
patient56281,1
patient56282,2
patient56283,1
patient56284,3
patient56285,1
patient56286,5
patient56287,1
patient56288,1
patient56289,1
patient56290,2
patient56291,2
patient56292,1
patient56293,1
patient56294,2
patient56295,1
patient56296,1
patient56297,1
patient56298,1
patient56299,1
patient56300,3
patient56301,1
patient56302,1
patient56303,1
patient56304,3
patient56305,1
patient56306,1
patient56307,2
patient56308,1
patient56309,1
patient56310,1
patient56311,1
patient56312,1
patient56313,1
patient56314,1
patient56315,1
patient56316,1
patient56317,2
patient56318,1
patient56319,2
patient56320,1
patient56321,4
patient56322,1
patient56323,1
patient56324,1
patient56325,1
patient56326,1
patient56327,3
patient56328,1
patient56329,3
patient56330,3
patient56331,1
patient56332,3
patient56333,2
patient56334,1
patient56335,2
patient56336,2
patient56337,3
patient56338,2
patient56339,1
patient56340,3
patient56341,1
patient56342,2
patient56343,6
patient56344,1
patient56345,3
patient56346,4
patient56347,1
patient56348,1
patient56349,1
patient56350,1
patient56351,2
patient56352,1
patient56353,1
patient56354,2
patient56355,1
patient56356,2
patient56357,4
patient56358,1
patient56359,1
patient56360,1
patient56361,2
patient56362,1
patient56363,1
patient56364,1
patient56365,2
patient56366,3
patient56367,1
patient56368,2
patient56369,1
patient56370,8
patient56371,1
patient56372,1
patient56373,3
patient56374,1
patient56375,1
patient56376,2
patient56377,1
patient56378,1
patient56379,1
patient56380,1
patient56381,1
patient56382,1
patient56383,1
patient56384,2
patient56385,2
patient56386,1
patient56387,2
patient56388,1
patient56389,1
patient56390,1
patient56391,1
patient56392,1
patient56393,1
patient56394,1
patient56395,1
patient56396,2
patient56397,1
patient56398,2
patient56399,1
patient56400,2
patient56401,2
patient56402,1
patient56403,2
patient56404,4
patient56405,1
patient56406,1
patient56407,1
patient56408,1
patient56409,3
patient56410,1
patient56411,1
patient56412,2
patient56413,1
patient56414,2
patient56415,1
patient56416,1
patient56417,2
patient56418,1
patient56419,1
patient56420,1
patient56421,2
patient56422,1
patient56423,1
patient56424,1
patient56425,2
patient56426,1
patient56427,1
patient56428,1
patient56429,1
patient56430,1
patient56431,2
patient56432,1
patient56433,2
patient56434,1
patient56435,2
patient56436,1
patient56437,1
patient56438,1
patient56439,3
patient56440,1
patient56441,2
patient56442,1
patient56443,1
patient56444,3
patient56445,2
patient56446,1
patient56447,2
patient56448,1
patient56449,1
patient56450,1
patient56451,2
patient56452,5
patient56453,2
patient56454,1
patient56455,1
patient56456,2
patient56457,1
patient56458,1
patient56459,2
patient56460,2
patient56461,1
patient56462,1
patient56463,2
patient56464,1
patient56465,2
patient56466,1
patient56467,1
patient56468,1
patient56469,1
patient56470,1
patient56471,3
patient56472,1
patient56473,2
patient56474,2
patient56475,1
patient56476,2
patient56477,1
patient56478,1
patient56479,1
patient56480,2
patient56481,6
patient56482,1
patient56483,3
patient56484,2
patient56485,1
patient56486,2
patient56487,1
patient56488,3
patient56489,2
patient56490,1
patient56491,1
patient56492,1
patient56493,2
patient56494,1
patient56495,1
patient56496,1
patient56497,2
patient56498,1
patient56499,2
patient56500,1
patient56501,1
patient56502,1
patient56503,1
patient56504,2
patient56505,1
patient56506,1
patient56507,1
patient56508,2
patient56509,1
patient56510,1
patient56511,1
patient56512,2
patient56513,1
patient56514,6
patient56515,1
patient56516,1
patient56517,1
patient56518,2
patient56519,1
patient56520,2
patient56521,1
patient56522,1
patient56523,2
patient56524,1
patient56525,1
patient56526,1
patient56527,4
patient56528,3
patient56529,2
patient56530,3
patient56531,2
patient56532,2
patient56533,3
patient56534,1
patient56535,2
patient56536,1
patient56537,1
patient56538,2
patient56539,2
patient56540,3
patient56541,1
patient56542,3
patient56543,1
patient56544,1
patient56545,3
patient56546,1
patient56547,4
patient56548,1
patient56549,1
patient56550,1
patient56551,1
patient56552,1
patient56553,1
patient56554,5
patient56555,1
patient56556,1
patient56557,2
patient56558,5
patient56559,2
patient56560,1
patient56561,1
patient56562,1
patient56563,1
patient56564,2
patient56565,1
patient56566,4
patient56567,1
patient56568,1
patient56569,1
patient56570,2
patient56571,1
patient56572,1
patient56573,1
patient56574,1
patient56575,3
patient56576,1
patient56577,1
patient56578,1
patient56579,1
patient56580,1
patient56581,2
patient56582,1
patient56583,1
patient56584,1
patient56585,2
patient56586,1
patient56587,3
patient56588,4
patient56589,2
patient56590,2
patient56591,1
patient56592,2
patient56593,1
patient56594,1
patient56595,1
patient56596,1
patient56597,4
patient56598,2
patient56599,1
patient56600,1
patient56601,4
patient56602,1
patient56603,1
patient56604,1
patient56605,1
patient56606,1
patient56607,1
patient56608,1
patient56609,1
patient56610,1
patient56611,1
patient56612,1
patient56613,1
patient56614,2
patient56615,1
patient56616,1
patient56617,2
patient56618,2
patient56619,1
patient56620,1
patient56621,3
patient56622,1
patient56623,1
patient56624,1
patient56625,2
patient56626,2
patient56627,1
patient56628,2
patient56629,1
patient56630,3
patient56631,1
patient56632,1
patient56633,1
patient56634,1
patient56635,1
patient56636,2
patient56637,1
patient56638,2
patient56639,2
patient56640,3
patient56641,1
patient56642,1
patient56643,1
patient56644,2
patient56645,2
patient56646,1
patient56647,2
patient56648,1
patient56649,1
patient56650,1
patient56651,1
patient56652,1
patient56653,1
patient56654,1
patient56655,2
patient56656,1
patient56657,1
patient56658,1
patient56659,2
patient56660,2
patient56661,1
patient56662,1
patient56663,2
patient56664,1
patient56665,2
patient56666,1
patient56667,1
patient56668,1
patient56669,1
patient56670,1
patient56671,1
patient56672,3
patient56673,1
patient56674,1
patient56675,1
patient56676,1
patient56677,1
patient56678,1
patient56679,2
patient56680,1
patient56681,1
patient56682,1
patient56683,1
patient56684,1
patient56685,1
patient56686,2
patient56687,1
patient56688,2
patient56689,1
patient56690,2
patient56691,1
patient56692,2
patient56693,1
patient56694,1
patient56695,1
patient56696,2
patient56697,3
patient56698,1
patient56699,1
patient56700,1
patient56701,1
patient56702,2
patient56703,4
patient56704,3
patient56705,1
patient56706,1
patient56707,1
patient56708,1
patient56709,1
patient56710,3
patient56711,1
patient56712,3
patient56713,1
patient56714,1
patient56715,1
patient56716,1
patient56717,4
patient56718,1
patient56719,1
patient56720,2
patient56721,1
patient56722,3
patient56723,2
patient56724,1
patient56725,1
patient56726,1
patient56727,2
patient56728,2
patient56729,1
patient56730,2
patient56731,1
patient56732,3
patient56733,1
patient56734,3
patient56735,2
patient56736,4
patient56737,4
patient56738,1
patient56739,1
patient56740,1
patient56741,1
patient56742,1
patient56743,1
patient56744,1
patient56745,1
patient56746,1
patient56747,1
patient56748,1
patient56749,1
patient56750,1
patient56751,1
patient56752,1
patient56753,4
patient56754,1
patient56755,1
patient56756,3
patient56757,1
patient56758,3
patient56759,2
patient56760,1
patient56761,1
patient56762,1
patient56763,1
patient56764,3
patient56765,1
patient56766,1
patient56767,1
patient56768,1
patient56769,2
patient56770,1
patient56771,1
patient56772,1
patient56773,1
patient56774,2
patient56775,1
patient56776,1
patient56777,2
patient56778,2
patient56779,1
patient56780,2
patient56781,1
patient56782,1
patient56783,1
patient56784,1
patient56785,3
patient56786,3
patient56787,1
patient56788,1
patient56789,3
patient56790,1
patient56791,1
patient56792,1
patient56793,1
patient56794,1
patient56795,1
patient56796,1
patient56797,4
patient56798,3
patient56799,1
patient56800,1
patient56801,2
patient56802,1
patient56803,1
patient56804,1
patient56805,2
patient56806,1
patient56807,2
patient56808,2
patient56809,1
patient56810,1
patient56811,1
patient56812,1
patient56813,1
patient56814,1
patient56815,1
patient56816,2
patient56817,1
patient56818,1
patient56819,1
patient56820,3
patient56821,1
patient56822,2
patient56823,1
patient56824,3
patient56825,5
patient56826,2
patient56827,1
patient56828,3
patient56829,3
patient56830,1
patient56831,1
patient56832,1
patient56833,1
patient56834,2
patient56835,2
patient56836,2
patient56837,1
patient56838,1
patient56839,1
patient56840,1
patient56841,2
patient56842,2
patient56843,1
patient56844,1
patient56845,1
patient56846,1
patient56847,1
patient56848,1
patient56849,2
patient56850,1
patient56851,1
patient56852,1
patient56853,3
patient56854,2
patient56855,2
patient56856,2
patient56857,1
patient56858,2
patient56859,1
patient56860,1
patient56861,1
patient56862,2
patient56863,1
patient56864,4
patient56866,1
patient56867,2
patient56868,1
patient56869,4
patient56870,2
patient56871,2
patient56872,1
patient56873,2
patient56874,1
patient56875,1
patient56876,1
patient56877,1
patient56878,3
patient56879,2
patient56880,1
patient56881,2
patient56882,1
patient56883,1
patient56884,4
patient56885,1
patient56886,1
patient56887,1
patient56888,1
patient56889,2
patient56890,2
patient56891,2
patient56892,3
patient56893,3
patient56894,1
patient56895,2
patient56896,1
patient56897,1
patient56898,2
patient56899,1
patient56900,1
patient56901,5
patient56902,1
patient56903,1
patient56904,3
patient56905,1
patient56906,1
patient56907,1
patient56908,1
patient56909,1
patient56910,1
patient56911,1
patient56912,1
patient56913,1
patient56914,1
patient56915,1
patient56916,1
patient56917,7
patient56918,3
patient56919,1
patient56920,1
patient56921,1
patient56922,1
patient56923,1
patient56924,3
patient56925,1
patient56926,1
patient56927,1
patient56928,2
patient56929,1
patient56930,2
patient56931,3
patient56932,1
patient56933,1
patient56934,1
patient56935,1
patient56936,1
patient56937,2
patient56938,1
patient56939,1
patient56940,1
patient56941,1
patient56942,1
patient56943,2
patient56944,1
patient56945,3
patient56946,1
patient56947,1
patient56948,1
patient56949,1
patient56950,3
patient56951,2
patient56952,1
patient56953,2
patient56954,1
patient56955,2
patient56956,5
patient56957,1
patient56958,1
patient56959,2
patient56960,1
patient56961,1
patient56962,1
patient56963,2
patient56964,1
patient56965,3
patient56966,1
patient56967,1
patient56968,2
patient56969,4
patient56970,2
patient56971,1
patient56972,3
patient56973,2
patient56974,2
patient56975,2
patient56976,2
patient56977,1
patient56978,1
patient56979,1
patient56980,1
patient56981,1
patient56982,2
patient56983,1
patient56984,1
patient56985,2
patient56986,3
patient56987,1
patient56988,1
patient56989,1
patient56990,1
patient56991,1
patient56992,2
patient56993,1
patient56994,1
patient56995,2
patient56996,1
patient56997,1
patient56998,2
patient56999,1
patient57000,3
patient57001,1
patient57002,1
patient57003,1
patient57004,6
patient57005,1
patient57006,2
patient57007,1
patient57008,1
patient57009,1
patient57010,1
patient57011,1
patient57012,2
patient57013,1
patient57014,2
patient57015,1
patient57016,1
patient57017,3
patient57018,2
patient57019,2
patient57020,1
patient57021,1
patient57022,2
patient57023,3
patient57024,1
patient57025,2
patient57026,1
patient57027,1
patient57028,4
patient57029,1
patient57030,1
patient57031,1
patient57032,1
patient57033,1
patient57034,1
patient57035,1
patient57036,3
patient57037,2
patient57038,1
patient57039,2
patient57040,2
patient57041,1
patient57042,1
patient57043,1
patient57044,1
patient57045,1
patient57046,2
patient57047,3
patient57048,1
patient57049,1
patient57050,4
patient57051,1
patient57052,4
patient57053,1
patient57054,1
patient57055,3
patient57056,1
patient57057,1
patient57058,1
patient57059,2
patient57060,2
patient57061,1
patient57062,2
patient57063,2
patient57064,1
patient57065,1
patient57066,3
patient57067,1
patient57068,1
patient57069,1
patient57070,1
patient57071,1
patient57072,1
patient57073,2
patient57074,2
patient57075,2
patient57076,1
patient57077,2
patient57078,1
patient57079,2
patient57080,1
patient57081,2
patient57082,1
patient57083,1
patient57084,1
patient57085,2
patient57086,3
patient57087,1
patient57088,1
patient57089,1
patient57090,2
patient57091,1
patient57092,1
patient57093,2
patient57094,1
patient57095,1
patient57096,1
patient57097,1
patient57098,2
patient57099,1
patient57100,2
patient57101,1
patient57102,1
patient57103,1
patient57104,3
patient57105,1
patient57106,1
patient57107,1
patient57108,1
patient57109,1
patient57110,1
patient57111,7
patient57112,1
patient57113,1
patient57114,1
patient57115,2
patient57116,1
patient57117,1
patient57118,2
patient57119,5
patient57120,3
patient57121,1
patient57122,1
patient57123,1
patient57124,1
patient57125,2
patient57126,1
patient57127,3
patient57128,2
patient57129,2
patient57130,1
patient57131,4
patient57132,4
patient57133,1
patient57134,1
patient57135,1
patient57136,1
patient57137,1
patient57138,1
patient57139,1
patient57140,2
patient57141,1
patient57142,3
patient57143,1
patient57144,1
patient57145,1
patient57146,1
patient57147,2
patient57148,1
patient57149,4
patient57150,1
patient57151,2
patient57152,3
patient57153,2
patient57154,2
patient57155,1
patient57156,1
patient57157,1
patient57158,3
patient57159,4
patient57160,5
patient57161,1
patient57162,2
patient57163,1
patient57164,1
patient57165,2
patient57166,2
patient57167,1
patient57168,2
patient57169,1
patient57170,1
patient57171,1
patient57172,1
patient57173,1
patient57174,3
patient57175,1
patient57176,4
patient57177,2
patient57178,1
patient57179,1
patient57180,1
patient57181,1
patient57182,2
patient57183,3
patient57184,3
patient57185,1
patient57186,2
patient57187,1
patient57188,3
patient57189,2
patient57190,2
patient57191,4
patient57192,1
patient57193,2
patient57194,3
patient57195,1
patient57196,1
patient57197,1
patient57198,2
patient57199,2
patient57200,3
patient57201,2
patient57202,1
patient57203,2
patient57204,2
patient57205,1
patient57206,3
patient57207,1
patient57208,2
patient57209,1
patient57210,1
patient57211,1
patient57212,2
patient57213,1
patient57214,1
patient57215,2
patient57216,1
patient57217,1
patient57218,1
patient57219,1
patient57220,1
patient57221,1
patient57222,2
patient57223,1
patient57224,1
patient57225,1
patient57226,2
patient57227,2
patient57228,2
patient57229,1
patient57230,1
patient57231,2
patient57232,2
patient57233,1
patient57234,2
patient57235,1
patient57236,1
patient57237,1
patient57238,1
patient57239,1
patient57240,1
patient57241,2
patient57242,1
patient57243,2
patient57244,1
patient57245,1
patient57246,5
patient57247,1
patient57248,3
patient57249,1
patient57250,2
patient57251,2
patient57252,2
patient57253,1
patient57254,2
patient57255,1
patient57256,1
patient57257,1
patient57258,1
patient57259,1
patient57260,1
patient57261,1
patient57262,1
patient57263,2
patient57264,1
patient57265,1
patient57266,1
patient57267,1
patient57268,1
patient57269,1
patient57270,2
patient57271,3
patient57272,1
patient57273,1
patient57274,1
patient57275,2
patient57276,3
patient57277,1
patient57278,1
patient57279,1
patient57280,4
patient57281,1
patient57282,1
patient57283,3
patient57284,1
patient57285,1
patient57286,1
patient57287,2
patient57288,1
patient57289,1
patient57290,2
patient57291,1
patient57292,1
patient57293,1
patient57294,1
patient57295,1
patient57296,1
patient57297,1
patient57298,1
patient57299,1
patient57300,1
patient57301,1
patient57302,1
patient57303,1
patient57304,1
patient57305,1
patient57306,1
patient57307,1
patient57308,1
patient57309,3
patient57310,2
patient57311,1
patient57312,1
patient57313,1
patient57314,2
patient57315,1
patient57316,1
patient57317,2
patient57318,1
patient57319,3
patient57320,1
patient57321,1
patient57322,2
patient57323,4
patient57324,1
patient57325,1
patient57326,2
patient57327,1
patient57328,1
patient57329,2
patient57330,1
patient57331,1
patient57332,1
patient57333,1
patient57334,4
patient57335,2
patient57336,1
patient57337,3
patient57338,1
patient57339,1
patient57340,8
patient57341,3
patient57342,1
patient57343,3
patient57344,1
patient57345,2
patient57346,1
patient57347,1
patient57348,3
patient57349,1
patient57350,1
patient57351,2
patient57352,1
patient57353,1
patient57354,1
patient57355,1
patient57356,1
patient57357,2
patient57358,2
patient57359,3
patient57360,4
patient57361,1
patient57362,1
patient57363,2
patient57364,5
patient57365,1
patient57366,2
patient57367,1
patient57368,1
patient57369,1
patient57370,1
patient57371,1
patient57372,3
patient57373,1
patient57374,1
patient57375,1
patient57376,1
patient57377,3
patient57378,1
patient57379,2
patient57380,1
patient57381,1
patient57382,1
patient57383,2
patient57384,3
patient57385,1
patient57386,1
patient57387,1
patient57388,1
patient57389,3
patient57390,1
patient57391,5
patient57392,1
patient57393,2
patient57394,2
patient57395,1
patient57396,1
patient57397,5
patient57398,1
patient57399,2
patient57400,1
patient57401,2
patient57402,1
patient57403,1
patient57404,1
patient57405,3
patient57406,1
patient57407,1
patient57408,2
patient57409,2
patient57410,1
patient57411,2
patient57412,3
patient57413,1
patient57414,1
patient57415,1
patient57416,1
patient57417,1
patient57418,1
patient57419,2
patient57420,1
patient57421,1
patient57422,1
patient57423,1
patient57424,1
patient57425,1
patient57426,1
patient57427,3
patient57428,3
patient57429,1
patient57430,1
patient57431,1
patient57432,1
patient57433,2
patient57434,1
patient57435,1
patient57436,2
patient57437,1
patient57438,1
patient57439,1
patient57440,1
patient57441,3
patient57442,1
patient57443,3
patient57444,1
patient57445,1
patient57446,1
patient57447,3
patient57448,1
patient57449,1
patient57450,2
patient57451,1
patient57452,2
patient57453,2
patient57454,1
patient57455,1
patient57456,1
patient57457,1
patient57458,2
patient57459,1
patient57460,5
patient57461,8
patient57462,1
patient57463,1
patient57464,1
patient57465,1
patient57466,1
patient57467,2
patient57468,2
patient57469,2
patient57470,2
patient57471,1
patient57472,1
patient57473,1
patient57474,1
patient57475,4
patient57476,1
patient57477,1
patient57478,1
patient57479,1
patient57480,1
patient57481,1
patient57482,1
patient57483,2
patient57484,1
patient57485,1
patient57486,1
patient57487,1
patient57488,1
patient57489,2
patient57490,1
patient57491,3
patient57492,1
patient57493,3
patient57494,4
patient57495,1
patient57496,1
patient57497,1
patient57498,2
patient57499,3
patient57500,1
patient57501,2
patient57502,3
patient57503,1
patient57504,1
patient57505,1
patient57506,1
patient57507,4
patient57508,1
patient57509,1
patient57510,3
patient57511,3
patient57512,1
patient57513,1
patient57514,2
patient57515,2
patient57516,5
patient57517,2
patient57518,2
patient57519,1
patient57520,1
patient57521,1
patient57522,2
patient57523,1
patient57524,1
patient57525,3
patient57526,6
patient57527,1
patient57528,2
patient57529,1
patient57530,1
patient57531,1
patient57532,2
patient57533,1
patient57534,3
patient57535,1
patient57536,3
patient57537,1
patient57538,3
patient57539,1
patient57540,1
patient57541,1
patient57542,1
patient57543,3
patient57544,1
patient57545,2
patient57546,2
patient57547,1
patient57548,1
patient57549,1
patient57550,3
patient57551,1
patient57552,1
patient57553,1
patient57554,1
patient57555,1
patient57556,1
patient57557,1
patient57558,2
patient57559,2
patient57560,1
patient57561,2
patient57562,1
patient57563,5
patient57564,1
patient57565,3
patient57566,1
patient57567,1
patient57568,3
patient57569,1
patient57570,2
patient57571,1
patient57572,1
patient57573,1
patient57574,1
patient57575,2
patient57576,1
patient57577,1
patient57578,1
patient57579,2
patient57580,1
patient57581,1
patient57582,1
patient57583,2
patient57584,1
patient57585,1
patient57586,1
patient57587,1
patient57588,2
patient57589,3
patient57590,3
patient57591,1
patient57592,1
patient57593,1
patient57594,2
patient57595,1
patient57596,1
patient57597,1
patient57598,1
patient57599,2
patient57600,1
patient57601,1
patient57602,3
patient57603,2
patient57604,1
patient57605,2
patient57606,2
patient57607,1
patient57608,1
patient57609,1
patient57610,1
patient57611,1
patient57612,1
patient57613,1
patient57614,1
patient57615,1
patient57616,1
patient57617,1
patient57618,3
patient57619,1
patient57620,1
patient57621,1
patient57622,3
patient57623,1
patient57624,2
patient57625,2
patient57626,1
patient57627,1
patient57628,1
patient57629,2
patient57630,2
patient57631,2
patient57632,1
patient57633,3
patient57634,1
patient57635,1
patient57636,4
patient57637,1
patient57638,2
patient57639,1
patient57640,1
patient57641,1
patient57642,1
patient57643,2
patient57644,4
patient57645,8
patient57646,1
patient57647,3
patient57648,1
patient57649,2
patient57650,3
patient57651,1
patient57652,4
patient57653,1
patient57654,5
patient57655,2
patient57656,1
patient57657,2
patient57658,1
patient57659,1
patient57660,1
patient57661,1
patient57662,3
patient57663,1
patient57664,2
patient57665,2
patient57666,1
patient57667,2
patient57668,1
patient57669,1
patient57670,2
patient57671,1
patient57672,6
patient57673,1
patient57674,1
patient57675,1
patient57676,1
patient57677,2
patient57678,3
patient57679,1
patient57680,1
patient57681,3
patient57682,2
patient57683,2
patient57684,1
patient57685,1
patient57686,1
patient57687,3
patient57688,2
patient57689,5
patient57690,2
patient57691,2
patient57692,2
patient57693,1
patient57694,2
patient57695,2
patient57696,3
patient57697,1
patient57698,1
patient57699,1
patient57700,1
patient57701,1
patient57702,2
patient57703,2
patient57704,2
patient57705,1
patient57706,1
patient57707,1
patient57708,1
patient57709,2
patient57710,2
patient57711,3
patient57712,1
patient57713,2
patient57714,2
patient57715,2
patient57716,2
patient57717,1
patient57718,6
patient57719,1
patient57720,3
patient57721,1
patient57722,3
patient57723,2
patient57724,2
patient57725,1
patient57726,1
patient57727,1
patient57728,2
patient57729,1
patient57730,1
patient57731,1
patient57732,1
patient57733,2
patient57734,1
patient57735,1
patient57736,1
patient57737,1
patient57738,1
patient57739,1
patient57740,2
patient57741,2
patient57742,1
patient57743,1
patient57744,1
patient57745,1
patient57746,5
patient57747,2
patient57748,1
patient57749,2
patient57750,2
patient57751,4
patient57752,1
patient57753,1
patient57754,1
patient57755,1
patient57756,1
patient57757,4
patient57758,1
patient57759,2
patient57760,2
patient57761,1
patient57762,2
patient57763,1
patient57764,2
patient57765,3
patient57766,1
patient57767,2
patient57768,4
patient57769,3
patient57770,1
patient57771,1
patient57772,1
patient57773,1
patient57774,3
patient57775,1
patient57776,1
patient57777,1
patient57778,1
patient57779,1
patient57780,1
patient57781,1
patient57782,1
patient57783,1
patient57784,1
patient57785,1
patient57786,1
patient57787,2
patient57788,1
patient57789,1
patient57790,2
patient57791,1
patient57792,2
patient57793,1
patient57794,1
patient57795,1
patient57796,3
patient57797,1
patient57798,1
patient57799,1
patient57800,1
patient57801,3
patient57802,2
patient57803,1
patient57804,1
patient57805,2
patient57806,1
patient57807,3
patient57808,1
patient57809,2
patient57810,1
patient57811,5
patient57812,1
patient57813,4
patient57814,3
patient57815,3
patient57816,3
patient57817,3
patient57818,1
patient57819,1
patient57820,1
patient57821,1
patient57822,1
patient57823,3
patient57824,1
patient57825,4
patient57826,3
patient57827,1
patient57828,3
patient57829,3
patient57830,1
patient57831,1
patient57832,2
patient57833,1
patient57834,1
patient57835,1
patient57836,1
patient57837,1
patient57838,2
patient57839,1
patient57840,1
patient57841,1
patient57842,1
patient57843,1
patient57844,1
patient57845,1
patient57846,2
patient57847,1
patient57848,1
patient57849,1
patient57850,1
patient57851,2
patient57852,2
patient57853,3
patient57854,1
patient57855,3
patient57856,1
patient57857,1
patient57858,2
patient57859,2
patient57860,1
patient57861,2
patient57862,2
patient57863,1
patient57864,4
patient57865,1
patient57866,1
patient57867,1
patient57868,1
patient57869,1
patient57870,1
patient57871,2
patient57872,1
patient57873,1
patient57874,1
patient57875,8
patient57876,1
patient57877,2
patient57878,1
patient57879,1
patient57880,2
patient57881,1
patient57882,4
patient57883,4
patient57884,1
patient57885,1
patient57886,2
patient57887,1
patient57888,1
patient57889,1
patient57890,2
patient57891,2
patient57892,1
patient57893,1
patient57894,2
patient57895,4
patient57896,3
patient57897,3
patient57898,3
patient57899,1
patient57900,1
patient57901,1
patient57902,2
patient57903,1
patient57904,2
patient57905,2
patient57906,1
patient57907,1
patient57908,1
patient57909,1
patient57910,1
patient57911,1
patient57912,1
patient57913,3
patient57914,1
patient57915,1
patient57916,1
patient57917,3
patient57918,3
patient57919,1
patient57920,2
patient57921,7
patient57922,1
patient57923,1
patient57924,2
patient57925,1
patient57926,3
patient57927,1
patient57928,1
patient57929,1
patient57930,1
patient57931,2
patient57932,1
patient57933,1
patient57934,1
patient57935,1
patient57936,1
patient57937,2
patient57938,1
patient57939,1
patient57940,1
patient57941,1
patient57942,1
patient57943,1
patient57944,2
patient57945,2
patient57946,2
patient57947,1
patient57948,1
patient57949,1
patient57950,1
patient57951,1
patient57952,6
patient57953,2
patient57954,1
patient57955,1
patient57956,1
patient57957,2
patient57958,1
patient57959,3
patient57960,1
patient57961,1
patient57962,1
patient57963,1
patient57964,1
patient57965,2
patient57966,1
patient57967,1
patient57968,1
patient57969,1
patient57970,1
patient57971,1
patient57972,1
patient57973,4
patient57974,6
patient57975,1
patient57976,2
patient57977,1
patient57978,1
patient57979,1
patient57980,1
patient57981,1
patient57982,2
patient57983,2
patient57984,2
patient57985,1
patient57986,3
patient57987,4
patient57988,1
patient57989,1
patient57990,5
patient57991,1
patient57992,1
patient57993,3
patient57994,8
patient57995,4
patient57996,1
patient57997,1
patient57998,1
patient57999,3
patient58000,2
patient58001,1
patient58002,1
patient58003,1
patient58004,4
patient58005,1
patient58006,1
patient58007,1
patient58008,2
patient58009,3
patient58010,1
patient58011,2
patient58012,2
patient58013,1
patient58014,4
patient58015,1
patient58016,1
patient58017,2
patient58018,1
patient58019,1
patient58020,1
patient58021,1
patient58022,1
patient58023,1
patient58024,1
patient58025,1
patient58026,1
patient58027,1
patient58028,1
patient58029,2
patient58030,1
patient58031,2
patient58032,1
patient58033,1
patient58034,2
patient58035,1
patient58036,1
patient58037,3
patient58038,1
patient58039,1
patient58040,1
patient58041,1
patient58042,1
patient58043,1
patient58044,3
patient58045,2
patient58046,1
patient58047,1
patient58048,2
patient58049,1
patient58050,2
patient58051,1
patient58052,2
patient58053,2
patient58054,1
patient58055,2
patient58056,4
patient58057,1
patient58058,2
patient58059,1
patient58060,2
patient58061,2
patient58062,1
patient58063,1
patient58064,1
patient58065,2
patient58066,3
patient58067,2
patient58068,1
patient58069,4
patient58070,1
patient58071,3
patient58072,1
patient58073,1
patient58074,1
patient58075,2
patient58076,3
patient58077,1
patient58078,1
patient58079,1
patient58080,1
patient58081,1
patient58082,3
patient58083,3
patient58084,1
patient58085,3
patient58086,1
patient58087,1
patient58088,2
patient58089,1
patient58090,2
patient58091,1
patient58092,3
patient58093,1
patient58094,1
patient58095,1
patient58096,1
patient58097,1
patient58098,1
patient58099,3
patient58100,1
patient58101,1
patient58102,1
patient58103,4
patient58104,2
patient58105,1
patient58106,1
patient58107,2
patient58108,1
patient58109,1
patient58110,1
patient58111,2
patient58112,1
patient58113,1
patient58114,1
patient58115,1
patient58116,1
patient58117,1
patient58118,1
patient58119,1
patient58120,1
patient58121,1
patient58122,1
patient58123,1
patient58124,1
patient58125,1
patient58126,1
patient58127,2
patient58128,1
patient58129,1
patient58130,1
patient58131,1
patient58132,2
patient58133,1
patient58134,1
patient58135,2
patient58136,3
patient58137,1
patient58138,4
patient58139,3
patient58140,1
patient58141,1
patient58142,3
patient58143,1
patient58144,1
patient58145,1
patient58146,1
patient58147,1
patient58148,1
patient58149,1
patient58150,1
patient58151,1
patient58152,1
patient58153,1
patient58154,1
patient58155,1
patient58156,1
patient58157,1
patient58158,1
patient58159,5
patient58160,1
patient58161,1
patient58162,2
patient58163,3
patient58164,1
patient58165,1
patient58166,1
patient58167,5
patient58168,7
patient58169,1
patient58170,1
patient58171,1
patient58172,1
patient58173,1
patient58174,1
patient58175,2
patient58176,1
patient58177,2
patient58178,2
patient58179,1
patient58180,1
patient58181,1
patient58182,1
patient58183,1
patient58184,1
patient58185,1
patient58186,2
patient58187,1
patient58188,1
patient58189,1
patient58190,1
patient58191,1
patient58192,1
patient58193,1
patient58194,3
patient58195,1
patient58196,3
patient58197,3
patient58198,2
patient58199,1
patient58200,2
patient58201,2
patient58202,1
patient58203,1
patient58204,8
patient58205,2
patient58206,1
patient58207,2
patient58208,2
patient58209,1
patient58210,2
patient58211,1
patient58212,1
patient58213,1
patient58214,1
patient58215,1
patient58216,3
patient58217,1
patient58218,1
patient58219,1
patient58220,1
patient58221,1
patient58222,1
patient58223,1
patient58224,2
patient58225,1
patient58226,1
patient58227,3
patient58228,2
patient58229,2
patient58230,1
patient58231,2
patient58232,2
patient58233,2
patient58234,1
patient58235,1
patient58236,1
patient58237,4
patient58238,1
patient58239,1
patient58240,1
patient58241,1
patient58242,1
patient58243,4
patient58244,1
patient58245,1
patient58246,3
patient58247,1
patient58248,3
patient58249,1
patient58250,1
patient58251,1
patient58252,1
patient58253,1
patient58254,3
patient58255,3
patient58256,2
patient58257,1
patient58258,3
patient58259,3
patient58260,1
patient58261,3
patient58262,2
patient58263,2
patient58264,1
patient58265,1
patient58266,2
patient58267,1
patient58268,1
patient58269,1
patient58270,1
patient58271,2
patient58272,1
patient58273,1
patient58274,2
patient58275,1
patient58276,1
patient58277,1
patient58278,1
patient58279,1
patient58280,1
patient58281,1
patient58282,1
patient58283,1
patient58284,1
patient58285,1
patient58286,1
patient58287,1
patient58288,1
patient58289,1
patient58290,1
patient58291,2
patient58292,5
patient58293,3
patient58294,1
patient58295,1
patient58296,1
patient58297,1
patient58298,1
patient58299,1
patient58300,1
patient58301,3
patient58302,3
patient58303,2
patient58304,2
patient58305,1
patient58306,1
patient58307,3
patient58308,2
patient58309,2
patient58310,2
patient58311,4
patient58312,7
patient58313,2
patient58314,1
patient58315,1
patient58316,1
patient58317,2
patient58318,1
patient58319,1
patient58320,1
patient58321,1
patient58322,2
patient58323,1
patient58324,1
patient58325,1
patient58326,1
patient58327,3
patient58328,1
patient58329,1
patient58330,1
patient58331,2
patient58332,1
patient58333,1
patient58334,1
patient58335,1
patient58336,4
patient58337,1
patient58338,6
patient58339,1
patient58340,1
patient58341,1
patient58342,4
patient58343,2
patient58344,3
patient58345,2
patient58346,1
patient58347,4
patient58348,2
patient58349,1
patient58350,1
patient58351,2
patient58352,1
patient58353,2
patient58354,1
patient58355,1
patient58356,4
patient58357,1
patient58358,2
patient58359,2
patient58360,1
patient58361,1
patient58362,2
patient58363,2
patient58364,1
patient58365,1
patient58366,1
patient58367,2
patient58368,4
patient58369,1
patient58370,2
patient58371,1
patient58372,4
patient58373,1
patient58374,1
patient58375,1
patient58376,1
patient58377,1
patient58378,2
patient58379,1
patient58380,1
patient58381,1
patient58382,2
patient58383,1
patient58384,1
patient58385,1
patient58386,1
patient58387,2
patient58388,3
patient58389,5
patient58390,2
patient58391,1
patient58392,1
patient58393,1
patient58394,1
patient58395,1
patient58396,2
patient58397,1
patient58398,1
patient58399,1
patient58400,1
patient58401,2
patient58402,1
patient58403,2
patient58404,1
patient58405,2
patient58406,1
patient58407,1
patient58408,3
patient58409,2
patient58410,1
patient58411,1
patient58412,1
patient58413,1
patient58414,1
patient58415,2
patient58416,1
patient58417,2
patient58418,1
patient58419,2
patient58420,1
patient58421,2
patient58422,1
patient58423,1
patient58424,1
patient58425,3
patient58426,2
patient58427,2
patient58428,1
patient58429,3
patient58430,3
patient58431,2
patient58432,1
patient58433,1
patient58434,4
patient58435,1
patient58436,1
patient58437,1
patient58438,1
patient58439,1
patient58440,1
patient58441,1
patient58442,2
patient58443,1
patient58444,2
patient58445,1
patient58446,1
patient58447,1
patient58448,1
patient58449,1
patient58450,2
patient58451,1
patient58452,1
patient58453,2
patient58454,1
patient58455,1
patient58456,2
patient58457,1
patient58458,4
patient58459,1
patient58460,1
patient58461,2
patient58462,1
patient58463,1
patient58464,2
patient58465,4
patient58466,2
patient58467,1
patient58468,1
patient58469,2
patient58470,4
patient58471,3
patient58472,1
patient58473,1
patient58474,1
patient58475,1
patient58476,2
patient58477,2
patient58478,2
patient58479,1
patient58480,1
patient58481,2
patient58482,1
patient58483,7
patient58484,1
patient58485,1
patient58486,1
patient58487,1
patient58488,1
patient58489,4
patient58490,1
patient58491,1
patient58492,2
patient58493,3
patient58494,1
patient58495,1
patient58496,2
patient58497,1
patient58498,1
patient58499,3
patient58500,1
patient58501,1
patient58502,1
patient58503,3
patient58504,1
patient58505,1
patient58506,1
patient58507,2
patient58508,1
patient58509,3
patient58510,1
patient58511,1
patient58512,1
patient58513,1
patient58514,2
patient58515,1
patient58516,2
patient58517,1
patient58518,1
patient58519,2
patient58520,1
patient58521,2
patient58522,1
patient58523,2
patient58524,1
patient58525,2
patient58526,1
patient58527,3
patient58528,1
patient58529,1
patient58530,3
patient58531,2
patient58532,1
patient58533,1
patient58534,1
patient58535,1
patient58536,1
patient58537,1
patient58538,4
patient58539,1
patient58540,4
patient58541,2
patient58542,1
patient58543,2
patient58544,1
patient58545,1
patient58546,2
patient58547,2
patient58548,2
patient58549,1
patient58550,1
patient58551,2
patient58552,1
patient58553,2
patient58554,1
patient58555,1
patient58556,2
patient58557,1
patient58558,1
patient58559,2
patient58560,2
patient58561,1
patient58562,1
patient58563,3
patient58564,2
patient58565,2
patient58566,1
patient58567,1
patient58568,5
patient58569,1
patient58570,1
patient58571,2
patient58572,1
patient58573,3
patient58574,1
patient58575,1
patient58576,1
patient58577,1
patient58578,3
patient58579,1
patient58580,1
patient58581,1
patient58582,2
patient58583,1
patient58584,2
patient58585,2
patient58586,2
patient58587,2
patient58588,1
patient58589,1
patient58590,1
patient58591,5
patient58592,2
patient58593,1
patient58594,1
patient58595,2
patient58596,1
patient58597,5
patient58598,1
patient58599,6
patient58600,2
patient58601,1
patient58602,3
patient58603,1
patient58604,1
patient58605,1
patient58606,8
patient58607,1
patient58608,1
patient58609,3
patient58610,1
patient58611,2
patient58612,1
patient58613,2
patient58614,1
patient58615,1
patient58616,2
patient58617,2
patient58618,1
patient58619,2
patient58620,1
patient58621,2
patient58622,3
patient58623,2
patient58624,1
patient58625,3
patient58626,1
patient58627,1
patient58628,2
patient58629,1
patient58630,1
patient58631,2
patient58632,4
patient58633,1
patient58634,3
patient58635,3
patient58636,1
patient58637,1
patient58638,2
patient58639,1
patient58640,1
patient58641,2
patient58642,1
patient58643,1
patient58644,2
patient58645,1
patient58646,2
patient58647,1
patient58648,4
patient58649,1
patient58650,1
patient58651,2
patient58652,1
patient58653,1
patient58654,1
patient58655,1
patient58656,1
patient58657,1
patient58658,1
patient58659,2
patient58660,1
patient58661,1
patient58662,1
patient58663,1
patient58664,5
patient58665,1
patient58666,5
patient58667,1
patient58668,1
patient58669,1
patient58670,1
patient58671,1
patient58672,2
patient58673,3
patient58674,1
patient58675,1
patient58676,1
patient58677,7
patient58678,2
patient58679,1
patient58680,1
patient58681,2
patient58682,2
patient58683,5
patient58684,1
patient58685,2
patient58686,2
patient58687,3
patient58688,2
patient58689,4
patient58690,1
patient58691,3
patient58692,1
patient58693,3
patient58694,2
patient58695,2
patient58696,2
patient58697,2
patient58698,2
patient58699,1
patient58700,3
patient58701,1
patient58702,1
patient58703,1
patient58704,1
patient58705,1
patient58706,1
patient58707,1
patient58708,1
patient58709,2
patient58710,1
patient58711,1
patient58712,4
patient58713,2
patient58714,2
patient58715,1
patient58716,2
patient58717,1
patient58718,2
patient58719,1
patient58720,1
patient58721,2
patient58722,1
patient58723,1
patient58724,1
patient58725,1
patient58726,1
patient58727,1
patient58728,3
patient58729,1
patient58730,1
patient58731,1
patient58732,1
patient58733,1
patient58734,1
patient58735,2
patient58736,2
patient58737,2
patient58738,1
patient58739,3
patient58740,1
patient58741,3
patient58742,2
patient58743,1
patient58744,2
patient58745,3
patient58746,2
patient58747,1
patient58748,1
patient58749,1
patient58750,1
patient58751,2
patient58752,1
patient58753,3
patient58754,1
patient58755,1
patient58756,2
patient58757,1
patient58758,1
patient58759,2
patient58760,1
patient58761,1
patient58762,2
patient58763,1
patient58764,3
patient58765,2
patient58766,1
patient58767,1
patient58768,1
patient58769,1
patient58770,3
patient58771,3
patient58772,3
patient58773,2
patient58774,1
patient58775,3
patient58776,1
patient58777,2
patient58778,1
patient58779,2
patient58780,2
patient58781,3
patient58782,1
patient58783,1
patient58784,1
patient58785,1
patient58786,1
patient58787,1
patient58788,2
patient58789,2
patient58790,1
patient58791,2
patient58792,2
patient58793,4
patient58794,1
patient58795,1
patient58796,1
patient58797,1
patient58798,2
patient58799,2
patient58800,1
patient58801,1
patient58802,2
patient58803,1
patient58804,2
patient58805,1
patient58806,1
patient58807,1
patient58808,1
patient58809,1
patient58810,1
patient58811,1
patient58812,1
patient58813,1
patient58814,1
patient58815,1
patient58816,2
patient58817,1
patient58818,2
patient58819,2
patient58820,2
patient58821,1
patient58822,3
patient58823,2
patient58824,2
patient58825,1
patient58826,1
patient58827,1
patient58828,1
patient58829,1
patient58830,1
patient58831,1
patient58832,1
patient58833,3
patient58834,3
patient58835,1
patient58836,1
patient58837,3
patient58838,1
patient58839,1
patient58840,4
patient58841,1
patient58842,1
patient58843,4
patient58844,1
patient58845,2
patient58846,3
patient58847,2
patient58848,1
patient58849,1
patient58850,1
patient58851,3
patient58852,1
patient58853,2
patient58854,1
patient58855,1
patient58856,2
patient58857,1
patient58858,2
patient58859,1
patient58860,1
patient58861,1
patient58862,2
patient58863,2
patient58864,2
patient58865,1
patient58866,1
patient58867,3
patient58868,3
patient58869,1
patient58870,2
patient58871,1
patient58872,2
patient58873,1
patient58874,1
patient58875,1
patient58876,1
patient58877,1
patient58878,1
patient58879,2
patient58880,2
patient58881,2
patient58882,2
patient58883,1
patient58884,1
patient58885,1
patient58886,1
patient58887,4
patient58888,1
patient58889,1
patient58890,4
patient58891,2
patient58892,1
patient58893,1
patient58894,1
patient58895,4
patient58896,1
patient58897,2
patient58898,1
patient58899,1
patient58900,1
patient58901,6
patient58902,2
patient58903,3
patient58904,1
patient58905,1
patient58906,1
patient58907,5
patient58908,1
patient58909,3
patient58910,1
patient58911,1
patient58912,1
patient58913,1
patient58914,3
patient58915,1
patient58916,4
patient58917,2
patient58918,2
patient58919,4
patient58920,2
patient58921,2
patient58922,1
patient58923,2
patient58924,3
patient58925,1
patient58926,2
patient58927,1
patient58928,3
patient58929,1
patient58930,1
patient58931,4
patient58932,1
patient58933,2
patient58934,2
patient58935,1
patient58936,1
patient58937,1
patient58938,1
patient58939,2
patient58940,1
patient58941,1
patient58942,1
patient58943,2
patient58944,1
patient58945,1
patient58946,1
patient58947,1
patient58948,1
patient58949,1
patient58950,2
patient58951,1
patient58952,1
patient58953,4
patient58954,1
patient58955,2
patient58956,6
patient58957,1
patient58958,3
patient58959,1
patient58960,2
patient58961,1
patient58962,1
patient58963,1
patient58964,1
patient58965,3
patient58966,3
patient58967,1
patient58968,2
patient58969,4
patient58970,1
patient58971,2
patient58972,1
patient58973,1
patient58974,1
patient58975,2
patient58976,2
patient58977,1
patient58978,1
patient58979,1
patient58980,2
patient58981,1
patient58982,1
patient58983,3
patient58984,1
patient58985,2
patient58986,1
patient58987,1
patient58988,3
patient58989,2
patient58990,3
patient58991,1
patient58992,1
patient58993,1
patient58994,2
patient58995,1
patient58996,1
patient58997,1
patient58998,2
patient58999,2
patient59000,1
patient59001,1
patient59002,1
patient59003,2
patient59004,2
patient59005,1
patient59006,1
patient59007,1
patient59008,3
patient59009,1
patient59010,2
patient59011,1
patient59012,3
patient59013,2
patient59014,2
patient59015,1
patient59016,2
patient59017,2
patient59018,1
patient59019,1
patient59020,1
patient59021,1
patient59022,2
patient59023,2
patient59024,1
patient59025,7
patient59026,2
patient59027,2
patient59028,2
patient59029,3
patient59030,1
patient59031,2
patient59032,1
patient59033,1
patient59034,2
patient59035,1
patient59036,1
patient59037,1
patient59038,2
patient59039,1
patient59040,1
patient59041,1
patient59042,2
patient59043,1
patient59044,1
patient59045,1
patient59046,1
patient59047,1
patient59048,1
patient59049,1
patient59050,2
patient59051,1
patient59052,2
patient59053,3
patient59054,2
patient59055,1
patient59056,1
patient59057,1
patient59058,1
patient59059,2
patient59060,1
patient59061,1
patient59062,1
patient59063,2
patient59064,1
patient59065,1
patient59066,2
patient59067,1
patient59068,1
patient59069,1
patient59070,1
patient59071,1
patient59072,3
patient59073,2
patient59074,1
patient59075,2
patient59076,1
patient59077,1
patient59078,1
patient59079,1
patient59080,3
patient59081,3
patient59082,1
patient59083,3
patient59084,2
patient59085,1
patient59086,2
patient59087,1
patient59088,1
patient59089,2
patient59090,2
patient59091,1
patient59092,2
patient59093,4
patient59095,1
patient59096,1
patient59097,1
patient59098,3
patient59099,1
patient59100,1
patient59101,2
patient59102,1
patient59103,1
patient59104,1
patient59105,1
patient59106,3
patient59107,1
patient59108,4
patient59109,1
patient59110,1
patient59111,2
patient59112,1
patient59113,2
patient59114,1
patient59115,1
patient59116,1
patient59117,1
patient59118,3
patient59119,1
patient59120,5
patient59121,3
patient59122,1
patient59123,1
patient59124,1
patient59125,1
patient59126,1
patient59127,2
patient59128,1
patient59129,2
patient59130,1
patient59131,1
patient59132,1
patient59133,1
patient59134,1
patient59135,1
patient59136,1
patient59137,2
patient59138,1
patient59139,1
patient59140,1
patient59141,1
patient59142,1
patient59143,2
patient59144,1
patient59145,1
patient59146,1
patient59147,1
patient59148,1
patient59149,1
patient59150,1
patient59151,1
patient59152,3
patient59153,2
patient59154,1
patient59155,7
patient59156,5
patient59157,7
patient59158,3
patient59159,6
patient59160,2
patient59161,1
patient59162,1
patient59163,1
patient59164,2
patient59165,2
patient59166,2
patient59167,2
patient59168,1
patient59169,1
patient59170,1
patient59171,1
patient59172,1
patient59173,1
patient59174,1
patient59175,1
patient59176,1
patient59177,1
patient59178,1
patient59179,2
patient59180,1
patient59181,6
patient59182,1
patient59183,1
patient59184,1
patient59185,3
patient59186,1
patient59187,1
patient59188,1
patient59189,1
patient59190,1
patient59191,1
patient59192,1
patient59193,1
patient59194,1
patient59195,1
patient59196,3
patient59197,4
patient59198,1
patient59199,1
patient59200,1
patient59201,1
patient59202,1
patient59203,2
patient59204,1
patient59205,3
patient59206,3
patient59207,1
patient59208,2
patient59209,1
patient59210,1
patient59211,4
patient59212,1
patient59213,1
patient59214,1
patient59215,2
patient59216,2
patient59217,6
patient59218,2
patient59219,1
patient59220,5
patient59221,2
patient59222,1
patient59223,2
patient59224,3
patient59225,1
patient59226,2
patient59227,2
patient59228,1
patient59229,2
patient59230,1
patient59231,1
patient59232,1
patient59233,1
patient59234,1
patient59235,1
patient59236,1
patient59237,1
patient59238,1
patient59239,1
patient59240,2
patient59241,1
patient59242,3
patient59243,1
patient59244,1
patient59245,1
patient59246,1
patient59247,1
patient59248,1
patient59249,1
patient59250,1
patient59251,5
patient59252,1
patient59253,1
patient59254,2
patient59255,3
patient59256,1
patient59257,1
patient59258,1
patient59259,1
patient59260,1
patient59261,2
patient59262,2
patient59263,1
patient59264,2
patient59265,1
patient59266,1
patient59267,5
patient59268,1
patient59269,1
patient59270,1
patient59271,2
patient59272,1
patient59273,3
patient59274,1
patient59275,1
patient59276,1
patient59277,1
patient59278,1
patient59279,5
patient59280,1
patient59281,2
patient59282,1
patient59283,1
patient59284,1
patient59285,1
patient59286,1
patient59287,1
patient59288,2
patient59289,1
patient59290,1
patient59291,1
patient59292,1
patient59293,2
patient59294,3
patient59295,3
patient59296,3
patient59297,2
patient59298,3
patient59299,1
patient59300,2
patient59301,2
patient59302,5
patient59303,1
patient59304,2
patient59305,1
patient59306,1
patient59307,1
patient59308,2
patient59309,1
patient59310,1
patient59311,2
patient59312,2
patient59313,1
patient59314,1
patient59315,2
patient59316,1
patient59317,1
patient59318,1
patient59319,1
patient59320,1
patient59321,1
patient59322,1
patient59323,1
patient59324,1
patient59325,5
patient59326,1
patient59327,1
patient59328,1
patient59329,2
patient59330,1
patient59331,2
patient59332,1
patient59333,1
patient59334,1
patient59335,1
patient59336,1
patient59337,1
patient59338,1
patient59339,1
patient59340,2
patient59341,1
patient59342,1
patient59343,1
patient59344,1
patient59345,1
patient59346,2
patient59347,1
patient59348,2
patient59349,2
patient59350,1
patient59351,2
patient59352,1
patient59353,1
patient59354,1
patient59355,1
patient59356,4
patient59357,2
patient59358,1
patient59359,2
patient59360,3
patient59361,2
patient59362,1
patient59363,1
patient59364,1
patient59365,1
patient59366,3
patient59367,2
patient59368,1
patient59369,1
patient59370,1
patient59371,2
patient59372,2
patient59373,1
patient59374,2
patient59375,1
patient59376,1
patient59377,1
patient59378,1
patient59379,1
patient59380,1
patient59381,1
patient59382,3
patient59383,1
patient59384,2
patient59385,4
patient59386,1
patient59387,1
patient59388,2
patient59389,2
patient59390,2
patient59391,1
patient59392,2
patient59393,2
patient59394,4
patient59395,3
patient59396,1
patient59397,3
patient59398,1
patient59399,1
patient59400,1
patient59401,1
patient59402,2
patient59403,1
patient59404,5
patient59405,1
patient59406,1
patient59407,1
patient59408,1
patient59409,1
patient59410,2
patient59411,1
patient59412,1
patient59413,1
patient59414,1
patient59415,2
patient59416,2
patient59417,1
patient59418,1
patient59419,2
patient59420,4
patient59421,1
patient59422,2
patient59423,3
patient59424,1
patient59425,1
patient59426,1
patient59427,1
patient59428,1
patient59429,3
patient59430,1
patient59431,1
patient59432,1
patient59433,2
patient59434,1
patient59435,1
patient59436,2
patient59437,2
patient59438,2
patient59439,4
patient59440,5
patient59441,1
patient59442,1
patient59443,1
patient59444,1
patient59445,3
patient59446,2
patient59447,3
patient59448,1
patient59449,1
patient59450,1
patient59451,3
patient59452,1
patient59453,3
patient59454,2
patient59455,1
patient59456,4
patient59457,1
patient59458,1
patient59459,1
patient59460,2
patient59461,1
patient59462,3
patient59463,1
patient59464,1
patient59465,1
patient59466,1
patient59467,2
patient59468,3
patient59469,1
patient59470,1
patient59471,1
patient59472,1
patient59473,1
patient59474,1
patient59475,1
patient59476,1
patient59477,1
patient59478,2
patient59479,1
patient59480,1
patient59481,2
patient59482,1
patient59483,2
patient59484,1
patient59485,1
patient59486,1
patient59487,5
patient59488,1
patient59489,4
patient59490,8
patient59491,1
patient59492,1
patient59493,1
patient59494,1
patient59495,1
patient59496,1
patient59497,1
patient59498,1
patient59499,1
patient59500,1
patient59501,1
patient59502,1
patient59503,1
patient59504,1
patient59505,4
patient59506,1
patient59507,4
patient59508,2
patient59509,1
patient59510,1
patient59511,1
patient59512,1
patient59513,1
patient59514,1
patient59515,1
patient59516,1
patient59517,2
patient59518,4
patient59519,1
patient59520,1
patient59521,1
patient59522,2
patient59523,1
patient59524,1
patient59525,1
patient59526,4
patient59527,2
patient59528,1
patient59529,2
patient59530,1
patient59531,4
patient59532,1
patient59533,2
patient59534,1
patient59535,3
patient59536,1
patient59537,1
patient59538,1
patient59539,2
patient59540,2
patient59541,1
patient59542,1
patient59543,1
patient59544,3
patient59545,1
patient59546,2
patient59547,1
patient59548,1
patient59549,2
patient59550,3
patient59551,1
patient59552,1
patient59553,1
patient59554,1
patient59555,1
patient59556,1
patient59557,2
patient59558,1
patient59559,2
patient59560,4
patient59561,1
patient59562,2
patient59563,1
patient59564,1
patient59565,1
patient59566,6
patient59567,2
patient59568,1
patient59569,1
patient59570,1
patient59571,1
patient59572,1
patient59573,1
patient59574,1
patient59575,7
patient59576,1
patient59577,1
patient59578,3
patient59579,2
patient59580,3
patient59581,1
patient59582,1
patient59583,2
patient59584,1
patient59585,1
patient59586,1
patient59587,1
patient59588,1
patient59589,2
patient59590,1
patient59591,1
patient59592,7
patient59593,1
patient59594,3
patient59595,1
patient59596,1
patient59597,2
patient59598,1
patient59599,1
patient59600,3
patient59601,2
patient59602,1
patient59603,1
patient59604,2
patient59605,1
patient59606,3
patient59607,1
patient59608,1
patient59609,1
patient59610,1
patient59611,1
patient59612,1
patient59613,3
patient59614,1
patient59615,1
patient59616,3
patient59617,1
patient59618,1
patient59619,1
patient59620,1
patient59621,1
patient59622,1
patient59623,1
patient59624,3
patient59625,2
patient59626,4
patient59627,1
patient59628,1
patient59629,1
patient59630,1
patient59631,3
patient59632,1
patient59633,1
patient59634,2
patient59635,3
patient59636,3
patient59637,1
patient59638,1
patient59639,2
patient59640,2
patient59641,1
patient59642,1
patient59643,1
patient59644,2
patient59645,1
patient59646,1
patient59647,3
patient59648,1
patient59649,1
patient59650,2
patient59651,1
patient59652,1
patient59653,1
patient59654,1
patient59655,1
patient59656,2
patient59657,1
patient59658,1
patient59659,2
patient59660,1
patient59661,1
patient59662,1
patient59663,2
patient59664,1
patient59665,2
patient59666,1
patient59667,1
patient59668,6
patient59669,1
patient59670,1
patient59671,1
patient59672,1
patient59673,1
patient59674,2
patient59675,1
patient59676,5
patient59677,2
patient59678,1
patient59679,2
patient59680,1
patient59681,1
patient59682,1
patient59683,2
patient59684,3
patient59685,1
patient59686,1
patient59687,4
patient59688,1
patient59689,1
patient59690,2
patient59691,3
patient59692,2
patient59693,1
patient59694,2
patient59695,2
patient59696,1
patient59697,1
patient59698,1
patient59699,1
patient59700,1
patient59701,2
patient59702,1
patient59703,3
patient59704,1
patient59705,1
patient59706,1
patient59707,1
patient59708,1
patient59709,1
patient59710,2
patient59711,3
patient59712,2
patient59713,2
patient59714,2
patient59715,1
patient59716,1
patient59717,1
patient59718,1
patient59719,1
patient59720,1
patient59721,4
patient59722,1
patient59723,2
patient59724,1
patient59725,2
patient59726,1
patient59727,1
patient59728,3
patient59729,1
patient59730,1
patient59731,1
patient59732,2
patient59733,1
patient59734,1
patient59735,1
patient59736,3
patient59737,1
patient59738,1
patient59739,1
patient59740,3
patient59741,1
patient59742,1
patient59743,1
patient59744,1
patient59745,1
patient59746,2
patient59747,4
patient59748,1
patient59749,1
patient59750,1
patient59751,1
patient59752,2
patient59753,1
patient59754,1
patient59755,1
patient59756,1
patient59757,1
patient59758,1
patient59759,1
patient59760,2
patient59761,4
patient59762,1
patient59763,3
patient59764,1
patient59765,3
patient59766,1
patient59767,1
patient59768,1
patient59769,2
patient59770,1
patient59771,1
patient59772,1
patient59773,4
patient59774,1
patient59775,2
patient59776,2
patient59777,4
patient59778,2
patient59779,1
patient59780,1
patient59781,2
patient59782,1
patient59783,2
patient59784,2
patient59785,1
patient59786,1
patient59787,1
patient59788,1
patient59789,1
patient59790,4
patient59791,1
patient59792,1
patient59793,1
patient59794,1
patient59795,3
patient59796,2
patient59797,1
patient59798,1
patient59799,1
patient59800,1
patient59801,2
patient59802,3
patient59803,1
patient59804,1
patient59805,3
patient59806,1
patient59807,1
patient59808,1
patient59809,1
patient59810,3
patient59811,1
patient59812,1
patient59813,1
patient59814,4
patient59815,2
patient59816,1
patient59817,1
patient59818,1
patient59819,1
patient59820,1
patient59821,1
patient59822,1
patient59823,2
patient59824,2
patient59825,1
patient59826,1
patient59827,1
patient59828,1
patient59829,2
patient59830,1
patient59831,1
patient59832,1
patient59833,1
patient59834,1
patient59835,1
patient59836,1
patient59837,1
patient59838,1
patient59839,1
patient59840,3
patient59841,1
patient59842,2
patient59843,3
patient59844,1
patient59845,2
patient59846,2
patient59847,1
patient59848,1
patient59849,1
patient59850,2
patient59851,1
patient59852,1
patient59853,1
patient59854,1
patient59855,1
patient59856,1
patient59857,2
patient59858,1
patient59859,3
patient59860,1
patient59861,5
patient59862,1
patient59863,3
patient59864,1
patient59865,2
patient59866,2
patient59867,1
patient59868,3
patient59869,2
patient59870,1
patient59871,1
patient59872,1
patient59873,4
patient59874,2
patient59875,1
patient59876,1
patient59877,1
patient59878,5
patient59879,1
patient59880,4
patient59881,1
patient59882,2
patient59883,1
patient59884,1
patient59885,1
patient59886,1
patient59887,1
patient59888,1
patient59889,2
patient59890,3
patient59891,1
patient59892,1
patient59893,1
patient59894,1
patient59895,6
patient59896,1
patient59897,1
patient59898,4
patient59899,3
patient59900,1
patient59901,1
patient59902,2
patient59903,1
patient59904,1
patient59905,1
patient59906,3
patient59907,1
patient59908,2
patient59909,2
patient59910,2
patient59911,1
patient59912,1
patient59913,2
patient59914,1
patient59915,1
patient59916,1
patient59917,1
patient59918,2
patient59919,1
patient59920,1
patient59921,1
patient59922,1
patient59923,1
patient59924,1
patient59925,1
patient59926,1
patient59927,1
patient59928,4
patient59929,1
patient59930,1
patient59931,1
patient59932,1
patient59933,1
patient59934,5
patient59935,1
patient59936,1
patient59937,4
patient59938,1
patient59939,1
patient59940,1
patient59941,2
patient59942,2
patient59943,3
patient59944,2
patient59945,1
patient59946,3
patient59947,3
patient59948,1
patient59949,2
patient59950,1
patient59951,1
patient59952,1
patient59953,1
patient59954,1
patient59955,1
patient59956,3
patient59957,1
patient59958,4
patient59959,1
patient59960,1
patient59961,1
patient59962,1
patient59963,3
patient59964,1
patient59965,1
patient59966,2
patient59967,2
patient59968,1
patient59969,1
patient59970,1
patient59971,2
patient59972,3
patient59973,1
patient59974,4
patient59975,1
patient59976,1
patient59977,1
patient59978,1
patient59979,1
patient59980,1
patient59981,1
patient59982,2
patient59983,1
patient59984,2
patient59985,4
patient59986,3
patient59987,2
patient59988,1
patient59989,2
patient59990,1
patient59991,1
patient59992,2
patient59993,2
patient59994,1
patient59995,2
patient59996,2
patient59997,1
patient59998,3
patient59999,4
patient60000,3
patient60001,1
patient60002,1
patient60003,1
patient60004,3
patient60005,1
patient60006,1
patient60007,2
patient60008,2
patient60009,4
patient60010,1
patient60011,1
patient60012,1
patient60013,1
patient60014,1
patient60015,1
patient60016,1
patient60017,1
patient60018,1
patient60019,1
patient60020,1
patient60021,1
patient60022,1
patient60023,1
patient60024,2
patient60025,3
patient60026,1
patient60027,1
patient60028,1
patient60029,2
patient60030,1
patient60031,1
patient60032,1
patient60033,2
patient60034,1
patient60035,1
patient60036,1
patient60037,1
patient60038,1
patient60039,2
patient60040,3
patient60041,1
patient60042,2
patient60043,3
patient60044,1
patient60045,1
patient60046,1
patient60047,1
patient60048,1
patient60049,1
patient60050,1
patient60051,1
patient60052,1
patient60053,2
patient60054,1
patient60055,1
patient60056,1
patient60057,2
patient60058,1
patient60059,1
patient60060,2
patient60061,1
patient60062,1
patient60063,1
patient60064,2
patient60065,1
patient60066,1
patient60067,1
patient60068,3
patient60069,1
patient60070,1
patient60071,3
patient60072,1
patient60073,2
patient60074,1
patient60075,1
patient60076,1
patient60077,1
patient60078,3
patient60079,1
patient60080,1
patient60081,1
patient60082,2
patient60083,1
patient60084,1
patient60085,2
patient60086,5
patient60087,1
patient60088,2
patient60089,1
patient60090,1
patient60091,3
patient60092,1
patient60093,2
patient60094,1
patient60095,1
patient60096,1
patient60097,1
patient60098,1
patient60099,1
patient60100,1
patient60101,1
patient60102,4
patient60103,1
patient60104,1
patient60105,2
patient60106,1
patient60107,1
patient60108,1
patient60109,2
patient60110,1
patient60111,1
patient60112,3
patient60113,1
patient60114,1
patient60115,1
patient60116,4
patient60117,2
patient60118,2
patient60119,1
patient60120,1
patient60121,1
patient60122,1
patient60123,1
patient60124,2
patient60125,1
patient60126,1
patient60127,1
patient60128,3
patient60129,2
patient60130,1
patient60131,1
patient60132,1
patient60133,1
patient60134,1
patient60135,1
patient60136,6
patient60137,1
patient60138,1
patient60139,2
patient60140,1
patient60141,1
patient60142,1
patient60143,1
patient60144,1
patient60145,1
patient60146,6
patient60147,1
patient60148,1
patient60149,1
patient60150,1
patient60151,3
patient60152,1
patient60153,1
patient60154,1
patient60155,1
patient60156,1
patient60157,1
patient60158,2
patient60159,1
patient60160,1
patient60161,2
patient60162,1
patient60163,1
patient60164,1
patient60165,1
patient60166,2
patient60167,1
patient60168,1
patient60169,1
patient60170,1
patient60171,2
patient60172,2
patient60173,1
patient60174,1
patient60175,1
patient60176,1
patient60177,2
patient60178,1
patient60179,3
patient60180,1
patient60181,2
patient60182,2
patient60183,2
patient60184,2
patient60185,1
patient60186,3
patient60187,5
patient60188,2
patient60189,2
patient60190,1
patient60191,4
patient60192,2
patient60193,2
patient60194,3
patient60195,1
patient60196,2
patient60197,1
patient60198,1
patient60199,1
patient60200,1
patient60201,5
patient60202,2
patient60203,1
patient60204,3
patient60205,1
patient60206,1
patient60207,1
patient60208,1
patient60209,2
patient60210,3
patient60211,1
patient60212,1
patient60213,3
patient60214,1
patient60215,1
patient60216,1
patient60217,1
patient60218,2
patient60219,2
patient60220,1
patient60221,3
patient60222,3
patient60223,1
patient60224,3
patient60225,1
patient60226,1
patient60227,1
patient60228,1
patient60229,1
patient60230,2
patient60231,1
patient60232,1
patient60233,2
patient60234,2
patient60235,2
patient60236,1
patient60237,2
patient60238,1
patient60239,1
patient60240,1
patient60241,1
patient60242,1
patient60243,1
patient60244,1
patient60245,2
patient60246,2
patient60247,2
patient60248,1
patient60249,2
patient60250,1
patient60251,3
patient60252,1
patient60253,1
patient60254,1
patient60255,2
patient60256,1
patient60257,1
patient60258,2
patient60259,1
patient60260,1
patient60261,2
patient60262,1
patient60263,1
patient60264,2
patient60265,3
patient60266,2
patient60267,5
patient60268,1
patient60269,3
patient60270,1
patient60271,1
patient60272,6
patient60273,1
patient60274,1
patient60275,1
patient60276,2
patient60277,3
patient60278,2
patient60279,2
patient60280,1
patient60281,2
patient60282,2
patient60283,1
patient60284,1
patient60285,1
patient60286,1
patient60287,4
patient60288,1
patient60289,1
patient60290,3
patient60291,1
patient60292,1
patient60293,1
patient60294,1
patient60295,2
patient60296,2
patient60297,1
patient60298,1
patient60299,3
patient60300,1
patient60301,4
patient60302,1
patient60303,2
patient60304,2
patient60305,2
patient60306,2
patient60307,1
patient60308,1
patient60309,1
patient60310,1
patient60311,1
patient60312,1
patient60313,4
patient60314,2
patient60315,2
patient60316,1
patient60317,1
patient60318,2
patient60319,1
patient60320,1
patient60321,2
patient60322,1
patient60323,2
patient60324,1
patient60325,1
patient60326,1
patient60327,1
patient60328,1
patient60329,1
patient60330,4
patient60331,2
patient60332,1
patient60333,2
patient60334,1
patient60335,3
patient60336,2
patient60337,1
patient60338,1
patient60339,1
patient60340,2
patient60341,1
patient60342,1
patient60343,5
patient60344,1
patient60345,1
patient60346,2
patient60347,1
patient60348,5
patient60349,2
patient60350,1
patient60351,2
patient60352,1
patient60353,3
patient60354,1
patient60355,2
patient60356,1
patient60357,3
patient60358,3
patient60359,2
patient60360,2
patient60361,2
patient60362,2
patient60363,2
patient60364,2
patient60365,1
patient60366,1
patient60367,2
patient60368,2
patient60369,1
patient60370,2
patient60371,2
patient60372,2
patient60373,1
patient60374,2
patient60375,3
patient60376,2
patient60377,1
patient60378,3
patient60379,3
patient60380,1
patient60381,1
patient60382,2
patient60383,2
patient60384,2
patient60385,2
patient60386,2
patient60387,3
patient60388,2
patient60389,1
patient60390,1
patient60391,2
patient60392,2
patient60393,1
patient60394,3
patient60395,2
patient60396,2
patient60397,3
patient60398,2
patient60399,2
patient60400,2
patient60401,1
patient60402,2
patient60403,2
patient60404,2
patient60405,2
patient60406,2
patient60407,2
patient60408,2
patient60409,2
patient60410,3
patient60411,2
patient60412,3
patient60413,3
patient60414,1
patient60415,4
patient60416,2
patient60417,4
patient60418,2
patient60419,2
patient60420,2
patient60421,2
patient60422,3
patient60423,2
patient60424,3
patient60425,2
patient60426,2
patient60427,2
patient60428,2
patient60429,2
patient60430,3
patient60431,2
patient60432,2
patient60433,2
patient60434,2
patient60435,2
patient60436,2
patient60437,2
patient60438,2
patient60439,2
patient60440,3
patient60441,2
patient60442,2
patient60443,1
patient60444,1
patient60445,4
patient60446,3
patient60447,2
patient60448,3
patient60449,2
patient60450,2
patient60451,2
patient60452,3
patient60453,2
patient60454,1
patient60455,2
patient60456,2
patient60457,2
patient60458,3
patient60459,2
patient60460,3
patient60461,2
patient60462,2
patient60463,1
patient60464,2
patient60465,2
patient60466,2
patient60467,2
patient60468,2
patient60469,1
patient60470,1
patient60471,2
patient60472,2
patient60473,2
patient60474,2
patient60475,2
patient60476,1
patient60477,3
patient60478,2
patient60479,2
patient60480,5
patient60481,2
patient60482,2
patient60483,2
patient60484,2
patient60485,2
patient60486,1
patient60487,2
patient60488,2
patient60489,3
patient60490,3
patient60491,4
patient60492,2
patient60493,2
patient60494,3
patient60495,4
patient60496,2
patient60497,1
patient60498,2
patient60499,2
patient60500,2
patient60501,2
patient60502,3
patient60503,2
patient60504,1
patient60505,2
patient60506,2
patient60507,2
patient60508,2
patient60509,3
patient60510,2
patient60511,2
patient60512,3
patient60513,1
patient60514,2
patient60515,2
patient60516,2
patient60517,2
patient60518,2
patient60519,2
patient60520,2
patient60521,3
patient60522,2
patient60523,2
patient60524,3
patient60525,2
patient60526,4
patient60527,2
patient60528,2
patient60529,2
patient60530,2
patient60531,1
patient60532,2
patient60533,2
patient60534,5
patient60535,2
patient60536,2
patient60537,2
patient60538,1
patient60539,2
patient60540,4
patient60541,1
patient60542,2
patient60543,2
patient60544,2
patient60545,1
patient60546,2
patient60547,2
patient60548,3
patient60549,3
patient60550,1
patient60551,3
patient60552,2
patient60553,3
patient60554,1
patient60555,1
patient60556,1
patient60557,1
patient60558,2
patient60559,2
patient60560,2
patient60561,2
patient60562,2
patient60563,2
patient60564,2
patient60565,2
patient60566,2
patient60567,3
patient60568,1
patient60569,1
patient60570,2
patient60571,3
patient60572,2
patient60573,1
patient60574,1
patient60575,2
patient60576,1
patient60577,2
patient60578,2
patient60579,3
patient60580,2
patient60581,2
patient60582,1
patient60583,2
patient60584,2
patient60585,3
patient60586,2
patient60587,2
patient60588,2
patient60589,2
patient60590,2
patient60591,2
patient60592,2
patient60593,2
patient60594,1
patient60595,2
patient60596,3
patient60597,2
patient60598,2
patient60599,2
patient60600,2
patient60601,2
patient60602,1
patient60603,3
patient60604,2
patient60605,3
patient60606,2
patient60607,2
patient60608,2
patient60609,2
patient60610,2
patient60611,2
patient60612,1
patient60613,2
patient60614,2
patient60615,2
patient60616,2
patient60617,1
patient60618,2
patient60619,1
patient60620,2
patient60621,2
patient60622,2
patient60623,2
patient60624,2
patient60625,2
patient60626,2
patient60627,2
patient60628,2
patient60629,2
patient60630,3
patient60631,2
patient60632,3
patient60633,1
patient60634,2
patient60635,3
patient60636,3
patient60637,2
patient60638,4
patient60639,3
patient60640,2
patient60641,2
patient60642,2
patient60643,1
patient60644,2
patient60645,3
patient60646,1
patient60647,3
patient60648,2
patient60649,2
patient60650,2
patient60651,2
patient60652,2
patient60653,2
patient60654,2
patient60655,2
patient60656,5
patient60657,3
patient60658,3
patient60659,2
patient60660,2
patient60661,2
patient60662,2
patient60663,2
patient60664,2
patient60665,2
patient60666,2
patient60667,2
patient60668,2
patient60669,2
patient60670,2
patient60671,2
patient60672,2
patient60673,2
patient60674,3
patient60675,2
patient60676,2
patient60677,2
patient60678,2
patient60679,3
patient60680,1
patient60681,2
patient60682,2
patient60683,2
patient60684,2
patient60685,3
patient60686,2
patient60687,2
patient60688,2
patient60689,2
patient60690,2
patient60691,1
patient60692,2
patient60693,2
patient60694,1
patient60695,3
patient60696,2
patient60697,1
patient60698,2
patient60699,2
patient60700,1
patient60701,3
patient60702,2
patient60703,2
patient60704,3
patient60705,1
patient60706,2
patient60707,2
patient60708,2
patient60709,1
patient60710,1
patient60711,2
patient60712,2
patient60713,1
patient60714,1
patient60715,1
patient60716,1
patient60717,1
patient60718,1
patient60719,1
patient60720,1
patient60721,1
patient60722,2
patient60723,1
patient60724,1
patient60725,1
patient60726,1
patient60727,1
patient60728,1
patient60729,1
patient60730,1
patient60731,1
patient60732,1
patient60733,1
patient60734,1
patient60735,1
patient60736,1
patient60737,1
patient60738,1
patient60739,1
patient60740,1
patient60741,1
patient60742,2
patient60743,1
patient60744,1
patient60745,1
patient60746,1
patient60747,2
patient60748,1
patient60749,1
patient60750,1
patient60751,1
patient60752,1
patient60753,2
patient60754,1
patient60755,1
patient60756,2
patient60757,2
patient60758,1
patient60759,1
patient60760,1
patient60761,1
patient60762,1
patient60763,1
patient60764,1
patient60765,1
patient60766,1
patient60767,1
patient60768,1
patient60769,1
patient60770,1
patient60771,1
patient60772,1
patient60773,1
patient60774,1
patient60775,2
patient60776,1
patient60777,1
patient60778,1
patient60779,1
patient60780,1
patient60781,1
patient60782,1
patient60783,1
patient60784,1
patient60785,1
patient60786,1
patient60787,1
patient60788,1
patient60789,1
patient60790,1
patient60791,1
patient60792,2
patient60793,1
patient60794,1
patient60795,1
patient60796,1
patient60797,2
patient60798,1
patient60799,1
patient60800,1
patient60801,1
patient60802,1
patient60803,1
patient60804,1
patient60805,1
patient60806,1
patient60807,1
patient60808,1
patient60809,1
patient60810,1
patient60811,3
patient60812,1
patient60813,1
patient60814,1
patient60815,1
patient60816,1
patient60817,1
patient60818,1
patient60819,1
patient60820,1
patient60821,1
patient60822,1
patient60823,1
patient60824,2
patient60825,1
patient60826,1
patient60827,2
patient60828,1
patient60829,1
patient60830,1
patient60831,1
patient60832,1
patient60833,1
patient60834,1
patient60835,1
patient60836,1
patient60837,1
patient60838,2
patient60839,1
patient60840,1
patient60841,1
patient60842,1
patient60843,1
patient60844,2
patient60845,1
patient60846,1
patient60847,1
patient60848,1
patient60849,1
patient60850,1
patient60851,1
patient60852,1
patient60853,1
patient60854,1
patient60855,1
patient60856,1
patient60857,1
patient60858,1
patient60859,1
patient60860,1
patient60861,4
patient60862,1
patient60863,1
patient60864,1
patient60865,1
patient60866,1
patient60867,1
patient60868,1
patient60869,1
patient60870,2
patient60871,1
patient60872,1
patient60873,1
patient60874,1
patient60875,1
patient60876,1
patient60877,1
patient60878,1
patient60879,1
patient60880,1
patient60881,1
patient60882,1
patient60883,1
patient60884,1
patient60885,1
patient60886,1
patient60887,2
patient60888,1
patient60889,1
patient60890,1
patient60891,1
patient60892,1
patient60893,1
patient60894,1
patient60895,1
patient60896,1
patient60897,1
patient60898,1
patient60899,1
patient60900,1
patient60901,1
patient60902,2
patient60903,1
patient60904,2
patient60905,1
patient60906,1
patient60907,1
patient60908,1
patient60909,1
patient60910,1
patient60911,1
patient60912,1
patient60913,1
patient60914,1
patient60915,1
patient60916,1
patient60917,1
patient60918,1
patient60919,1
patient60920,1
patient60921,1
patient60922,1
patient60923,1
patient60924,2
patient60925,1
patient60926,1
patient60927,2
patient60928,1
patient60929,1
patient60930,1
patient60931,1
patient60932,1
patient60933,2
patient60934,1
patient60935,1
patient60936,1
patient60937,1
patient60938,1
patient60939,1
patient60940,1
patient60941,1
patient60942,1
patient60943,1
patient60944,1
patient60945,1
patient60946,1
patient60947,1
patient60948,1
patient60949,1
patient60950,1
patient60951,1
patient60952,1
patient60953,1
patient60954,1
patient60955,1
patient60956,1
patient60957,1
patient60958,1
patient60959,1
patient60960,1
patient60961,1
patient60962,2
patient60963,1
patient60964,1
patient60965,1
patient60966,1
patient60967,1
patient60968,1
patient60969,1
patient60970,1
patient60971,1
patient60972,2
patient60973,1
patient60974,1
patient60975,2
patient60976,1
patient60977,1
patient60978,1
patient60979,1
patient60980,1
patient60981,1
patient60982,1
patient60983,1
patient60984,1
patient60985,1
patient60986,1
patient60987,1
patient60988,1
patient60989,1
patient60990,1
patient60991,1
patient60992,1
patient60993,1
patient60994,1
patient60995,1
patient60996,1
patient60997,1
patient60998,1
patient60999,1
patient61000,1
patient61001,1
patient61002,1
patient61003,1
patient61004,1
patient61005,1
patient61006,1
patient61007,1
patient61008,1
patient61009,1
patient61010,1
patient61011,1
patient61012,1
patient61013,1
patient61014,1
patient61015,1
patient61016,2
patient61017,1
patient61018,1
patient61019,1
patient61020,1
patient61021,2
patient61022,1
patient61023,1
patient61024,2
patient61025,1
patient61026,1
patient61027,1
patient61028,1
patient61029,1
patient61030,1
patient61031,1
patient61032,1
patient61033,1
patient61034,1
patient61035,1
patient61036,1
patient61037,1
patient61038,1
patient61039,1
patient61040,1
patient61041,1
patient61042,1
patient61043,1
patient61044,1
patient61045,1
patient61046,1
patient61047,1
patient61048,1
patient61049,1
patient61050,1
patient61051,1
patient61052,1
patient61053,1
patient61054,1
patient61055,1
patient61056,1
patient61057,1
patient61058,1
patient61059,1
patient61061,1
patient61062,1
patient61063,1
patient61064,1
patient61065,1
patient61066,1
patient61067,1
patient61068,1
patient61069,1
patient61070,2
patient61071,1
patient61072,1
patient61073,1
patient61074,1
patient61075,1
patient61076,1
patient61077,1
patient61078,1
patient61079,1
patient61080,1
patient61081,1
patient61082,1
patient61083,1
patient61084,1
patient61085,1
patient61086,1
patient61087,2
patient61088,3
patient61089,1
patient61090,1
patient61091,1
patient61092,1
patient61093,1
patient61094,1
patient61095,1
patient61096,1
patient61097,1
patient61098,1
patient61099,1
patient61100,1
patient61101,1
patient61102,1
patient61103,1
patient61104,1
patient61105,1
patient61106,1
patient61107,1
patient61108,1
patient61109,1
patient61110,1
patient61111,1
patient61112,1
patient61113,1
patient61114,1
patient61115,1
patient61116,2
patient61117,1
patient61118,1
patient61119,2
patient61120,1
patient61121,1
patient61122,1
patient61123,2
patient61124,1
patient61125,1
patient61126,1
patient61127,1
patient61128,1
patient61129,1
patient61130,1
patient61131,1
patient61132,1
patient61133,1
patient61134,1
patient61135,1
patient61136,1
patient61137,1
patient61138,1
patient61139,1
patient61140,1
patient61141,1
patient61142,1
patient61143,1
patient61144,1
patient61145,1
patient61146,1
patient61147,1
patient61148,1
patient61149,1
patient61150,2
patient61151,1
patient61152,1
patient61153,1
patient61154,1
patient61155,1
patient61156,1
patient61157,1
patient61158,1
patient61159,1
patient61160,1
patient61161,1
patient61162,1
patient61163,1
patient61164,1
patient61165,1
patient61166,2
patient61167,1
patient61168,1
patient61169,2
patient61170,1
patient61171,1
patient61172,1
patient61173,1
patient61174,1
patient61175,1
patient61176,1
patient61177,1
patient61178,1
patient61179,1
patient61180,1
patient61181,1
patient61182,1
patient61183,1
patient61184,2
patient61185,1
patient61186,1
patient61187,1
patient61188,1
patient61189,2
patient61190,1
patient61191,1
patient61192,1
patient61193,1
patient61194,1
patient61195,1
patient61196,1
patient61197,1
patient61198,1
patient61199,1
patient61200,1
patient61201,1
patient61202,1
patient61203,2
patient61204,1
patient61205,1
patient61206,1
patient61207,2
patient61208,1
patient61209,1
patient61210,1
patient61211,1
patient61212,1
patient61213,1
patient61214,1
patient61215,1
patient61216,1
patient61217,1
patient61218,1
patient61219,1
patient61220,1
patient61221,1
patient61222,1
patient61223,1
patient61224,1
patient61225,1
patient61226,1
patient61227,1
patient61228,1
patient61229,1
patient61230,1
patient61231,1
patient61232,1
patient61233,1
patient61234,1
patient61235,1
patient61236,1
patient61237,1
patient61238,1
patient61239,1
patient61240,1
patient61241,1
patient61242,1
patient61243,1
patient61244,1
patient61245,1
patient61246,1
patient61247,1
patient61248,1
patient61249,1
patient61250,1
patient61251,1
patient61252,2
patient61253,1
patient61254,1
patient61255,1
patient61256,1
patient61257,1
patient61258,1
patient61259,1
patient61260,1
patient61261,1
patient61262,1
patient61263,1
patient61264,1
patient61265,2
patient61266,1
patient61267,1
patient61268,1
patient61269,1
patient61270,1
patient61271,1
patient61272,1
patient61273,1
patient61274,1
patient61275,1
patient61276,1
patient61277,1
patient61278,1
patient61279,2
patient61280,1
patient61281,1
patient61282,1
patient61283,1
patient61284,1
patient61285,1
patient61286,1
patient61287,1
patient61288,1
patient61289,1
patient61290,1
patient61291,1
patient61292,1
patient61293,1
patient61294,3
patient61295,1
patient61296,1
patient61297,1
patient61298,1
patient61299,1
patient61300,1
patient61301,1
patient61302,1
patient61303,1
patient61304,1
patient61305,1
patient61306,1
patient61307,1
patient61308,3
patient61309,1
patient61310,1
patient61311,1
patient61312,1
patient61313,1
patient61314,1
patient61315,1
patient61316,1
patient61317,2
patient61318,1
patient61319,1
patient61320,1
patient61321,1
patient61322,2
patient61323,1
patient61324,1
patient61325,2
patient61326,1
patient61327,1
patient61328,1
patient61329,1
patient61330,1
patient61331,1
patient61332,1
patient61333,1
patient61334,1
patient61335,1
patient61336,1
patient61337,1
patient61338,1
patient61339,1
patient61340,2
patient61341,1
patient61342,3
patient61343,1
patient61344,2
patient61345,1
patient61346,1
patient61347,1
patient61348,1
patient61349,1
patient61350,1
patient61351,1
patient61352,1
patient61353,1
patient61354,1
patient61355,1
patient61356,1
patient61357,1
patient61358,1
patient61359,1
patient61360,1
patient61361,1
patient61362,1
patient61363,1
patient61364,1
patient61365,1
patient61366,2
patient61367,1
patient61368,3
patient61369,1
patient61370,1
patient61371,1
patient61372,4
patient61373,1
patient61374,1
patient61375,1
patient61376,1
patient61377,1
patient61378,1
patient61379,1
patient61380,1
patient61381,1
patient61382,1
patient61383,1
patient61384,1
patient61385,1
patient61386,1
patient61387,1
patient61388,2
patient61389,1
patient61390,1
patient61391,1
patient61392,1
patient61393,1
patient61394,1
patient61395,1
patient61396,2
patient61397,1
patient61398,2
patient61399,1
patient61400,1
patient61401,1
patient61402,1
patient61403,1
patient61404,2
patient61405,1
patient61406,1
patient61407,1
patient61408,1
patient61409,1
patient61410,2
patient61411,1
patient61412,1
patient61413,1
patient61414,1
patient61415,1
patient61416,2
patient61417,2
patient61418,1
patient61419,1
patient61420,1
patient61421,1
patient61422,1
patient61423,1
patient61424,1
patient61425,1
patient61426,2
patient61427,1
patient61428,1
patient61429,1
patient61430,1
patient61431,1
patient61432,1
patient61433,1
patient61434,1
patient61435,1
patient61436,1
patient61437,1
patient61438,1
patient61439,1
patient61440,1
patient61441,1
patient61442,1
patient61443,1
patient61444,1
patient61445,1
patient61446,1
patient61447,1
patient61448,1
patient61449,2
patient61450,1
patient61451,1
patient61452,1
patient61453,1
patient61454,1
patient61455,1
patient61456,1
patient61457,1
patient61458,1
patient61459,1
patient61460,1
patient61461,1
patient61462,1
patient61463,1
patient61464,1
patient61465,1
patient61466,2
patient61467,1
patient61468,2
patient61469,1
patient61470,1
patient61471,1
patient61472,1
patient61473,1
patient61474,1
patient61475,1
patient61476,1
patient61477,1
patient61478,1
patient61479,1
patient61480,1
patient61481,1
patient61482,1
patient61483,1
patient61484,1
patient61485,1
patient61486,1
patient61487,1
patient61488,1
patient61489,1
patient61490,1
patient61491,1
patient61492,1
patient61493,1
patient61494,1
patient61495,1
patient61496,2
patient61497,1
patient61498,1
patient61499,1
patient61500,1
patient61501,1
patient61502,1
patient61503,1
patient61504,1
patient61505,1
patient61506,1
patient61507,1
patient61508,1
patient61509,1
patient61510,1
patient61511,1
patient61512,1
patient61513,1
patient61514,1
patient61515,1
patient61516,1
patient61517,1
patient61518,1
patient61519,2
patient61520,1
patient61521,1
patient61522,1
patient61523,1
patient61524,1
patient61525,1
patient61526,1
patient61527,1
patient61528,1
patient61529,1
patient61530,1
patient61531,1
patient61532,1
patient61533,1
patient61534,1
patient61535,1
patient61536,1
patient61537,1
patient61538,2
patient61539,1
patient61540,1
patient61541,1
patient61542,1
patient61543,1
patient61544,1
patient61545,1
patient61546,1
patient61547,1
patient61548,1
patient61549,1
patient61550,1
patient61551,1
patient61552,1
patient61553,1
patient61554,1
patient61555,1
patient61556,1
patient61557,1
patient61558,1
patient61559,1
patient61560,1
patient61561,1
patient61562,1
patient61563,1
patient61564,1
patient61565,1
patient61566,1
patient61567,1
patient61568,1
patient61569,1
patient61570,1
patient61571,1
patient61572,1
patient61573,1
patient61574,1
patient61575,1
patient61576,1
patient61577,1
patient61578,1
patient61579,1
patient61580,1
patient61581,1
patient61582,1
patient61583,1
patient61584,1
patient61585,1
patient61586,1
patient61587,1
patient61588,2
patient61589,1
patient61590,1
patient61591,1
patient61592,1
patient61593,1
patient61594,1
patient61595,1
patient61596,1
patient61597,1
patient61598,1
patient61599,1
patient61600,1
patient61601,1
patient61602,1
patient61603,1
patient61604,1
patient61605,1
patient61606,3
patient61607,1
patient61608,1
patient61609,1
patient61610,1
patient61611,1
patient61612,1
patient61613,1
patient61614,1
patient61615,1
patient61616,1
patient61617,1
patient61618,1
patient61619,2
patient61620,2
patient61621,1
patient61622,1
patient61623,1
patient61624,1
patient61625,1
patient61626,1
patient61627,1
patient61628,1
patient61629,2
patient61630,2
patient61631,1
patient61632,1
patient61633,1
patient61634,1
patient61635,1
patient61636,1
patient61637,1
patient61638,1
patient61639,1
patient61640,1
patient61641,2
patient61642,1
patient61643,1
patient61644,1
patient61645,1
patient61646,1
patient61647,2
patient61648,1
patient61649,1
patient61650,1
patient61651,1
patient61652,1
patient61653,1
patient61654,1
patient61655,1
patient61656,1
patient61657,1
patient61658,1
patient61659,1
patient61660,1
patient61661,2
patient61662,1
patient61663,1
patient61664,1
patient61665,1
patient61666,1
patient61667,1
patient61668,1
patient61669,1
patient61670,1
patient61671,1
patient61672,1
patient61673,3
patient61674,1
patient61675,1
patient61676,1
patient61677,1
patient61678,1
patient61679,2
patient61680,2
patient61681,1
patient61682,1
patient61683,1
patient61684,2
patient61685,1
patient61686,2
patient61687,1
patient61688,1
patient61689,1
patient61690,1
patient61691,1
patient61692,1
patient61693,1
patient61694,1
patient61695,1
patient61696,1
patient61697,1
patient61698,1
patient61699,1
patient61700,1
patient61701,1
patient61702,1
patient61703,1
patient61704,1
patient61705,1
patient61706,1
patient61707,1
patient61708,1
patient61709,2
patient61710,1
patient61711,1
patient61712,1
patient61713,1
patient61714,1
patient61715,1
patient61716,1
patient61717,1
patient61718,1
patient61719,1
patient61720,1
patient61721,1
patient61722,2
patient61723,1
patient61724,1
patient61725,1
patient61726,1
patient61727,1
patient61728,1
patient61729,1
patient61730,1
patient61731,1
patient61732,2
patient61733,1
patient61734,1
patient61735,1
patient61736,1
patient61737,2
patient61738,1
patient61739,1
patient61740,1
patient61741,1
patient61742,1
patient61743,1
patient61744,1
patient61745,1
patient61746,1
patient61747,2
patient61748,1
patient61749,1
patient61750,1
patient61751,1
patient61752,1
patient61753,1
patient61754,2
patient61755,1
patient61756,1
patient61757,2
patient61758,1
patient61759,1
patient61760,1
patient61761,1
patient61762,1
patient61763,1
patient61764,2
patient61765,2
patient61766,1
patient61767,1
patient61768,1
patient61769,1
patient61770,1
patient61771,1
patient61772,1
patient61773,1
patient61774,1
patient61775,1
patient61776,1
patient61777,1
patient61778,1
patient61779,1
patient61780,1
patient61781,1
patient61782,1
patient61783,1
patient61784,1
patient61785,1
patient61786,1
patient61787,1
patient61788,1
patient61789,1
patient61790,1
patient61791,1
patient61792,2
patient61793,1
patient61794,1
patient61795,2
patient61796,1
patient61797,1
patient61798,1
patient61799,1
patient61800,1
patient61801,1
patient61802,1
patient61803,1
patient61804,1
patient61805,1
patient61806,1
patient61807,1
patient61808,1
patient61809,1
patient61810,1
patient61811,1
patient61812,1
patient61813,1
patient61814,1
patient61815,1
patient61816,1
patient61817,1
patient61818,1
patient61819,1
patient61820,1
patient61821,1
patient61822,1
patient61823,1
patient61824,1
patient61825,1
patient61826,1
patient61827,1
patient61828,1
patient61829,1
patient61830,1
patient61831,1
patient61832,1
patient61833,2
patient61834,1
patient61835,1
patient61836,1
patient61837,1
patient61838,1
patient61839,1
patient61840,1
patient61841,2
patient61842,1
patient61843,1
patient61844,1
patient61845,2
patient61846,2
patient61847,1
patient61848,1
patient61849,1
patient61850,1
patient61851,2
patient61852,1
patient61853,2
patient61854,1
patient61855,1
patient61856,1
patient61857,1
patient61858,1
patient61859,1
patient61860,1
patient61861,1
patient61862,1
patient61863,1
patient61864,1
patient61865,1
patient61866,1
patient61867,1
patient61868,1
patient61869,1
patient61870,1
patient61871,1
patient61872,1
patient61873,1
patient61874,1
patient61875,1
patient61876,1
patient61877,1
patient61878,1
patient61879,1
patient61880,2
patient61881,1
patient61882,1
patient61883,1
patient61884,1
patient61885,1
patient61886,1
patient61887,1
patient61888,1
patient61889,1
patient61890,1
patient61891,1
patient61892,1
patient61893,1
patient61894,1
patient61895,1
patient61896,1
patient61897,1
patient61898,1
patient61899,1
patient61900,1
patient61901,1
patient61902,1
patient61903,1
patient61904,1
patient61905,1
patient61906,1
patient61907,1
patient61908,1
patient61909,1
patient61910,1
patient61911,1
patient61912,1
patient61913,1
patient61914,1
patient61915,1
patient61916,1
patient61917,1
patient61918,1
patient61919,1
patient61920,1
patient61921,1
patient61922,1
patient61923,1
patient61924,1
patient61925,1
patient61926,1
patient61927,1
patient61928,1
patient61929,1
patient61930,1
patient61931,1
patient61932,1
patient61933,1
patient61934,1
patient61935,1
patient61936,1
patient61937,1
patient61938,2
patient61939,1
patient61940,1
patient61941,1
patient61942,1
patient61943,1
patient61944,1
patient61945,1
patient61946,1
patient61947,1
patient61948,1
patient61949,1
patient61950,2
patient61951,1
patient61952,1
patient61953,1
patient61954,1
patient61955,1
patient61956,1
patient61957,1
patient61958,1
patient61959,1
patient61960,1
patient61961,1
patient61962,1
patient61963,1
patient61964,1
patient61965,1
patient61966,2
patient61967,1
patient61968,1
patient61969,1
patient61970,1
patient61971,1
patient61972,1
patient61973,1
patient61974,1
patient61975,1
patient61976,2
patient61977,1
patient61978,1
patient61979,1
patient61980,1
patient61981,1
patient61982,1
patient61983,1
patient61984,1
patient61985,1
patient61986,1
patient61987,1
patient61988,1
patient61989,1
patient61990,1
patient61991,1
patient61992,1
patient61993,1
patient61994,1
patient61995,1
patient61996,2
patient61997,1
patient61998,1
patient61999,1
patient62000,1
patient62001,1
patient62002,1
patient62003,1
patient62004,1
patient62005,1
patient62006,2
patient62007,2
patient62008,1
patient62009,1
patient62010,1
patient62011,1
patient62012,2
patient62013,1
patient62014,1
patient62015,1
patient62016,1
patient62017,1
patient62018,3
patient62019,1
patient62020,1
patient62021,1
patient62022,1
patient62023,2
patient62024,1
patient62025,1
patient62026,1
patient62027,1
patient62028,1
patient62029,1
patient62030,1
patient62031,1
patient62032,1
patient62033,1
patient62034,1
patient62035,1
patient62036,1
patient62037,1
patient62038,1
patient62039,1
patient62040,1
patient62041,1
patient62042,1
patient62043,1
patient62044,1
patient62045,1
patient62046,1
patient62047,1
patient62048,1
patient62049,1
patient62050,3
patient62051,1
patient62052,1
patient62053,1
patient62054,1
patient62055,1
patient62056,1
patient62057,1
patient62058,1
patient62059,1
patient62060,1
patient62061,1
patient62062,1
patient62063,1
patient62064,1
patient62065,1
patient62066,2
patient62067,1
patient62068,2
patient62069,1
patient62070,1
patient62071,1
patient62072,1
patient62073,1
patient62074,1
patient62075,1
patient62076,1
patient62077,1
patient62078,1
patient62079,2
patient62080,1
patient62081,1
patient62082,1
patient62083,1
patient62084,1
patient62085,1
patient62086,2
patient62087,1
patient62088,1
patient62089,1
patient62090,1
patient62091,1
patient62092,1
patient62093,1
patient62094,1
patient62095,1
patient62096,1
patient62097,1
patient62098,1
patient62099,1
patient62100,1
patient62101,1
patient62102,3
patient62103,1
patient62104,1
patient62105,1
patient62106,1
patient62107,1
patient62108,1
patient62109,1
patient62110,1
patient62111,1
patient62112,1
patient62113,1
patient62114,1
patient62115,1
patient62116,1
patient62117,1
patient62118,1
patient62119,1
patient62120,1
patient62121,1
patient62122,1
patient62123,3
patient62124,1
patient62125,1
patient62126,1
patient62127,1
patient62128,1
patient62129,2
patient62130,1
patient62131,1
patient62132,1
patient62133,1
patient62134,3
patient62135,1
patient62136,1
patient62137,1
patient62138,1
patient62139,1
patient62140,1
patient62141,1
patient62142,1
patient62143,1
patient62144,1
patient62145,1
patient62146,1
patient62147,1
patient62148,1
patient62149,1
patient62150,1
patient62151,1
patient62152,1
patient62153,1
patient62154,1
patient62155,1
patient62156,1
patient62157,1
patient62158,2
patient62159,1
patient62160,1
patient62161,1
patient62162,2
patient62163,1
patient62164,1
patient62165,1
patient62166,1
patient62167,1
patient62168,1
patient62169,1
patient62170,2
patient62171,1
patient62172,1
patient62173,1
patient62174,1
patient62175,1
patient62176,1
patient62177,1
patient62178,1
patient62179,1
patient62180,2
patient62181,1
patient62182,2
patient62183,2
patient62184,2
patient62185,1
patient62186,1
patient62187,1
patient62188,1
patient62189,1
patient62190,1
patient62191,2
patient62192,1
patient62193,1
patient62194,1
patient62195,1
patient62196,1
patient62197,2
patient62198,1
patient62199,1
patient62200,1
patient62201,1
patient62202,1
patient62203,1
patient62204,1
patient62205,1
patient62206,1
patient62207,1
patient62208,1
patient62209,1
patient62210,1
patient62211,1
patient62212,1
patient62213,1
patient62214,1
patient62215,1
patient62216,1
patient62217,1
patient62218,1
patient62219,1
patient62220,2
patient62221,1
patient62222,1
patient62223,1
patient62224,1
patient62225,1
patient62226,1
patient62227,1
patient62228,1
patient62229,1
patient62230,1
patient62231,1
patient62232,1
patient62233,1
patient62234,1
patient62235,2
patient62236,1
patient62237,1
patient62238,1
patient62239,2
patient62240,1
patient62241,1
patient62242,1
patient62243,1
patient62244,1
patient62245,1
patient62246,1
patient62247,1
patient62248,1
patient62249,1
patient62250,1
patient62251,1
patient62252,1
patient62253,2
patient62254,1
patient62255,1
patient62256,1
patient62257,1
patient62258,1
patient62259,1
patient62260,1
patient62261,2
patient62262,1
patient62263,1
patient62264,2
patient62265,1
patient62266,1
patient62267,2
patient62268,1
patient62269,1
patient62270,1
patient62271,1
patient62272,1
patient62273,1
patient62274,1
patient62275,2
patient62276,1
patient62277,1
patient62278,2
patient62279,1
patient62280,1
patient62281,1
patient62282,1
patient62283,1
patient62284,1
patient62285,1
patient62286,1
patient62287,1
patient62288,1
patient62289,1
patient62290,1
patient62291,1
patient62292,1
patient62293,1
patient62294,1
patient62295,1
patient62296,1
patient62297,2
patient62298,1
patient62299,3
patient62300,1
patient62301,1
patient62302,1
patient62303,1
patient62304,1
patient62305,1
patient62306,1
patient62307,1
patient62308,1
patient62309,1
patient62310,1
patient62311,1
patient62312,1
patient62313,1
patient62314,1
patient62315,1
patient62316,1
patient62317,1
patient62318,1
patient62319,1
patient62320,1
patient62321,1
patient62322,1
patient62323,1
patient62324,1
patient62325,1
patient62326,1
patient62327,1
patient62328,1
patient62329,1
patient62330,1
patient62331,1
patient62332,1
patient62333,1
patient62334,1
patient62335,2
patient62336,1
patient62337,1
patient62338,1
patient62339,1
patient62340,1
patient62341,1
patient62342,1
patient62343,1
patient62345,2
patient62346,1
patient62347,1
patient62348,1
patient62349,1
patient62350,1
patient62351,1
patient62352,1
patient62353,1
patient62354,1
patient62355,1
patient62356,1
patient62357,1
patient62358,1
patient62359,1
patient62360,2
patient62361,1
patient62362,1
patient62363,1
patient62364,1
patient62365,1
patient62366,1
patient62367,1
patient62368,1
patient62369,1
patient62370,1
patient62371,1
patient62372,1
patient62373,2
patient62374,1
patient62375,1
patient62376,1
patient62377,1
patient62378,1
patient62379,1
patient62380,1
patient62381,1
patient62382,1
patient62383,1
patient62384,1
patient62385,1
patient62386,1
patient62387,1
patient62388,2
patient62389,1
patient62390,1
patient62391,1
patient62392,1
patient62393,1
patient62394,1
patient62395,1
patient62396,1
patient62397,1
patient62398,1
patient62399,1
patient62400,1
patient62401,1
patient62402,1
patient62403,1
patient62404,1
patient62405,1
patient62406,1
patient62407,1
patient62408,1
patient62409,1
patient62410,1
patient62411,1
patient62412,1
patient62413,2
patient62414,1
patient62415,2
patient62416,1
patient62417,1
patient62418,1
patient62419,1
patient62420,1
patient62421,2
patient62422,1
patient62423,1
patient62424,1
patient62425,1
patient62426,1
patient62427,1
patient62428,1
patient62429,1
patient62430,1
patient62431,1
patient62432,1
patient62433,2
patient62434,1
patient62435,1
patient62436,1
patient62437,1
patient62438,1
patient62439,1
patient62440,1
patient62441,1
patient62442,1
patient62443,2
patient62444,1
patient62445,1
patient62446,1
patient62447,1
patient62448,3
patient62449,1
patient62450,1
patient62451,1
patient62452,1
patient62453,1
patient62454,1
patient62455,1
patient62456,1
patient62457,2
patient62458,1
patient62459,1
patient62460,1
patient62461,1
patient62462,1
patient62463,1
patient62464,1
patient62465,1
patient62466,1
patient62467,1
patient62468,1
patient62469,2
patient62470,1
patient62471,1
patient62472,1
patient62473,1
patient62474,1
patient62475,1
patient62476,1
patient62477,1
patient62478,2
patient62479,1
patient62480,1
patient62481,1
patient62482,1
patient62483,1
patient62484,1
patient62485,1
patient62486,1
patient62487,1
patient62488,1
patient62489,1
patient62490,1
patient62491,1
patient62492,1
patient62493,1
patient62494,1
patient62495,1
patient62496,1
patient62497,2
patient62498,1
patient62499,1
patient62500,1
patient62501,1
patient62502,1
patient62503,1
patient62504,1
patient62505,1
patient62506,1
patient62507,1
patient62508,1
patient62509,2
patient62510,1
patient62511,1
patient62512,2
patient62513,1
patient62514,2
patient62515,1
patient62516,1
patient62517,1
patient62518,1
patient62519,1
patient62520,1
patient62521,1
patient62522,1
patient62523,1
patient62524,2
patient62525,1
patient62526,1
patient62527,1
patient62528,1
patient62529,1
patient62530,1
patient62531,1
patient62532,1
patient62533,1
patient62534,1
patient62535,1
patient62536,1
patient62537,1
patient62538,1
patient62539,1
patient62540,1
patient62541,2
patient62542,1
patient62543,1
patient62544,1
patient62545,1
patient62546,1
patient62547,1
patient62548,2
patient62549,1
patient62550,1
patient62551,1
patient62552,1
patient62553,1
patient62554,1
patient62555,1
patient62556,1
patient62557,1
patient62558,2
patient62559,1
patient62560,1
patient62561,1
patient62562,2
patient62563,1
patient62564,1
patient62565,1
patient62566,1
patient62567,1
patient62568,1
patient62569,1
patient62570,1
patient62571,1
patient62572,1
patient62573,1
patient62574,1
patient62575,2
patient62576,1
patient62577,1
patient62578,1
patient62579,2
patient62580,1
patient62581,1
patient62582,1
patient62583,1
patient62584,1
patient62585,1
patient62586,1
patient62587,1
patient62588,1
patient62589,1
patient62590,1
patient62591,1
patient62592,1
patient62593,1
patient62594,1
patient62595,2
patient62596,2
patient62597,1
patient62598,1
patient62599,1
patient62600,1
patient62601,2
patient62602,1
patient62603,1
patient62604,1
patient62605,1
patient62606,2
patient62607,1
patient62608,1
patient62609,1
patient62610,1
patient62611,1
patient62612,1
patient62613,1
patient62614,1
patient62615,1
patient62616,1
patient62617,1
patient62618,1
patient62619,1
patient62620,1
patient62621,1
patient62622,1
patient62623,1
patient62624,1
patient62625,1
patient62626,1
patient62627,1
patient62628,1
patient62629,1
patient62630,1
patient62631,1
patient62632,1
patient62633,1
patient62634,1
patient62635,1
patient62636,1
patient62637,1
patient62638,1
patient62639,3
patient62640,1
patient62641,1
patient62642,1
patient62643,1
patient62644,1
patient62645,1
patient62646,1
patient62647,1
patient62648,1
patient62649,1
patient62650,1
patient62651,1
patient62652,1
patient62653,1
patient62654,1
patient62655,1
patient62656,1
patient62657,1
patient62658,1
patient62659,1
patient62660,1
patient62661,1
patient62662,1
patient62663,1
patient62664,1
patient62665,2
patient62666,1
patient62667,1
patient62668,1
patient62669,1
patient62670,1
patient62671,1
patient62672,1
patient62673,1
patient62674,1
patient62675,1
patient62676,1
patient62677,1
patient62678,1
patient62679,1
patient62680,1
patient62681,1
patient62682,1
patient62683,1
patient62684,1
patient62685,1
patient62686,1
patient62687,1
patient62688,1
patient62689,1
patient62690,1
patient62691,1
patient62692,1
patient62693,1
patient62694,1
patient62695,1
patient62696,1
patient62697,1
patient62698,1
patient62699,1
patient62700,1
patient62701,1
patient62702,1
patient62703,1
patient62704,1
patient62705,1
patient62706,1
patient62707,1
patient62708,1
patient62709,1
patient62710,1
patient62711,1
patient62712,1
patient62713,1
patient62714,1
patient62715,1
patient62716,1
patient62717,1
patient62718,1
patient62719,1
patient62720,1
patient62721,1
patient62722,1
patient62723,1
patient62724,1
patient62725,1
patient62726,1
patient62727,1
patient62728,1
patient62729,1
patient62730,1
patient62731,2
patient62732,1
patient62733,1
patient62734,1
patient62735,1
patient62736,1
patient62737,1
patient62738,1
patient62739,1
patient62740,1
patient62741,1
patient62742,1
patient62743,1
patient62744,1
patient62745,1
patient62746,1
patient62747,1
patient62748,1
patient62749,1
patient62750,1
patient62751,3
patient62752,1
patient62753,1
patient62754,1
patient62755,2
patient62756,1
patient62757,2
patient62758,1
patient62759,1
patient62760,1
patient62761,1
patient62762,1
patient62763,1
patient62764,1
patient62765,1
patient62766,1
patient62767,1
patient62768,1
patient62769,2
patient62770,1
patient62771,1
patient62772,1
patient62773,1
patient62774,1
patient62775,1
patient62776,1
patient62777,1
patient62778,1
patient62779,1
patient62780,1
patient62781,1
patient62782,1
patient62783,1
patient62784,1
patient62785,1
patient62786,1
patient62787,1
patient62788,1
patient62789,1
patient62790,1
patient62791,1
patient62792,1
patient62793,1
patient62794,1
patient62795,1
patient62796,1
patient62797,1
patient62798,1
patient62799,1
patient62800,1
patient62801,1
patient62802,2
patient62803,1
patient62804,1
patient62805,1
patient62806,1
patient62807,1
patient62808,1
patient62809,1
patient62810,2
patient62811,1
patient62812,1
patient62813,1
patient62814,1
patient62815,1
patient62816,1
patient62817,2
patient62818,1
patient62819,1
patient62820,1
patient62821,1
patient62822,1
patient62823,1
patient62824,1
patient62825,1
patient62826,1
patient62827,1
patient62828,1
patient62829,1
patient62830,1
patient62831,1
patient62832,1
patient62833,1
patient62834,1
patient62835,1
patient62836,1
patient62837,1
patient62838,1
patient62839,1
patient62840,2
patient62841,1
patient62842,1
patient62843,1
patient62844,1
patient62845,1
patient62846,1
patient62847,1
patient62848,1
patient62849,1
patient62850,2
patient62851,1
patient62852,1
patient62853,1
patient62854,1
patient62855,1
patient62856,1
patient62857,1
patient62858,1
patient62859,1
patient62860,1
patient62861,1
patient62862,1
patient62863,1
patient62864,1
patient62865,1
patient62866,1
patient62867,1
patient62868,2
patient62869,1
patient62870,1
patient62871,3
patient62872,1
patient62873,1
patient62874,1
patient62875,1
patient62876,1
patient62877,1
patient62878,1
patient62879,1
patient62880,1
patient62881,1
patient62882,1
patient62883,1
patient62884,1
patient62885,1
patient62886,1
patient62887,1
patient62888,1
patient62889,1
patient62890,1
patient62891,1
patient62892,2
patient62893,1
patient62894,1
patient62895,1
patient62896,1
patient62897,1
patient62898,1
patient62899,1
patient62900,1
patient62901,2
patient62902,1
patient62903,1
patient62904,1
patient62905,1
patient62906,1
patient62907,1
patient62908,1
patient62909,1
patient62910,1
patient62911,1
patient62912,1
patient62913,1
patient62914,1
patient62915,1
patient62916,1
patient62917,1
patient62918,1
patient62919,1
patient62920,2
patient62921,1
patient62922,1
patient62923,1
patient62924,1
patient62925,1
patient62926,1
patient62927,1
patient62928,3
patient62929,1
patient62930,1
patient62931,1
patient62932,1
patient62933,1
patient62934,1
patient62935,1
patient62936,1
patient62937,1
patient62938,2
patient62939,1
patient62940,1
patient62941,1
patient62942,1
patient62943,1
patient62944,1
patient62945,1
patient62946,1
patient62947,1
patient62948,1
patient62949,1
patient62950,1
patient62951,1
patient62952,1
patient62953,1
patient62954,1
patient62955,1
patient62956,2
patient62957,2
patient62958,1
patient62959,1
patient62960,1
patient62961,1
patient62962,1
patient62963,1
patient62964,1
patient62965,1
patient62966,1
patient62967,1
patient62968,1
patient62969,1
patient62970,2
patient62971,2
patient62972,1
patient62973,1
patient62974,1
patient62975,1
patient62976,1
patient62977,2
patient62978,1
patient62979,1
patient62980,1
patient62981,1
patient62982,1
patient62983,1
patient62984,2
patient62985,2
patient62986,1
patient62987,1
patient62988,1
patient62989,1
patient62990,1
patient62991,1
patient62992,1
patient62993,2
patient62994,1
patient62995,1
patient62996,1
patient62997,1
patient62998,1
patient62999,1
patient63000,1
patient63001,2
patient63002,1
patient63003,1
patient63004,1
patient63005,1
patient63006,1
patient63007,1
patient63008,1
patient63009,1
patient63010,1
patient63011,1
patient63012,1
patient63013,1
patient63014,1
patient63015,1
patient63016,1
patient63017,1
patient63018,1
patient63019,1
patient63020,1
patient63021,1
patient63022,1
patient63023,1
patient63024,1
patient63025,1
patient63026,2
patient63027,1
patient63028,1
patient63029,1
patient63030,1
patient63031,1
patient63032,1
patient63033,1
patient63034,1
patient63035,2
patient63036,1
patient63037,1
patient63038,1
patient63039,2
patient63040,1
patient63041,1
patient63042,1
patient63043,1
patient63044,1
patient63045,1
patient63046,1
patient63047,1
patient63048,2
patient63049,1
patient63050,2
patient63051,1
patient63052,1
patient63053,1
patient63054,1
patient63055,1
patient63056,4
patient63057,1
patient63058,1
patient63059,1
patient63060,1
patient63061,2
patient63062,1
patient63063,1
patient63064,1
patient63065,1
patient63066,1
patient63067,1
patient63068,1
patient63069,1
patient63070,2
patient63071,1
patient63072,1
patient63073,1
patient63074,1
patient63075,1
patient63076,1
patient63077,1
patient63078,1
patient63079,1
patient63080,1
patient63081,1
patient63082,1
patient63083,1
patient63084,3
patient63085,1
patient63086,1
patient63087,1
patient63088,1
patient63089,1
patient63090,1
patient63091,1
patient63092,1
patient63093,1
patient63094,1
patient63095,1
patient63096,1
patient63097,1
patient63098,4
patient63099,1
patient63100,2
patient63101,1
patient63102,1
patient63103,1
patient63104,1
patient63105,1
patient63106,1
patient63107,1
patient63108,1
patient63109,1
patient63110,1
patient63111,1
patient63112,1
patient63113,1
patient63114,1
patient63115,2
patient63116,1
patient63117,1
patient63118,2
patient63119,1
patient63120,1
patient63121,1
patient63122,1
patient63123,1
patient63124,1
patient63125,1
patient63126,1
patient63127,1
patient63128,1
patient63129,1
patient63130,1
patient63131,1
patient63132,1
patient63133,1
patient63134,1
patient63135,1
patient63136,1
patient63137,1
patient63138,1
patient63139,1
patient63140,1
patient63141,1
patient63142,1
patient63143,1
patient63144,1
patient63145,1
patient63146,1
patient63147,1
patient63148,1
patient63149,1
patient63150,1
patient63151,1
patient63152,1
patient63153,1
patient63154,1
patient63155,1
patient63156,1
patient63157,1
patient63158,1
patient63159,1
patient63160,1
patient63161,1
patient63162,1
patient63163,1
patient63164,2
patient63165,1
patient63166,2
patient63167,1
patient63168,1
patient63169,1
patient63170,1
patient63171,1
patient63172,1
patient63173,1
patient63174,1
patient63175,1
patient63176,1
patient63177,1
patient63178,1
patient63179,1
patient63180,1
patient63181,3
patient63182,1
patient63183,1
patient63184,1
patient63185,1
patient63186,1
patient63187,1
patient63188,1
patient63189,1
patient63190,1
patient63191,1
patient63192,1
patient63193,2
patient63194,1
patient63195,2
patient63196,1
patient63197,1
patient63198,1
patient63199,1
patient63200,1
patient63201,1
patient63202,2
patient63203,1
patient63204,1
patient63205,1
patient63206,1
patient63207,1
patient63208,1
patient63209,2
patient63210,1
patient63211,1
patient63212,1
patient63213,1
patient63214,1
patient63215,1
patient63216,1
patient63217,1
patient63218,1
patient63219,1
patient63220,1
patient63221,1
patient63222,1
patient63223,1
patient63224,1
patient63225,1
patient63226,1
patient63227,1
patient63228,1
patient63229,1
patient63230,1
patient63231,1
patient63232,1
patient63233,2
patient63234,2
patient63235,1
patient63236,1
patient63237,1
patient63238,1
patient63239,1
patient63240,1
patient63241,1
patient63242,1
patient63243,1
patient63244,1
patient63245,1
patient63246,1
patient63247,1
patient63248,1
patient63249,1
patient63250,1
patient63251,1
patient63252,1
patient63253,1
patient63254,1
patient63255,1
patient63256,1
patient63257,1
patient63258,2
patient63259,1
patient63260,1
patient63261,1
patient63262,1
patient63263,1
patient63264,1
patient63265,2
patient63266,1
patient63267,1
patient63268,3
patient63269,1
patient63270,1
patient63271,1
patient63272,1
patient63273,1
patient63274,1
patient63275,1
patient63276,1
patient63277,1
patient63278,1
patient63279,1
patient63280,1
patient63281,1
patient63282,1
patient63283,1
patient63284,1
patient63285,1
patient63286,2
patient63287,1
patient63288,1
patient63289,2
patient63290,2
patient63291,1
patient63292,1
patient63293,1
patient63294,1
patient63295,1
patient63296,1
patient63297,2
patient63298,1
patient63299,2
patient63300,1
patient63301,2
patient63302,1
patient63303,1
patient63304,1
patient63305,1
patient63306,1
patient63307,1
patient63308,1
patient63309,1
patient63310,1
patient63311,1
patient63312,1
patient63313,1
patient63314,1
patient63315,1
patient63316,1
patient63317,1
patient63318,1
patient63319,1
patient63320,1
patient63321,1
patient63322,1
patient63323,1
patient63324,1
patient63325,1
patient63326,2
patient63327,1
patient63328,1
patient63329,1
patient63330,1
patient63331,2
patient63332,1
patient63333,2
patient63334,1
patient63335,3
patient63336,1
patient63337,1
patient63338,1
patient63339,1
patient63340,1
patient63341,2
patient63342,1
patient63343,1
patient63344,1
patient63345,2
patient63346,1
patient63347,1
patient63348,1
patient63349,1
patient63350,1
patient63351,1
patient63352,2
patient63353,1
patient63354,1
patient63355,1
patient63356,1
patient63357,1
patient63358,1
patient63359,1
patient63360,1
patient63361,1
patient63362,1
patient63363,1
patient63364,1
patient63365,1
patient63366,1
patient63367,1
patient63368,1
patient63369,1
patient63370,1
patient63371,2
patient63372,1
patient63373,1
patient63374,1
patient63375,1
patient63376,1
patient63377,1
patient63378,1
patient63379,1
patient63380,1
patient63381,1
patient63382,1
patient63383,1
patient63384,2
patient63385,1
patient63386,1
patient63387,1
patient63388,1
patient63389,1
patient63390,1
patient63391,1
patient63392,1
patient63393,1
patient63394,1
patient63395,1
patient63396,1
patient63397,2
patient63398,1
patient63399,1
patient63400,1
patient63401,1
patient63402,1
patient63403,1
patient63404,1
patient63405,1
patient63406,1
patient63407,1
patient63408,1
patient63409,3
patient63410,1
patient63411,1
patient63412,1
patient63413,2
patient63414,1
patient63415,1
patient63416,1
patient63417,1
patient63418,1
patient63419,1
patient63420,1
patient63421,1
patient63422,1
patient63423,1
patient63424,1
patient63425,1
patient63426,2
patient63427,1
patient63428,1
patient63429,2
patient63430,2
patient63431,1
patient63432,1
patient63433,1
patient63434,1
patient63435,1
patient63436,1
patient63437,1
patient63438,1
patient63439,1
patient63440,1
patient63441,1
patient63442,1
patient63443,1
patient63444,1
patient63445,1
patient63446,1
patient63447,1
patient63448,1
patient63449,1
patient63450,2
patient63451,1
patient63452,1
patient63453,1
patient63454,1
patient63455,1
patient63456,1
patient63457,1
patient63458,1
patient63459,1
patient63460,1
patient63461,1
patient63462,1
patient63463,1
patient63464,1
patient63465,1
patient63466,1
patient63467,1
patient63468,1
patient63469,1
patient63470,1
patient63471,1
patient63472,2
patient63473,1
patient63474,1
patient63475,1
patient63476,1
patient63477,1
patient63478,1
patient63479,1
patient63480,1
patient63481,1
patient63482,1
patient63483,1
patient63484,1
patient63485,1
patient63486,1
patient63487,1
patient63488,1
patient63489,1
patient63490,1
patient63491,1
patient63492,1
patient63493,1
patient63494,1
patient63495,1
patient63496,1
patient63497,1
patient63498,1
patient63499,1
patient63500,1
patient63501,1
patient63502,1
patient63503,2
patient63504,1
patient63505,1
patient63506,1
patient63507,1
patient63508,1
patient63509,1
patient63510,1
patient63511,1
patient63512,1
patient63513,1
patient63514,1
patient63515,1
patient63516,1
patient63517,1
patient63518,1
patient63519,1
patient63520,1
patient63521,1
patient63522,1
patient63523,1
patient63524,1
patient63525,1
patient63526,1
patient63527,1
patient63528,1
patient63529,1
patient63530,1
patient63531,2
patient63532,1
patient63533,1
patient63534,1
patient63535,1
patient63536,1
patient63537,1
patient63538,1
patient63539,1
patient63540,1
patient63541,1
patient63542,1
patient63543,1
patient63544,1
patient63545,1
patient63546,1
patient63547,1
patient63548,1
patient63549,1
patient63550,1
patient63551,1
patient63552,1
patient63553,1
patient63554,1
patient63555,1
patient63556,1
patient63557,1
patient63558,1
patient63559,1
patient63560,1
patient63561,1
patient63562,1
patient63563,1
patient63564,1
patient63565,1
patient63566,1
patient63567,1
patient63568,1
patient63569,1
patient63570,1
patient63571,1
patient63572,1
patient63573,1
patient63574,1
patient63575,4
patient63576,1
patient63577,1
patient63578,1
patient63579,1
patient63580,1
patient63581,1
patient63582,1
patient63583,1
patient63584,1
patient63585,1
patient63586,1
patient63587,1
patient63588,1
patient63589,1
patient63590,1
patient63591,2
patient63592,1
patient63593,1
patient63594,1
patient63595,1
patient63596,1
patient63597,1
patient63598,1
patient63599,1
patient63600,1
patient63601,1
patient63602,1
patient63603,1
patient63604,1
patient63605,1
patient63606,1
patient63607,1
patient63608,1
patient63609,1
patient63610,1
patient63611,1
patient63612,1
patient63613,1
patient63614,1
patient63615,1
patient63616,2
patient63617,2
patient63618,1
patient63619,1
patient63620,1
patient63621,1
patient63622,1
patient63623,1
patient63624,1
patient63625,1
patient63626,1
patient63627,1
patient63628,1
patient63629,1
patient63630,1
patient63631,1
patient63632,1
patient63633,1
patient63634,1
patient63635,2
patient63636,1
patient63637,1
patient63638,1
patient63639,1
patient63640,1
patient63641,1
patient63642,1
patient63643,1
patient63644,2
patient63645,1
patient63646,1
patient63647,1
patient63648,1
patient63649,1
patient63650,1
patient63651,1
patient63652,1
patient63653,1
patient63654,1
patient63655,2
patient63656,1
patient63657,1
patient63658,2
patient63659,1
patient63660,1
patient63661,1
patient63662,1
patient63663,1
patient63664,1
patient63665,1
patient63666,1
patient63667,1
patient63668,1
patient63669,1
patient63670,1
patient63671,1
patient63672,1
patient63673,1
patient63674,1
patient63675,1
patient63676,2
patient63677,1
patient63678,1
patient63679,1
patient63680,1
patient63681,1
patient63682,1
patient63683,1
patient63684,2
patient63685,1
patient63686,1
patient63687,1
patient63688,1
patient63689,1
patient63690,1
patient63691,1
patient63692,1
patient63693,1
patient63694,1
patient63695,1
patient63696,1
patient63697,1
patient63698,1
patient63699,1
patient63700,1
patient63701,1
patient63702,1
patient63703,1
patient63704,2
patient63705,1
patient63706,1
patient63707,1
patient63708,1
patient63709,1
patient63710,1
patient63711,1
patient63712,1
patient63713,1
patient63714,1
patient63715,1
patient63716,1
patient63717,1
patient63718,2
patient63719,1
patient63720,1
patient63721,1
patient63722,1
patient63723,1
patient63724,1
patient63725,1
patient63726,1
patient63727,1
patient63728,1
patient63729,2
patient63730,1
patient63731,1
patient63732,1
patient63733,1
patient63734,2
patient63735,2
patient63736,1
patient63737,1
patient63738,1
patient63739,1
patient63740,1
patient63741,1
patient63742,1
patient63743,1
patient63744,1
patient63745,1
patient63746,1
patient63747,1
patient63748,1
patient63749,2
patient63750,1
patient63751,1
patient63752,1
patient63753,2
patient63754,1
patient63755,1
patient63756,1
patient63757,1
patient63758,1
patient63759,2
patient63760,1
patient63761,1
patient63762,1
patient63763,1
patient63764,2
patient63765,1
patient63766,1
patient63767,2
patient63768,2
patient63769,1
patient63770,1
patient63771,1
patient63772,1
patient63773,1
patient63774,1
patient63775,1
patient63776,1
patient63777,1
patient63778,1
patient63779,1
patient63780,1
patient63781,1
patient63782,1
patient63783,1
patient63784,1
patient63785,1
patient63786,2
patient63787,1
patient63788,1
patient63789,1
patient63790,1
patient63791,1
patient63792,1
patient63793,1
patient63794,1
patient63795,1
patient63796,1
patient63797,1
patient63798,1
patient63799,1
patient63800,1
patient63801,1
patient63802,1
patient63803,2
patient63804,1
patient63805,1
patient63806,2
patient63807,1
patient63808,1
patient63809,1
patient63810,1
patient63811,1
patient63812,1
patient63813,1
patient63814,1
patient63815,1
patient63816,1
patient63817,1
patient63818,1
patient63819,1
patient63820,1
patient63821,1
patient63822,1
patient63823,1
patient63824,1
patient63825,1
patient63826,2
patient63827,1
patient63828,1
patient63829,2
patient63830,1
patient63831,1
patient63832,1
patient63833,1
patient63834,1
patient63835,1
patient63836,1
patient63837,1
patient63838,1
patient63839,2
patient63840,1
patient63841,1
patient63842,1
patient63843,1
patient63844,1
patient63845,1
patient63846,1
patient63847,1
patient63848,1
patient63849,1
patient63850,1
patient63851,1
patient63852,1
patient63853,1
patient63854,1
patient63855,1
patient63856,1
patient63857,1
patient63858,1
patient63859,1
patient63860,1
patient63861,1
patient63862,1
patient63863,1
patient63864,2
patient63865,2
patient63866,2
patient63867,1
patient63868,1
patient63869,1
patient63870,1
patient63871,1
patient63872,1
patient63873,1
patient63874,1
patient63875,1
patient63876,1
patient63877,1
patient63878,1
patient63879,1
patient63880,1
patient63881,1
patient63882,1
patient63883,1
patient63884,1
patient63885,1
patient63886,2
patient63887,1
patient63888,1
patient63889,1
patient63890,1
patient63891,2
patient63892,1
patient63893,1
patient63894,1
patient63895,1
patient63896,1
patient63897,1
patient63898,1
patient63899,1
patient63900,1
patient63901,1
patient63902,2
patient63903,1
patient63904,1
patient63905,1
patient63906,1
patient63907,1
patient63908,1
patient63909,1
patient63910,2
patient63911,1
patient63912,1
patient63913,1
patient63914,1
patient63915,1
patient63916,1
patient63917,1
patient63918,1
patient63919,1
patient63920,1
patient63921,1
patient63922,1
patient63923,1
patient63924,1
patient63925,1
patient63926,2
patient63927,1
patient63928,1
patient63929,1
patient63930,1
patient63931,1
patient63932,1
patient63933,1
patient63934,2
patient63935,1
patient63936,1
patient63937,1
patient63938,2
patient63939,1
patient63940,1
patient63941,1
patient63942,1
patient63943,1
patient63944,1
patient63945,1
patient63946,1
patient63947,1
patient63948,1
patient63949,1
patient63950,1
patient63951,2
patient63952,1
patient63953,1
patient63954,1
patient63955,2
patient63956,1
patient63957,1
patient63958,1
patient63959,1
patient63960,1
patient63961,2
patient63962,1
patient63963,1
patient63964,1
patient63965,1
patient63966,1
patient63967,1
patient63968,1
patient63969,1
patient63970,1
patient63971,1
patient63972,1
patient63973,1
patient63974,1
patient63975,1
patient63976,1
patient63977,1
patient63978,1
patient63979,1
patient63980,1
patient63981,1
patient63982,1
patient63983,1
patient63984,1
patient63985,1
patient63986,1
patient63987,2
patient63988,1
patient63989,1
patient63990,1
patient63991,1
patient63992,1
patient63993,1
patient63994,1
patient63995,1
patient63996,1
patient63997,1
patient63998,1
patient63999,1
patient64000,2
patient64001,1
patient64002,1
patient64003,3
patient64004,1
patient64005,1
patient64006,1
patient64007,1
patient64008,1
patient64009,1
patient64010,1
patient64011,1
patient64012,1
patient64013,2
patient64014,1
patient64015,1
patient64016,2
patient64017,1
patient64018,1
patient64019,2
patient64020,1
patient64021,1
patient64022,1
patient64023,1
patient64024,1
patient64025,1
patient64026,1
patient64027,1
patient64028,1
patient64029,1
patient64030,1
patient64031,1
patient64032,1
patient64033,1
patient64034,1
patient64035,1
patient64036,1
patient64037,2
patient64038,2
patient64039,1
patient64040,1
patient64041,1
patient64042,2
patient64043,1
patient64044,1
patient64045,1
patient64046,1
patient64047,1
patient64048,2
patient64049,1
patient64050,1
patient64051,1
patient64052,1
patient64053,1
patient64054,1
patient64055,2
patient64056,2
patient64057,1
patient64058,1
patient64059,2
patient64060,1
patient64061,1
patient64062,1
patient64063,1
patient64064,1
patient64065,1
patient64066,1
patient64067,1
patient64068,1
patient64069,1
patient64070,1
patient64071,1
patient64072,1
patient64073,1
patient64074,3
patient64075,1
patient64076,1
patient64077,1
patient64078,1
patient64079,1
patient64080,1
patient64081,1
patient64082,1
patient64083,2
patient64084,5
patient64085,1
patient64086,1
patient64087,1
patient64088,1
patient64089,1
patient64090,1
patient64091,1
patient64092,1
patient64093,1
patient64094,1
patient64095,2
patient64096,1
patient64097,1
patient64098,1
patient64099,1
patient64100,1
patient64101,1
patient64102,1
patient64103,1
patient64104,1
patient64105,1
patient64106,1
patient64107,1
patient64108,1
patient64109,1
patient64110,1
patient64111,1
patient64112,1
patient64113,1
patient64114,2
patient64115,1
patient64116,1
patient64117,1
patient64118,1
patient64119,1
patient64120,1
patient64121,1
patient64122,1
patient64123,1
patient64124,1
patient64125,1
patient64126,1
patient64127,1
patient64128,1
patient64129,1
patient64130,1
patient64131,1
patient64132,1
patient64133,1
patient64134,1
patient64135,1
patient64136,1
patient64137,1
patient64138,2
patient64139,1
patient64140,2
patient64141,1
patient64142,1
patient64143,2
patient64144,1
patient64145,1
patient64146,2
patient64147,1
patient64148,1
patient64149,1
patient64150,1
patient64151,1
patient64152,1
patient64153,1
patient64154,1
patient64155,1
patient64156,1
patient64157,1
patient64158,1
patient64159,1
patient64160,1
patient64161,1
patient64162,1
patient64163,1
patient64164,1
patient64165,1
patient64166,1
patient64167,1
patient64168,1
patient64169,1
patient64170,1
patient64171,1
patient64172,1
patient64173,1
patient64174,1
patient64175,1
patient64176,1
patient64177,1
patient64178,1
patient64179,1
patient64180,1
patient64181,1
patient64182,1
patient64183,1
patient64184,1
patient64185,1
patient64186,1
patient64187,1
patient64188,1
patient64189,1
patient64190,1
patient64191,1
patient64192,1
patient64193,1
patient64194,1
patient64195,1
patient64196,1
patient64197,1
patient64198,1
patient64199,2
patient64200,1
patient64201,1
patient64202,1
patient64203,1
patient64204,1
patient64205,1
patient64206,1
patient64207,1
patient64208,1
patient64209,1
patient64210,1
patient64211,1
patient64212,1
patient64213,1
patient64214,1
patient64215,1
patient64216,1
patient64217,1
patient64218,1
patient64219,1
patient64220,1
patient64221,1
patient64222,1
patient64223,1
patient64224,1
patient64225,1
patient64226,1
patient64227,1
patient64228,1
patient64229,1
patient64230,1
patient64231,1
patient64232,1
patient64233,1
patient64234,1
patient64235,1
patient64236,1
patient64237,1
patient64238,1
patient64239,1
patient64240,1
patient64241,1
patient64242,1
patient64243,1
patient64244,1
patient64245,1
patient64246,1
patient64247,1
patient64248,2
patient64249,2
patient64250,1
patient64251,1
patient64252,2
patient64253,1
patient64254,1
patient64255,1
patient64256,1
patient64257,1
patient64258,1
patient64259,1
patient64260,1
patient64261,1
patient64262,1
patient64263,1
patient64264,1
patient64265,1
patient64266,1
patient64267,1
patient64268,1
patient64269,1
patient64270,1
patient64271,1
patient64272,1
patient64273,1
patient64274,1
patient64275,1
patient64276,1
patient64277,2
patient64278,1
patient64279,1
patient64280,1
patient64281,1
patient64282,1
patient64283,1
patient64284,1
patient64285,1
patient64286,1
patient64287,1
patient64288,1
patient64289,1
patient64290,1
patient64291,1
patient64292,1
patient64293,1
patient64294,1
patient64295,1
patient64296,1
patient64297,1
patient64298,1
patient64299,1
patient64300,1
patient64301,1
patient64302,1
patient64303,1
patient64304,1
patient64305,1
patient64306,1
patient64307,1
patient64308,1
patient64309,1
patient64310,1
patient64311,1
patient64312,1
patient64313,1
patient64314,3
patient64315,2
patient64316,1
patient64317,1
patient64318,1
patient64319,1
patient64320,1
patient64321,1
patient64323,1
patient64324,1
patient64325,1
patient64326,1
patient64327,1
patient64328,3
patient64329,1
patient64330,1
patient64331,1
patient64332,1
patient64333,1
patient64334,1
patient64335,1
patient64336,1
patient64337,1
patient64338,1
patient64339,1
patient64340,1
patient64341,1
patient64342,1
patient64343,1
patient64344,1
patient64345,1
patient64346,1
patient64347,1
patient64348,1
patient64349,1
patient64350,2
patient64351,1
patient64352,1
patient64353,1
patient64354,1
patient64355,1
patient64356,1
patient64357,2
patient64358,1
patient64359,1
patient64360,1
patient64361,1
patient64362,1
patient64363,1
patient64364,1
patient64365,1
patient64366,1
patient64367,1
patient64368,1
patient64369,1
patient64370,1
patient64371,1
patient64372,1
patient64373,1
patient64374,1
patient64375,1
patient64376,1
patient64377,1
patient64378,1
patient64379,2
patient64380,1
patient64381,1
patient64382,1
patient64383,1
patient64384,1
patient64385,1
patient64386,1
patient64387,1
patient64388,1
patient64389,1
patient64390,1
patient64391,1
patient64392,1
patient64393,1
patient64394,1
patient64395,1
patient64396,1
patient64397,2
patient64398,1
patient64399,1
patient64400,1
patient64401,2
patient64402,1
patient64403,1
patient64404,1
patient64405,1
patient64406,1
patient64407,2
patient64408,1
patient64409,1
patient64410,1
patient64411,1
patient64412,1
patient64413,1
patient64414,1
patient64415,1
patient64416,1
patient64417,1
patient64418,1
patient64419,1
patient64420,1
patient64421,1
patient64422,1
patient64423,1
patient64424,1
patient64425,1
patient64426,1
patient64427,1
patient64428,1
patient64429,1
patient64430,1
patient64431,1
patient64432,2
patient64433,2
patient64434,1
patient64435,1
patient64436,1
patient64437,1
patient64438,2
patient64439,1
patient64440,1
patient64441,2
patient64442,1
patient64443,1
patient64444,1
patient64445,1
patient64446,1
patient64447,1
patient64448,1
patient64449,2
patient64450,1
patient64451,1
patient64452,1
patient64453,1
patient64454,1
patient64455,1
patient64456,1
patient64457,1
patient64458,1
patient64459,1
patient64460,1
patient64461,1
patient64462,2
patient64463,1
patient64464,1
patient64465,1
patient64466,1
patient64467,4
patient64468,1
patient64469,1
patient64470,1
patient64471,1
patient64472,1
patient64473,1
patient64474,1
patient64475,1
patient64476,1
patient64477,1
patient64478,1
patient64479,1
patient64480,1
patient64481,1
patient64482,2
patient64483,3
patient64484,1
patient64485,1
patient64486,1
patient64487,1
patient64488,1
patient64489,1
patient64490,1
patient64491,2
patient64492,1
patient64493,1
patient64494,1
patient64495,1
patient64496,1
patient64497,1
patient64498,1
patient64499,1
patient64500,1
patient64501,1
patient64502,1
patient64503,1
patient64504,1
patient64505,1
patient64506,1
patient64507,1
patient64508,1
patient64509,2
patient64510,1
patient64511,1
patient64512,1
patient64513,1
patient64514,1
patient64515,1
patient64516,1
patient64517,1
patient64518,1
patient64519,1
patient64520,1
patient64521,1
patient64522,1
patient64523,1
patient64524,1
patient64525,1
patient64526,1
patient64527,2
patient64528,1
patient64529,1
patient64530,1
patient64531,1
patient64532,1
patient64533,2
patient64534,1
patient64535,1
patient64536,2
patient64537,2
patient64538,1
patient64539,1
patient64540,1
patient64541,1
patient64542,2
patient64543,1
patient64544,1
patient64545,1
patient64546,1
patient64547,3
patient64548,1
patient64549,1
patient64550,1
patient64551,2
patient64552,1
patient64553,1
patient64554,1
patient64555,1
patient64556,2
patient64557,1
patient64558,2
patient64559,2
patient64560,2
patient64561,1
patient64562,1
patient64563,1
patient64564,1
patient64565,1
patient64566,2
patient64567,2
patient64568,1
patient64569,1
patient64570,2
patient64571,1
patient64572,1
patient64573,1
patient64574,1
patient64575,2
patient64576,1
patient64577,1
patient64578,1
patient64579,1
patient64580,1
patient64581,3
patient64582,1
patient64583,1
patient64584,2
patient64585,1
patient64586,1
patient64587,1
patient64588,2
patient64589,2
patient64590,2
patient64591,1
patient64592,1
patient64593,1
patient64594,2
patient64595,2
patient64596,1
patient64597,2
patient64598,1
patient64599,2
patient64600,2
patient64601,1
patient64602,1
patient64603,1
patient64604,1
patient64605,1
patient64606,2
patient64607,1
patient64608,2
patient64609,1
patient64610,1
patient64611,1
patient64612,1
patient64613,2
patient64614,1
patient64615,2
patient64616,3
patient64617,1
patient64618,2
patient64619,1
patient64620,1
patient64621,1
patient64622,1
patient64623,1
patient64624,1
patient64625,2
patient64626,1
patient64627,1
patient64628,1
patient64629,1
patient64630,1
patient64631,1
patient64632,1
patient64633,1
patient64634,1
patient64635,1
patient64636,1
patient64637,1
patient64638,1
patient64639,1
patient64640,2
patient64641,1
patient64642,1
patient64643,1
patient64644,1
patient64645,1
patient64646,1
patient64647,1
patient64648,1
patient64649,1
patient64650,1
patient64651,1
patient64652,1
patient64653,1
patient64654,1
patient64655,1
patient64656,1
patient64657,1
patient64658,1
patient64659,1
patient64660,1
patient64661,1
patient64662,1
patient64663,1
patient64664,1
patient64665,1
patient64666,1
patient64667,1
patient64668,1
patient64669,1
patient64670,1
patient64671,1
patient64672,1
patient64673,1
patient64674,1
patient64675,1
patient64676,2
patient64677,1
patient64678,1
patient64679,1
patient64680,1
patient64681,1
patient64682,1
patient64683,1
patient64684,1
patient64685,1
patient64686,1
patient64687,1
patient64688,1
patient64689,1
patient64690,1
patient64691,1
patient64692,1
patient64693,1
patient64694,1
patient64695,1
patient64696,1
patient64697,1
patient64698,1
patient64699,1
patient64700,1
patient64701,1
patient64702,1
patient64703,1
patient64704,1
patient64705,2
patient64706,1
patient64707,1
patient64708,1
patient64709,1
patient64710,1
patient64711,1
patient64712,1
patient64713,1
patient64714,1
patient64715,1
patient64716,1
patient64717,1
patient64718,1
patient64719,1
patient64720,1
patient64721,1
patient64722,1
patient64723,1
patient64724,1
patient64725,1
patient64726,1
patient64727,1
patient64728,1
patient64729,1
patient64730,1
patient64731,1
patient64732,1
patient64733,1
patient64734,1
patient64735,1
patient64736,1
patient64737,1
patient64738,1
patient64739,1
patient64740,1
